ST_CASE,VEH_NO,PER_NO,YEAR,P1,P2,P3,P4,P5,P6,P7,P8,P9,P10
50464,1,1,1994,0,0,0,0,8,0,10,0,0,0
50464,2,1,1994,0,0,0,0,0,0,0,0,0,0
50464,3,1,1994,0,0,0,0,0,0,0,0,0,0
50465,1,1,1994,0,0,0,0,0,0,0,1,0,18
50465,2,1,1994,0,0,0,0,0,0,0,0,0,10
50466,1,1,1994,0,0,0,17,0,0,0,0,0,0
50466,2,1,1994,0,0,0,0,0,0,0,0,0,0
50467,0,1,1994,0,0,0,0,0,0,0,0,0,0
50467,1,1,1994,0,0,0,0,0,0,0,0,0,0
50468,1,1,1994,0,0,0,0,0,0,0,0,0,0
50468,2,1,1994,0,0,0,0,0,0,0,0,0,0
50469,1,1,1994,34,34,34,34,34,34,34,34,34,34
50470,1,1,1994,0,0,0,0,0,0,0,0,0,0
50471,1,1,1994,0,0,0,0,0,0,0,0,0,0
50471,2,1,1994,0,0,0,0,0,0,0,0,0,0
50472,1,1,1994,14,14,14,14,14,14,14,14,14,14
50473,1,1,1994,0,0,0,0,0,0,0,0,0,0
50473,2,1,1994,0,0,0,0,0,0,0,0,0,0
50474,1,1,1994,0,0,0,0,0,0,0,0,0,0
50474,2,1,1994,0,0,0,0,0,0,0,0,0,0
50475,1,1,1994,0,0,0,0,0,0,0,0,0,0
50475,2,1,1994,0,0,0,0,0,0,0,0,0,0
50476,1,1,1994,0,0,0,0,0,0,0,0,0,0
50476,2,1,1994,0,0,0,0,0,0,0,0,0,0
50476,3,1,1994,0,0,0,0,0,0,0,0,0,0
50477,1,1,1994,0,0,0,0,0,0,0,0,0,0
50477,2,1,1994,0,16,0,0,0,0,0,0,0,0
50478,0,1,1994,0,0,0,0,0,0,0,16,0,0
50478,1,1,1994,0,0,0,0,0,0,0,0,0,0
50479,1,1,1994,22,22,22,22,22,22,22,22,22,22
50479,2,1,1994,0,0,0,0,0,0,0,0,0,0
50480,0,1,1994,0,0,0,0,0,0,0,0,0,0
50480,1,1,1994,0,0,0,0,0,0,0,0,0,0
50481,0,1,1994,0,0,0,0,0,0,0,0,0,0
50481,1,1,1994,13,0,0,0,0,0,0,0,0,0
50481,2,1,1994,0,0,0,0,0,0,0,0,0,0
50482,1,1,1994,0,0,0,0,0,0,0,0,0,0
50482,2,1,1994,0,0,0,0,0,0,0,0,0,0
50483,1,1,1994,0,0,0,0,0,0,0,0,0,0
50483,2,1,1994,0,0,0,0,0,0,6,0,0,0
50484,1,1,1994,13,13,13,13,13,13,13,13,13,13
50485,1,1,1994,7,7,7,7,7,7,7,7,7,7
50485,2,1,1994,0,0,0,0,0,0,0,0,0,0
50485,3,1,1994,0,0,0,0,0,0,0,0,0,0
50486,1,1,1994,15,15,15,15,15,15,15,15,15,15
50487,1,1,1994,9,9,9,9,9,9,9,9,9,9
50488,1,1,1994,0,0,0,0,0,0,0,0,0,0
50488,2,1,1994,0,0,0,0,0,0,0,0,0,0
50489,1,1,1994,0,0,0,0,0,0,0,0,0,0
50489,2,1,1994,0,0,0,0,0,3,0,0,0,0
50489,3,1,1994,0,0,0,0,0,0,0,0,0,0
50491,1,1,1994,0,0,0,0,0,0,0,0,0,0
50491,2,1,1994,10,10,10,10,10,10,10,10,10,10
50491,3,1,1994,0,0,0,0,0,0,0,0,0,0
50492,1,1,1994,11,11,11,11,11,11,11,11,11,11
50493,1,1,1994,0,0,0,0,0,0,0,0,0,0
50493,2,1,1994,0,0,0,0,0,0,0,0,0,0
50494,1,1,1994,0,0,0,0,0,0,0,0,0,0
50494,2,1,1994,11,11,11,11,11,11,11,11,11,11
50495,1,1,1994,0,0,0,0,0,0,0,0,0,0
50496,0,1,1994,32,0,0,0,0,0,0,10,0,18
50496,1,1,1994,16,0,0,0,0,0,7,0,0,0
50497,1,1,1994,21,21,21,21,21,21,21,21,21,21
50497,2,1,1994,0,0,0,0,0,0,0,0,0,0
50498,1,1,1994,0,0,0,0,0,0,0,18,0,0
50498,2,1,1994,0,0,0,0,0,0,0,0,0,0
50499,1,1,1994,0,15,14,0,9,0,0,0,11,0
50499,2,1,1994,0,0,0,0,0,0,0,0,0,0
50499,3,1,1994,0,0,0,0,0,0,0,0,0,17
50500,0,1,1994,0,24,0,0,0,0,0,0,0,0
50500,1,1,1994,0,0,0,0,0,0,0,0,0,0
50501,1,1,1994,0,0,0,0,0,0,0,0,0,0
50501,2,1,1994,0,0,0,0,0,0,0,4,0,0
50502,1,1,1994,9,9,9,9,9,9,9,9,9,9
50502,2,1,1994,0,0,0,0,0,0,0,0,0,0
50503,1,1,1994,0,0,0,0,0,0,0,0,0,0
50503,2,1,1994,0,0,0,0,0,0,0,0,0,0
50504,1,1,1994,0,0,0,0,0,0,0,0,0,0
50504,2,1,1994,0,0,0,0,0,0,0,0,0,0
50505,1,1,1994,0,0,0,0,0,0,0,0,0,0
50505,2,1,1994,0,0,0,0,0,0,0,0,0,0
50505,3,1,1994,0,0,0,0,0,0,0,0,0,16
50506,1,1,1994,0,0,0,0,0,0,0,0,0,0
50507,1,1,1994,0,0,0,0,0,0,0,0,0,0
50507,2,1,1994,15,15,15,15,15,15,15,15,15,15
50508,1,1,1994,20,0,0,0,0,0,0,0,0,0
50508,2,1,1994,0,0,0,0,0,0,0,0,0,0
50509,1,1,1994,0,0,0,0,0,0,0,0,0,0
50510,0,1,1994,0,0,0,0,0,0,0,0,0,0
50510,1,1,1994,0,0,33,22,0,0,0,0,0,0
50511,1,1,1994,22,22,22,22,22,22,22,22,22,22
50512,1,1,1994,7,7,7,7,7,7,7,7,7,7
50513,1,1,1994,0,0,0,0,0,0,0,0,0,0
50513,2,1,1994,0,0,0,0,0,0,0,0,0,0
50514,1,1,1994,0,0,0,24,0,0,0,0,0,0
50514,2,1,1994,0,0,0,0,0,0,0,0,0,0
50515,1,1,1994,0,0,0,0,0,0,0,0,0,0
50515,2,1,1994,0,0,0,0,0,0,0,0,0,0
50517,1,1,1994,0,0,0,0,0,0,0,0,0,0
50517,2,1,1994,0,0,0,0,0,0,0,0,0,0
50518,1,1,1994,0,19,16,0,9,0,0,0,0,0
50518,2,1,1994,0,0,0,0,0,0,0,0,0,0
50519,0,1,1994,0,0,0,0,0,0,0,0,0,0
50519,1,1,1994,0,0,0,0,0,0,0,0,0,0
50520,1,1,1994,19,16,6,12,22,22,10,30,0,24
50521,1,1,1994,1,1,1,1,1,1,1,1,1,1
50521,2,1,1994,19,19,19,19,19,19,19,19,19,19
50522,1,1,1994,0,0,0,0,0,0,0,0,0,0
50522,2,1,1994,0,0,0,0,0,0,0,0,0,0
50523,1,1,1994,0,0,0,0,0,0,19,0,0,0
50523,2,1,1994,33,33,33,33,33,33,33,33,33,33
50524,1,1,1994,17,17,17,17,17,17,17,17,17,17
50525,2,1,1994,0,0,0,0,0,0,0,0,0,0
50526,1,1,1994,31,31,31,31,31,31,31,31,31,31
50527,1,1,1994,0,0,0,0,0,0,0,0,0,0
50528,1,1,1994,0,0,0,0,0,0,0,0,0,0
50528,2,1,1994,0,0,0,0,0,0,0,0,0,0
50529,1,1,1994,0,0,0,0,0,0,0,0,0,0
50530,1,1,1994,0,0,0,0,0,0,14,0,0,0
50530,2,1,1994,14,0,0,0,0,0,0,0,0,0
50531,1,1,1994,0,0,0,21,0,0,0,7,0,0
50531,2,1,1994,0,0,0,0,0,0,0,0,0,0
50532,1,1,1994,15,21,17,0,17,14,35,26,38,22
50533,1,1,1994,0,0,0,0,0,18,0,0,19,0
50533,2,1,1994,5,5,5,5,5,5,5,5,5,5
50534,1,1,1994,15,15,15,15,15,15,15,15,15,15
50535,1,1,1994,0,0,0,0,0,0,0,0,0,0
50535,2,1,1994,20,20,20,20,20,20,20,20,20,20
50536,1,1,1994,0,0,0,0,0,0,0,0,0,0
50537,1,1,1994,29,29,29,29,29,29,29,29,29,29
50537,2,1,1994,0,3,0,0,0,0,0,0,0,0
50538,1,1,1994,18,18,18,18,18,18,18,18,18,18
50540,1,1,1994,1,1,1,1,1,1,1,1,1,1
50540,2,1,1994,0,0,0,0,0,0,0,0,0,0
50540,3,1,1994,0,0,0,0,0,0,0,0,0,0
50541,1,1,1994,23,23,23,23,23,23,23,23,23,23
50541,2,1,1994,16,7,0,0,14,0,0,7,8,0
50542,1,1,1994,10,10,10,10,10,10,10,10,10,10
50543,1,1,1994,0,0,0,14,0,0,0,0,0,0
50544,1,1,1994,0,0,0,0,0,0,0,0,0,28
50544,2,1,1994,0,0,0,0,0,0,0,0,0,0
50545,0,1,1994,0,0,0,0,0,0,0,0,0,0
50545,1,1,1994,0,0,0,0,0,0,0,0,0,0
50546,1,1,1994,16,16,16,16,16,16,16,16,16,16
50547,1,1,1994,0,0,0,0,0,0,0,0,0,0
50548,1,1,1994,1,1,1,1,1,1,1,1,1,1
50549,1,1,1994,0,0,0,0,0,0,0,0,0,0
50549,2,1,1994,0,0,0,0,0,0,0,0,0,0
50550,0,1,1994,0,0,0,9,0,0,14,0,0,0
50550,1,1,1994,0,0,11,0,0,0,17,0,0,0
50551,0,1,1994,0,0,0,0,0,0,0,0,0,0
50551,1,1,1994,0,0,0,0,0,10,0,0,0,0
50552,1,3,1994,5,0,0,14,8,0,0,0,13,0
50553,1,1,1994,11,11,11,11,11,11,11,11,11,11
50553,2,1,1994,0,0,0,0,0,0,0,0,0,0
50555,1,1,1994,0,0,0,0,0,0,0,0,0,0
50555,2,1,1994,0,0,0,2,0,0,0,0,0,0
80001,1,1,1994,0,0,0,0,0,0,0,0,0,0
80002,1,1,1994,19,19,19,19,19,19,19,19,19,19
80002,2,1,1994,0,0,0,0,0,0,0,0,0,0
80003,1,1,1994,0,0,0,0,0,0,0,0,0,0
80004,1,1,1994,19,19,19,19,19,19,19,19,19,19
80004,2,1,1994,0,0,0,0,0,0,0,0,0,0
80005,1,1,1994,0,0,0,0,0,0,0,0,0,0
80006,1,1,1994,0,0,0,0,0,0,0,0,0,0
80007,1,1,1994,0,0,0,0,0,0,0,14,0,0
80008,0,1,1994,11,37,6,13,12,10,26,12,0,19
80008,1,1,1994,27,8,32,0,0,0,0,0,0,13
80008,2,1,1994,0,0,0,0,0,0,0,0,0,0
80009,1,1,1994,34,34,34,34,34,34,34,34,34,34
80010,1,1,1994,0,0,0,0,0,0,0,0,0,0
80010,2,1,1994,0,0,0,0,0,19,0,0,0,0
80011,1,1,1994,0,0,0,0,0,0,0,0,0,0
80012,1,1,1994,0,0,0,0,0,0,0,0,0,0
80012,2,1,1994,0,0,0,0,0,0,0,0,0,0
80013,1,1,1994,5,5,5,5,5,5,5,5,5,5
80013,2,1,1994,0,0,0,0,0,0,0,0,0,0
80014,1,1,1994,26,26,26,26,26,26,26,26,26,26
80015,1,1,1994,0,0,0,0,0,0,0,0,0,0
80015,2,1,1994,0,0,0,0,0,0,0,0,0,0
80016,1,1,1994,9,9,9,9,9,9,9,9,9,9
80017,1,1,1994,23,23,23,23,23,23,23,23,23,23
80018,1,1,1994,0,0,0,0,0,0,0,0,0,0
80019,1,1,1994,14,14,14,14,14,14,14,14,14,14
80019,2,1,1994,0,0,0,0,0,0,25,0,0,0
80019,3,1,1994,0,0,0,0,0,0,0,0,0,0
80020,1,1,1994,12,12,12,12,12,12,12,12,12,12
80021,1,1,1994,36,36,36,36,36,36,36,36,36,36
80021,2,1,1994,0,0,0,0,0,0,0,0,0,0
80022,0,1,1994,14,14,14,14,14,14,14,14,14,14
80022,1,1,1994,0,0,0,0,0,0,0,0,0,0
80023,1,1,1994,0,0,0,0,0,0,0,0,0,0
80024,1,1,1994,0,0,0,0,0,0,0,0,0,0
80024,2,1,1994,0,0,0,0,0,0,0,0,0,0
80025,0,1,1994,0,0,26,0,0,0,0,0,0,23
80025,1,1,1994,0,0,0,0,0,0,0,0,0,0
80026,1,1,1994,0,0,0,0,0,0,0,0,0,0
80026,2,1,1994,0,0,0,0,0,0,0,0,0,0
80027,1,1,1994,0,0,0,0,0,0,0,0,0,0
80027,2,1,1994,0,0,0,0,0,0,0,0,0,11
80028,1,1,1994,0,0,0,0,0,0,0,0,0,0
80029,1,1,1994,0,0,0,0,0,0,0,0,0,0
80029,2,1,1994,0,0,0,0,0,0,0,0,0,0
80029,3,1,1994,0,0,0,0,0,0,0,0,0,0
80030,1,1,1994,16,16,16,16,16,16,16,16,16,16
80030,2,1,1994,0,0,0,0,0,0,0,0,0,0
80031,0,1,1994,0,0,0,0,0,32,0,0,0,6
80031,1,1,1994,2,2,2,2,2,2,2,2,2,2
80032,1,1,1994,23,23,23,23,23,23,23,23,23,23
80032,2,1,1994,0,0,0,0,0,0,0,0,0,0
80033,1,1,1994,23,23,23,23,23,23,23,23,23,23
80034,0,1,1994,0,0,0,0,0,0,0,0,0,0
80034,1,1,1994,0,0,0,0,0,0,0,0,0,0
80035,1,1,1994,0,0,0,0,0,0,0,0,0,0
80035,2,1,1994,0,0,0,0,0,0,0,0,0,0
80036,1,1,1994,29,29,29,29,29,29,29,29,29,29
80036,2,1,1994,0,0,0,0,0,0,0,0,0,0
80036,3,1,1994,0,0,0,0,0,0,0,0,0,0
80036,4,1,1994,0,0,0,0,0,0,13,0,0,0
80036,5,1,1994,0,0,0,0,0,0,0,0,0,0
80037,1,1,1994,0,0,0,0,0,0,0,0,0,0
80037,2,1,1994,0,0,0,0,0,13,0,0,0,0
80038,1,1,1994,0,0,0,0,0,0,0,0,0,0
80039,1,1,1994,0,0,0,0,0,0,0,0,0,0
80040,1,1,1994,21,21,21,21,21,21,21,21,21,21
80041,1,1,1994,0,0,0,0,0,0,0,0,0,0
80041,2,1,1994,0,0,0,0,0,0,0,0,0,0
80042,1,1,1994,18,18,18,18,18,18,18,18,18,18
80043,1,1,1994,0,0,0,0,0,0,0,0,0,0
80044,1,1,1994,3,3,3,3,3,3,3,3,3,3
80044,2,1,1994,1,1,1,1,1,1,1,1,1,1
80046,1,1,1994,0,0,0,0,0,0,0,0,0,0
80046,2,1,1994,0,0,0,0,0,0,15,0,0,0
80047,1,1,1994,12,12,12,12,12,12,12,12,12,12
80047,2,1,1994,0,0,7,0,0,0,0,0,0,0
80047,3,1,1994,0,0,0,0,0,0,0,0,0,0
80047,4,1,1994,0,0,0,0,0,0,0,0,0,0
80048,1,1,1994,4,4,4,4,4,4,4,4,4,4
80049,1,1,1994,32,32,32,32,32,32,32,32,32,32
80049,2,1,1994,0,0,0,0,0,0,0,0,0,0
80049,3,1,1994,0,0,0,0,0,0,0,0,0,0
80049,4,1,1994,0,0,0,0,0,0,0,0,0,0
80050,1,1,1994,14,14,14,14,14,14,14,14,14,14
80050,2,1,1994,0,0,0,0,0,0,0,0,0,0
80050,3,1,1994,9,9,9,9,9,9,9,9,9,9
80051,1,1,1994,28,28,28,28,28,28,28,28,28,28
80052,1,1,1994,25,25,25,25,25,25,25,25,25,25
80053,1,1,1994,0,0,0,0,0,0,4,0,0,0
80054,1,1,1994,0,0,0,0,0,0,0,0,0,0
80055,1,1,1994,0,15,0,0,0,0,0,0,0,0
80056,1,1,1994,0,0,0,0,0,0,0,0,0,0
80056,2,1,1994,0,0,0,0,0,0,0,0,0,0
80057,0,1,1994,0,0,0,0,0,0,0,0,0,0
80057,1,1,1994,0,0,0,0,0,0,0,0,0,0
80058,1,1,1994,0,0,0,0,0,0,0,0,0,0
80059,1,1,1994,0,0,0,0,0,0,0,0,0,0
80059,2,1,1994,0,0,0,0,0,0,0,0,0,0
80060,1,1,1994,28,28,28,28,28,28,28,28,28,28
80060,2,1,1994,0,0,11,0,0,0,0,0,0,0
80061,1,1,1994,0,0,0,0,0,0,0,0,0,0
80061,2,1,1994,0,0,0,0,0,0,0,0,0,0
80062,1,1,1994,12,12,12,12,12,12,12,12,12,12
80063,1,1,1994,20,20,20,20,20,20,20,20,20,20
80064,1,1,1994,21,21,21,21,21,21,21,21,21,21
80065,1,1,1994,0,0,0,0,0,0,0,0,0,0
80066,1,1,1994,0,0,0,0,0,0,0,0,0,0
80067,1,1,1994,0,0,0,0,0,0,0,0,0,0
80067,2,1,1994,0,0,0,0,0,0,0,0,0,0
80068,1,1,1994,0,0,0,0,0,0,0,0,0,0
80068,2,1,1994,0,0,0,0,0,0,0,0,0,0
80068,3,1,1994,0,0,0,0,0,0,0,0,0,0
80069,1,1,1994,0,0,0,0,0,0,0,0,0,0
80070,1,1,1994,0,0,0,0,0,0,0,0,0,0
80070,2,1,1994,0,0,0,0,0,0,0,0,0,0
80070,3,1,1994,0,0,0,0,0,0,0,0,0,0
80071,1,1,1994,13,13,13,13,13,13,13,13,13,13
80072,1,1,1994,37,37,37,37,37,37,37,37,37,37
80073,1,1,1994,32,32,32,32,32,32,32,32,32,32
80073,2,1,1994,0,0,0,0,0,8,0,12,0,0
80074,1,1,1994,20,20,20,20,20,20,20,20,20,20
80075,1,1,1994,8,8,8,8,8,8,8,8,8,8
80076,1,1,1994,48,48,48,48,48,48,48,48,48,48
80077,1,1,1994,25,25,25,25,25,25,25,25,25,25
80078,1,1,1994,0,0,0,0,0,0,0,0,0,0
80079,1,1,1994,20,20,20,20,20,20,20,20,20,20
80080,1,1,1994,21,21,21,21,21,21,21,21,21,21
80080,2,1,1994,24,24,24,24,24,24,24,24,24,24
80081,1,1,1994,13,13,13,13,13,13,13,13,13,13
80082,1,1,1994,0,0,0,0,0,0,0,0,0,0
80083,1,1,1994,0,0,0,0,0,0,0,0,0,0
80084,1,1,1994,0,0,0,0,0,0,0,0,0,0
80084,2,1,1994,0,0,0,0,0,0,0,0,0,0
80085,1,1,1994,0,0,0,0,0,0,0,0,0,0
80085,2,1,1994,0,0,0,0,0,0,0,0,0,0
80086,1,1,1994,0,0,0,0,0,0,0,0,0,0
80087,1,1,1994,9,9,9,9,9,9,9,9,9,9
80088,1,1,1994,0,0,0,0,0,0,0,0,0,0
80089,1,1,1994,0,0,0,0,0,0,0,0,0,0
80089,2,1,1994,0,0,0,0,0,0,0,0,0,0
80090,1,1,1994,0,0,0,0,0,7,0,0,0,0
80091,1,1,1994,0,0,0,0,0,0,0,0,0,0
80091,2,1,1994,0,0,0,0,0,0,0,0,0,0
80092,1,1,1994,20,20,20,20,20,20,20,20,20,20
80093,1,1,1994,0,0,0,0,0,0,0,0,0,0
80093,2,1,1994,0,0,0,0,0,0,0,0,0,0
80093,3,1,1994,0,0,0,0,0,0,15,0,0,0
80094,1,1,1994,25,25,25,25,25,25,25,25,25,25
80094,2,1,1994,28,28,28,28,28,28,28,28,28,28
80095,1,1,1994,0,0,0,0,0,0,0,0,0,0
80095,2,1,1994,0,0,0,0,0,0,0,0,0,0
80096,1,1,1994,16,16,16,16,16,16,16,16,16,16
80098,1,1,1994,22,22,22,22,22,22,22,22,22,22
80098,2,1,1994,0,0,0,0,0,0,0,0,0,0
80099,1,1,1994,18,18,18,18,18,18,18,18,18,18
80100,1,1,1994,0,0,0,0,0,0,0,0,0,0
80101,1,1,1994,0,0,0,0,0,0,0,0,0,0
80102,1,1,1994,23,23,23,23,23,23,23,23,23,23
80103,1,1,1994,0,0,0,0,0,0,0,0,0,0
80104,1,1,1994,0,0,0,0,0,0,0,0,0,0
80104,2,1,1994,0,0,0,0,0,0,0,0,0,0
80105,1,1,1994,1,1,1,1,1,1,1,1,1,1
80106,1,1,1994,0,0,0,0,0,0,0,0,0,0
80106,2,1,1994,11,0,0,0,0,0,0,0,0,0
80108,1,1,1994,0,0,0,0,0,0,0,0,0,0
80108,2,1,1994,0,0,0,0,0,0,0,0,0,0
80109,1,1,1994,0,0,0,0,0,0,0,0,0,0
80109,2,1,1994,0,0,0,0,0,0,0,0,0,0
80110,0,1,1994,0,0,0,0,0,0,0,0,0,0
80110,0,2,1994,0,0,16,0,0,0,0,0,24,22
80110,1,1,1994,0,0,0,0,0,0,0,0,0,0
80111,1,1,1994,0,0,0,0,0,0,0,0,0,0
80111,2,1,1994,0,0,0,0,0,0,0,0,0,0
80112,1,1,1994,0,0,0,0,0,0,0,0,0,0
80112,2,1,1994,0,0,0,0,0,0,0,0,0,0
80112,3,1,1994,0,0,0,0,0,0,0,0,0,0
80113,1,1,1994,0,0,0,0,0,0,0,0,0,0
80113,2,1,1994,14,14,14,14,14,14,14,14,14,14
80113,3,1,1994,0,0,0,0,0,0,0,0,0,0
80113,4,1,1994,0,0,0,0,0,0,0,0,0,0
80113,5,1,1994,0,0,0,0,0,0,0,0,0,0
80114,1,1,1994,0,0,0,0,0,0,0,0,0,0
80115,1,1,1994,12,12,12,12,12,12,12,12,12,12
80116,1,1,1994,10,10,10,10,10,10,10,10,10,10
80116,2,1,1994,0,0,0,0,0,0,0,0,0,0
80117,1,1,1994,0,0,0,0,0,0,0,0,0,0
80117,2,1,1994,0,0,0,0,0,0,0,0,0,0
80118,1,1,1994,0,0,0,0,0,0,0,0,0,0
80119,1,1,1994,3,3,3,3,3,3,3,3,3,3
80120,1,1,1994,21,21,21,21,21,21,21,21,21,21
80121,1,1,1994,22,22,22,22,22,22,22,22,22,22
80122,1,1,1994,0,0,0,0,0,0,0,0,0,0
80123,1,1,1994,0,0,0,0,0,0,0,0,0,0
80123,2,1,1994,0,0,0,0,0,0,0,0,0,0
80124,1,1,1994,0,0,0,0,0,0,0,0,0,0
80124,2,1,1994,0,0,0,0,0,0,0,0,0,0
80125,0,1,1994,0,0,0,0,0,0,0,0,0,0
80125,1,1,1994,0,0,0,0,0,0,0,0,0,0
80126,1,1,1994,12,12,12,12,12,12,12,12,12,12
80126,2,1,1994,1,1,1,1,1,1,1,1,1,1
80127,1,1,1994,19,19,19,19,19,19,19,19,19,19
80128,1,1,1994,0,0,0,0,0,0,0,0,0,0
80129,1,1,1994,21,21,21,21,21,21,21,21,21,21
80130,1,1,1994,0,0,0,0,0,0,0,0,0,0
80131,0,1,1994,32,32,32,32,32,32,32,32,32,32
80131,1,1,1994,0,0,0,0,0,0,0,0,0,0
80132,1,1,1994,0,0,0,0,0,0,0,0,0,0
80133,1,1,1994,0,0,0,0,0,0,0,0,0,0
80133,2,1,1994,0,0,0,0,0,0,0,0,0,0
80134,1,1,1994,0,0,0,0,0,0,0,0,0,0
80134,2,1,1994,0,0,0,0,0,0,0,0,0,0
80135,1,1,1994,0,0,0,0,0,0,0,0,0,0
80135,2,1,1994,0,0,0,0,0,0,0,0,0,0
80135,3,1,1994,0,0,6,0,0,0,0,0,0,0
80136,0,1,1994,0,0,0,0,0,0,0,0,0,0
80136,1,1,1994,0,0,0,0,0,0,0,0,0,0
80137,1,1,1994,28,28,28,28,28,28,28,28,28,28
80138,1,1,1994,19,19,19,19,19,19,19,19,19,19
80139,1,1,1994,12,12,12,12,12,12,12,12,12,12
80139,2,1,1994,0,0,0,0,0,0,0,0,0,0
80140,1,1,1994,22,22,22,22,22,22,22,22,22,22
80141,1,1,1994,0,0,0,0,0,0,0,0,0,0
80141,2,1,1994,0,0,0,0,0,0,0,0,0,0
80142,1,1,1994,0,0,0,0,0,0,0,0,0,0
80142,2,1,1994,30,30,30,30,30,30,30,30,30,30
80143,1,1,1994,0,0,0,0,0,0,0,0,0,0
80143,2,1,1994,0,0,0,0,0,0,0,0,0,0
80144,0,1,1994,0,0,0,0,0,0,0,0,0,0
80144,1,1,1994,0,0,0,0,0,0,0,0,0,0
80145,1,1,1994,0,0,0,0,0,0,0,0,0,0
80145,2,1,1994,0,0,0,0,0,0,0,0,0,0
80146,1,1,1994,11,11,11,11,11,11,11,11,11,11
80146,2,1,1994,0,0,0,0,0,0,0,0,0,0
80147,0,1,1994,17,0,0,0,12,0,0,0,0,0
80147,0,2,1994,0,0,0,0,0,0,0,0,0,0
80147,1,1,1994,0,0,0,0,0,10,0,0,0,0
80148,1,1,1994,0,0,0,0,0,0,0,0,0,0
80149,1,1,1994,0,0,0,0,0,0,0,0,0,0
80150,1,1,1994,0,0,0,0,8,0,0,0,38,7
80151,1,1,1994,13,13,13,13,13,13,13,13,13,13
80152,1,1,1994,0,0,0,0,0,0,0,0,0,0
80152,2,1,1994,0,0,0,0,0,0,0,0,0,0
80153,0,1,1994,0,0,0,0,0,0,14,0,0,0
80153,0,2,1994,0,0,0,0,0,0,0,0,0,0
80153,1,1,1994,22,22,22,22,22,22,22,22,22,22
80154,1,1,1994,0,0,0,0,0,0,0,0,0,0
80154,2,1,1994,0,0,0,0,0,0,0,0,0,0
80155,2,1,1994,0,0,0,0,0,0,0,0,0,0
80156,1,1,1994,0,0,0,0,0,0,0,0,0,0
80156,2,1,1994,0,0,0,0,0,0,0,0,0,0
80157,1,1,1994,3,3,3,3,3,3,3,3,3,3
80158,1,1,1994,28,28,28,28,28,28,28,28,28,28
80159,1,1,1994,15,15,15,15,15,15,15,15,15,15
80160,1,1,1994,0,0,0,0,0,0,0,0,0,0
80161,1,1,1994,8,0,0,0,0,0,0,0,0,0
80162,0,1,1994,0,0,0,0,0,0,0,0,0,0
80162,1,1,1994,0,0,0,0,0,10,16,0,0,0
80163,1,1,1994,0,0,0,0,0,0,0,0,0,0
80164,1,1,1994,0,0,0,0,0,0,0,0,0,0
80164,2,1,1994,0,0,0,0,0,0,0,0,0,0
80165,0,1,1994,31,31,31,31,31,31,31,31,31,31
80165,1,1,1994,0,0,0,0,0,0,0,0,0,0
80166,1,1,1994,0,0,0,0,0,0,0,0,0,0
80166,2,1,1994,0,0,0,0,0,0,0,0,0,0
80167,1,1,1994,0,0,0,0,0,0,0,0,0,0
80167,2,1,1994,0,0,0,0,0,0,0,0,0,0
80169,1,1,1994,0,0,0,0,0,0,0,0,0,0
80170,0,1,1994,40,40,40,40,40,40,40,40,40,40
80170,1,1,1994,0,0,0,0,0,0,0,0,0,0
80171,1,1,1994,21,21,21,21,21,21,21,21,21,21
80172,1,1,1994,0,0,0,0,0,0,0,0,0,0
80172,2,1,1994,0,0,0,0,0,0,0,0,0,0
80173,1,1,1994,15,15,15,15,15,15,15,15,15,15
80174,1,1,1994,0,0,0,0,0,0,0,0,0,0
80174,2,1,1994,0,0,0,0,0,0,0,0,0,0
80174,3,1,1994,0,0,0,4,0,0,0,0,0,0
80175,1,1,1994,0,0,0,0,0,0,0,0,0,0
80175,2,1,1994,0,0,0,0,0,0,0,0,0,0
80176,1,1,1994,8,8,8,8,8,8,8,8,8,8
80177,1,1,1994,0,0,0,0,0,0,0,0,0,0
80177,2,1,1994,17,17,17,17,17,17,17,17,17,17
80178,1,1,1994,15,15,15,15,15,15,15,15,15,15
80179,1,1,1994,0,0,0,0,0,0,0,0,0,0
80179,2,1,1994,0,0,0,0,0,0,0,0,0,0
80180,1,1,1994,15,15,15,15,15,15,15,15,15,15
80181,1,1,1994,28,28,28,28,28,28,28,28,28,28
80181,2,1,1994,0,0,0,0,0,0,0,0,0,0
80182,1,1,1994,0,0,0,0,0,0,0,0,0,0
80182,2,1,1994,0,0,0,13,0,0,0,0,0,7
80183,1,1,1994,0,0,0,0,0,0,0,0,0,0
80183,2,1,1994,0,0,0,11,0,0,0,0,0,0
80184,1,1,1994,0,0,0,0,0,0,0,0,0,0
80185,0,1,1994,0,0,0,0,0,0,0,0,0,0
80185,1,1,1994,0,0,0,0,0,0,0,0,0,0
80186,1,1,1994,0,0,0,0,0,0,0,0,0,0
80186,2,1,1994,0,0,0,0,0,0,0,0,0,0
80187,1,1,1994,6,6,6,6,6,6,6,6,6,6
80188,1,1,1994,0,0,0,0,0,0,0,0,0,0
80189,1,1,1994,0,0,0,0,0,0,0,0,0,0
80189,2,1,1994,0,0,0,0,0,0,0,0,0,0
80190,1,1,1994,0,0,0,0,0,0,0,0,0,0
80191,1,1,1994,31,31,31,31,31,31,31,31,31,31
80192,1,1,1994,11,11,11,11,11,11,11,11,11,11
80193,1,1,1994,10,10,10,10,10,10,10,10,10,10
80194,1,1,1994,27,27,27,27,27,27,27,27,27,27
80195,1,1,1994,0,0,0,0,0,0,0,0,0,0
80196,0,1,1994,0,0,0,0,0,0,0,0,0,0
80196,1,1,1994,0,0,0,0,0,0,0,0,0,0
80197,0,1,1994,2,2,2,2,2,2,2,2,2,2
80197,1,1,1994,0,0,0,0,0,0,0,0,0,0
80198,1,1,1994,23,23,23,23,23,23,23,23,23,23
80198,2,1,1994,0,0,0,0,0,0,0,0,0,0