ST_CASE,VEH_NO,PER_NO,YEAR,P1,P2,P3,P4,P5,P6,P7,P8,P9,P10
80483,0,1,1994,15,15,15,15,15,15,15,15,15,15
80483,1,1,1994,0,0,30,35,0,0,37,11,0,8
80484,1,1,1994,0,0,0,0,0,0,0,0,0,0
80484,2,1,1994,0,0,0,0,0,0,0,0,0,0
80484,3,1,1994,0,0,0,0,0,0,0,0,0,0
80485,0,1,1994,36,36,36,36,36,36,36,36,36,36
80485,1,1,1994,0,0,0,0,0,0,0,0,0,0
80487,1,1,1994,0,0,0,0,0,0,0,0,0,0
80487,2,1,1994,0,0,0,0,0,0,0,0,0,0
80488,1,1,1994,1,1,1,1,1,1,1,1,1,1
80489,1,1,1994,13,13,13,13,13,13,13,13,13,13
80489,2,1,1994,9,0,0,0,0,23,0,0,0,0
80490,1,1,1994,12,12,12,12,12,12,12,12,12,12
80491,1,1,1994,17,17,17,17,17,17,17,17,17,17
80492,1,1,1994,0,0,0,0,0,0,0,0,0,0
80493,1,1,1994,0,0,0,0,0,0,0,0,0,0
80493,2,1,1994,0,0,0,0,0,4,0,0,0,0
80493,3,1,1994,0,0,0,0,0,0,0,0,0,0
80494,1,1,1994,0,0,0,0,0,0,0,0,0,0
80494,2,1,1994,0,0,0,0,0,0,0,0,0,0
80495,1,1,1994,0,0,0,0,0,0,0,0,0,0
80495,2,1,1994,7,0,0,0,0,0,0,0,0,0
80496,1,1,1994,20,20,20,20,20,20,20,20,20,20
80497,1,1,1994,13,13,13,13,13,13,13,13,13,13
80498,1,1,1994,0,0,0,0,0,16,16,0,0,0
80498,2,1,1994,0,0,0,0,0,0,0,0,0,0
80499,1,1,1994,0,0,0,0,0,0,0,0,0,0
80499,2,1,1994,0,0,0,0,0,0,0,0,0,0
80500,1,1,1994,8,0,0,0,0,0,0,0,0,0
80500,2,1,1994,0,0,0,0,0,0,0,0,0,0
80501,1,1,1994,0,24,23,14,33,31,19,12,8,17
80502,1,1,1994,0,0,0,0,0,0,0,0,0,0
80503,1,1,1994,17,17,17,17,17,17,17,17,17,17
80504,0,1,1994,22,22,22,22,22,22,22,22,22,22
80504,1,1,1994,0,9,0,0,0,0,0,0,0,0
80505,0,1,1994,0,0,0,0,0,0,0,0,0,0
80505,1,1,1994,0,0,0,0,0,0,0,0,0,0
80506,1,1,1994,6,6,6,6,6,6,6,6,6,6
80507,1,1,1994,0,0,0,0,0,0,0,0,0,0
80508,1,1,1994,0,0,0,0,0,0,0,0,0,0
80508,2,1,1994,0,0,0,0,0,0,0,0,0,0
80509,1,1,1994,0,0,0,0,0,0,0,0,0,0
80509,2,1,1994,0,0,0,0,0,0,0,0,0,0
80510,1,1,1994,0,0,0,0,0,0,0,0,0,0
80510,2,1,1994,0,0,0,0,0,0,0,0,0,0
80511,1,1,1994,5,5,5,5,5,5,5,5,5,5
80511,2,1,1994,0,11,0,0,7,5,5,0,0,21
80512,0,1,1994,22,22,22,22,22,22,22,22,22,22
80512,1,1,1994,0,0,0,33,0,21,0,0,0,0
80513,1,1,1994,26,26,26,26,26,26,26,26,26,26
80514,1,1,1994,0,0,0,0,0,0,0,0,0,0
80515,1,1,1994,11,11,11,11,11,11,11,11,11,11
80515,2,1,1994,0,0,0,0,0,0,0,0,0,0
80516,1,1,1994,18,18,18,18,18,18,18,18,18,18
80517,1,1,1994,0,0,0,0,0,0,0,0,0,0
80517,2,1,1994,0,0,0,0,0,0,0,0,0,0
80518,1,1,1994,0,0,0,0,0,0,0,0,0,0
80519,1,1,1994,22,22,22,22,22,22,22,22,22,22
80519,2,1,1994,0,15,0,0,0,0,22,17,0,0
80519,3,1,1994,0,0,0,0,0,0,0,0,0,0
80520,1,1,1994,0,0,0,0,0,0,0,0,0,0
80521,1,1,1994,25,25,25,25,25,25,25,25,25,25
80521,2,1,1994,0,0,0,0,0,0,0,0,0,0
80522,1,1,1994,37,37,37,37,37,37,37,37,37,37
80523,1,1,1994,21,21,21,21,21,21,21,21,21,21
80523,2,1,1994,7,7,7,7,7,7,7,7,7,7
80524,1,1,1994,0,0,0,0,0,0,0,0,0,0
80525,1,1,1994,0,0,0,0,0,0,0,0,0,0
80526,1,1,1994,0,0,0,0,0,0,0,0,0,0
80527,1,1,1994,0,0,0,0,0,0,0,0,0,0
80527,2,1,1994,0,0,0,0,0,0,0,0,0,0
80528,1,1,1994,21,21,21,21,21,21,21,21,21,21
80529,1,1,1994,13,13,13,13,13,13,13,13,13,13
80530,0,1,1994,0,0,0,0,0,0,0,0,0,0
80530,1,1,1994,0,0,0,0,0,0,0,0,0,0
90001,1,1,1994,0,0,0,0,0,0,0,0,0,0
90001,2,1,1994,0,0,14,0,0,17,0,0,0,0
90002,1,1,1994,31,31,31,31,31,31,31,31,31,31
90003,0,1,1994,25,25,25,25,25,25,25,25,25,25
90003,1,1,1994,0,0,24,0,0,13,0,0,0,13
90004,0,1,1994,0,0,0,0,0,0,0,0,0,0
90004,1,1,1994,26,8,12,24,9,5,9,21,17,6
90005,1,1,1994,0,0,0,0,0,0,0,0,0,0
90005,2,1,1994,0,0,0,0,0,0,0,0,0,0
90006,1,1,1994,22,22,22,22,22,22,22,22,22,22
90007,1,1,1994,0,0,0,0,0,11,0,0,0,0
90007,2,1,1994,0,0,0,0,0,0,0,0,0,0
90008,1,1,1994,20,0,9,29,17,0,7,9,2,25
90009,1,1,1994,0,0,0,0,0,0,0,0,0,0
90009,2,1,1994,0,0,0,0,0,0,0,0,0,0
90010,0,1,1994,0,0,0,0,0,0,0,0,0,0
90010,1,1,1994,0,0,0,0,0,0,0,0,0,0
90011,1,1,1994,0,0,0,0,0,0,0,0,0,0
90011,2,1,1994,0,27,0,0,23,0,17,0,11,28
90012,1,1,1994,0,0,0,0,0,0,0,0,0,0
90012,2,1,1994,0,0,0,0,0,0,0,0,0,0
90013,1,1,1994,11,11,11,11,11,11,11,11,11,11
90014,0,1,1994,8,8,8,8,8,8,8,8,8,8
90014,1,1,1994,0,0,9,0,0,0,0,0,0,0
90015,1,1,1994,0,0,0,0,0,0,0,0,0,20
90015,2,1,1994,0,0,0,0,0,0,0,0,0,0
90016,1,1,1994,23,23,23,23,23,23,23,23,23,23
90016,2,1,1994,14,0,0,0,7,0,13,0,0,0
90017,1,1,1994,0,0,0,0,0,0,10,0,0,0
90017,2,1,1994,0,0,0,0,0,0,0,0,0,0
90018,1,1,1994,16,16,16,16,16,16,16,16,16,16
90018,2,1,1994,0,0,0,0,0,0,0,0,0,0
90019,1,1,1994,23,5,22,20,16,23,27,32,0,25
90020,0,1,1994,0,0,0,0,0,0,0,0,0,0
90020,1,1,1994,0,0,0,0,0,0,0,0,0,0
90021,1,1,1994,0,0,0,0,0,0,0,0,0,0
90021,2,1,1994,0,0,0,0,0,0,0,0,0,0
90022,1,1,1994,4,4,4,4,4,4,4,4,4,4
90022,2,1,1994,0,0,0,0,0,7,0,0,0,0
90023,0,1,1994,0,0,0,0,0,0,0,0,0,0
90023,1,1,1994,0,22,0,0,0,0,0,0,0,0
90024,1,1,1994,0,0,0,0,0,0,0,0,0,0
90024,2,1,1994,0,0,0,0,0,0,0,0,0,0
90024,3,1,1994,0,0,0,0,0,0,0,0,0,0
90025,1,1,1994,0,0,18,29,0,0,7,0,4,0
90026,0,1,1994,3,3,3,3,3,3,3,3,3,3
90026,0,2,1994,0,0,17,15,0,20,0,15,21,0
90026,1,1,1994,0,0,0,0,4,0,0,0,0,0
90027,1,1,1994,12,0,0,0,0,0,0,0,0,0
90027,2,1,1994,0,0,0,0,0,0,0,0,0,0
90028,1,1,1994,21,21,21,21,21,21,21,21,21,21
90028,2,1,1994,0,0,0,12,0,10,25,0,20,0
90029,1,1,1994,0,0,0,0,0,0,0,0,0,0
90029,2,1,1994,0,0,0,0,0,0,0,0,0,0
90030,0,1,1994,0,0,0,0,0,0,0,0,0,0
90030,1,1,1994,0,0,0,13,19,0,6,28,0,0
90031,0,1,1994,0,0,0,0,0,0,0,0,0,0
90031,1,1,1994,0,0,0,0,0,0,0,0,0,0
90032,1,1,1994,0,0,0,0,0,0,0,0,0,0
90032,2,1,1994,0,0,0,0,0,0,0,0,0,0
90033,1,1,1994,0,0,0,0,0,0,0,0,0,0
90033,2,1,1994,0,0,0,0,0,0,0,0,0,0
90034,1,1,1994,18,0,12,14,25,0,20,0,0,14
90034,2,1,1994,0,0,0,9,0,0,0,0,0,0
90035,1,1,1994,12,12,12,12,12,12,12,12,12,12
90036,1,1,1994,0,0,0,0,0,0,0,0,0,0
90037,1,1,1994,36,36,36,36,36,36,36,36,36,36
90038,0,1,1994,0,0,0,0,0,0,0,0,0,0
90038,1,1,1994,0,0,0,0,0,0,4,0,0,0
90039,1,1,1994,0,0,0,0,0,0,0,0,0,0
90039,2,1,1994,0,0,0,0,0,0,0,0,0,0
90040,1,1,1994,0,0,0,0,0,0,11,0,0,6
90040,2,1,1994,0,0,0,0,0,0,0,0,0,0
90041,1,1,1994,0,0,0,0,0,0,0,0,0,0
90042,1,1,1994,16,16,16,16,16,16,16,16,16,16
90042,2,1,1994,0,0,0,0,0,0,0,0,0,0
90043,1,1,1994,0,0,0,0,0,0,0,0,0,0
90043,2,1,1994,0,0,12,0,0,0,0,0,0,0
90044,1,1,1994,0,0,0,0,0,0,0,0,0,0
90044,2,1,1994,0,0,0,0,0,0,0,0,0,0
90045,0,1,1994,0,0,0,0,0,0,0,0,0,0
90045,1,1,1994,0,0,0,0,0,0,0,0,0,0
90046,1,1,1994,25,25,25,25,25,25,25,25,25,25
90047,1,1,1994,14,0,6,9,31,9,11,3,14,8
90047,2,1,1994,0,0,0,0,0,0,0,0,0,0
90047,3,1,1994,0,0,0,0,0,0,0,0,0,0
90048,0,1,1994,0,0,0,0,0,0,0,0,0,0
90048,1,1,1994,0,0,0,0,0,0,0,0,0,0
90049,1,1,1994,0,0,0,0,0,0,0,0,0,0
90049,2,1,1994,0,0,0,0,0,0,0,0,0,0
90050,1,1,1994,0,0,0,0,0,0,0,0,0,0
90050,2,1,1994,0,0,0,8,0,0,0,0,0,0
90051,1,1,1994,6,6,6,6,6,6,6,6,6,6
90052,1,1,1994,46,46,46,46,46,46,46,46,46,46
90053,1,1,1994,16,16,16,16,16,16,16,16,16,16
90054,1,1,1994,4,4,4,4,4,4,4,4,4,4
90054,2,1,1994,3,3,3,3,3,3,3,3,3,3
90054,3,1,1994,0,0,0,0,0,0,0,0,0,13
90055,0,1,1994,0,0,0,0,0,0,0,0,0,0
90055,1,1,1994,0,0,0,12,0,0,0,0,0,4
90056,1,1,1994,0,0,0,0,0,0,0,0,0,0
90056,2,1,1994,32,32,32,32,32,32,32,32,32,32
90057,1,1,1994,17,0,0,0,0,0,12,7,0,0
90058,1,1,1994,15,15,15,15,15,15,15,15,15,15
90059,0,1,1994,0,0,0,0,0,0,0,0,0,0
90059,1,1,1994,0,0,7,0,13,0,0,0,0,0
90060,0,1,1994,0,0,0,0,0,0,0,0,0,0
90060,1,1,1994,0,0,0,0,0,0,0,0,0,0
90061,1,1,1994,25,9,11,0,17,12,16,16,19,16
90062,0,1,1994,0,0,0,0,0,0,0,0,0,0
90062,1,1,1994,0,0,0,0,0,0,0,0,0,0
90063,1,1,1994,0,0,0,0,0,0,0,0,0,0
90063,2,1,1994,0,0,0,0,0,0,0,0,0,0
90064,1,1,1994,0,0,0,0,0,0,0,0,0,0
90064,2,1,1994,0,0,0,0,0,0,0,0,0,15
90065,1,1,1994,22,22,22,22,22,22,22,22,22,22
90065,2,1,1994,0,0,0,0,0,0,0,0,0,0
90066,1,1,1994,16,23,0,15,3,33,36,0,11,30
90066,2,1,1994,0,0,0,0,0,0,0,0,0,0
90066,3,1,1994,0,0,0,0,0,0,0,0,0,0
90067,1,1,1994,10,10,10,10,10,10,10,10,10,10
90069,1,1,1994,0,0,0,0,2,4,0,0,0,0
90069,2,1,1994,0,0,0,0,0,0,0,0,0,0
90070,1,1,1994,12,12,12,12,12,12,12,12,12,12
90071,1,1,1994,7,7,7,7,7,7,7,7,7,7
90071,2,1,1994,0,0,0,0,14,0,0,0,0,0
90072,1,1,1994,10,10,10,10,10,10,10,10,10,10
90073,0,1,1994,0,0,0,0,0,0,0,0,0,0
90073,1,1,1994,0,0,0,0,0,0,0,0,0,0
90074,0,1,1994,15,15,15,15,15,15,15,15,15,15
90074,1,1,1994,0,0,0,0,0,0,0,0,0,0
90075,1,1,1994,0,0,0,0,0,0,0,0,0,0
90075,2,1,1994,0,0,0,0,0,0,0,0,0,0
90076,1,1,1994,0,0,0,0,0,0,0,0,0,0
90077,1,1,1994,19,19,19,19,19,19,19,19,19,19
90077,2,1,1994,0,0,12,0,0,0,0,0,0,0
90078,1,1,1994,7,7,7,7,7,7,7,7,7,7
90079,0,1,1994,0,0,0,0,0,0,0,0,0,0
90079,1,1,1994,0,0,0,0,0,0,0,0,0,0
90080,1,1,1994,0,0,0,0,0,0,0,0,0,0
90081,1,1,1994,0,0,0,0,0,0,0,0,0,0
90081,2,1,1994,0,0,0,4,0,0,6,0,0,0
90082,1,1,1994,0,6,0,25,5,4,0,0,0,9
90082,2,1,1994,0,23,11,26,0,0,0,11,26,15
90083,0,1,1994,0,0,0,0,0,0,0,0,0,0
90083,1,1,1994,0,0,0,0,0,0,0,0,0,0
90084,1,1,1994,0,0,0,0,0,0,0,0,0,0
90085,1,1,1994,24,24,24,24,24,24,24,24,24,24
90086,1,1,1994,22,22,22,22,22,22,22,22,22,22
90086,2,1,1994,0,0,0,0,0,0,0,0,0,0
90087,1,1,1994,0,0,0,0,0,0,0,0,0,0
90088,1,1,1994,24,24,24,24,24,24,24,24,24,24
90089,1,1,1994,0,0,0,0,0,0,0,0,0,0
90090,1,1,1994,0,0,0,0,0,0,0,0,0,0
90091,1,1,1994,37,6,7,12,22,17,25,0,28,21
90092,1,1,1994,17,22,0,35,28,15,20,7,31,17
90093,1,1,1994,0,0,0,0,0,0,0,0,0,0
90094,1,1,1994,13,9,17,5,13,27,12,8,17,13
90095,1,1,1994,0,0,0,0,0,9,0,0,0,0
90095,2,1,1994,0,0,0,0,0,0,0,0,0,0
90096,1,1,1994,16,16,16,16,16,16,16,16,16,16
90097,1,1,1994,0,0,0,0,0,0,0,0,0,0
90097,2,1,1994,8,8,8,8,8,8,8,8,8,8
90098,1,1,1994,8,0,0,0,0,0,0,0,0,0
90098,2,1,1994,0,0,0,0,0,0,0,0,0,0
90099,1,1,1994,0,27,0,0,0,11,14,22,0,16
90100,0,1,1994,0,0,0,0,0,0,0,0,0,0
90100,1,1,1994,5,0,12,0,0,0,0,0,0,0
90101,1,1,1994,18,18,18,18,18,18,18,18,18,18
90102,1,1,1994,5,5,5,5,5,5,5,5,5,5
90102,2,1,1994,23,19,5,21,22,32,8,15,15,16
90103,1,1,1994,30,30,30,30,30,30,30,30,30,30
90104,0,1,1994,0,0,0,0,21,0,0,0,0,0
90104,1,1,1994,0,0,0,0,0,0,6,0,0,0
90105,1,1,1994,15,0,13,0,0,0,0,0,0,0
90105,2,1,1994,0,0,0,0,0,0,0,0,0,0
90106,1,1,1994,0,0,0,0,0,0,0,0,0,0
90107,1,1,1994,0,0,0,0,0,0,0,0,0,22
90108,1,1,1994,24,12,3,9,9,17,19,10,18,27
90109,1,1,1994,0,0,0,0,0,0,0,0,0,0
90109,2,1,1994,0,0,0,0,0,0,0,0,0,0
90110,1,1,1994,2,2,2,2,2,2,2,2,2,2
90111,0,1,1994,0,0,0,0,27,0,0,0,0,0
90111,1,1,1994,0,0,0,0,0,0,0,0,0,0
90112,1,1,1994,0,0,0,0,0,0,0,0,0,0
90113,0,1,1994,34,34,34,34,34,34,34,34,34,34
90113,1,1,1994,0,0,0,0,0,0,0,0,0,0
90114,0,1,1994,0,0,0,0,0,0,0,0,0,0
90114,1,1,1994,23,15,18,16,20,28,5,18,22,14
90115,1,1,1994,0,0,0,0,0,0,0,0,0,0
90115,2,1,1994,0,0,0,0,0,0,11,0,0,0
90116,1,1,1994,0,0,0,0,0,0,0,0,0,0
90117,1,1,1994,18,18,18,18,18,18,18,18,18,18
90118,1,1,1994,0,33,0,0,13,0,0,17,2,21
90119,0,1,1994,0,0,0,0,0,0,0,0,0,0
90119,1,1,1994,0,0,0,0,0,0,0,0,0,0
90120,1,1,1994,0,0,0,0,0,0,0,0,0,0
90121,0,1,1994,0,0,0,0,0,0,0,0,0,0
90121,1,1,1994,0,0,0,0,0,0,0,0,0,0
90122,1,1,1994,0,0,0,0,0,0,0,0,0,0
90122,2,1,1994,0,0,0,0,0,0,0,0,0,0
90122,3,1,1994,0,0,0,0,0,0,0,0,0,0
90123,1,1,1994,18,18,18,18,18,18,18,18,18,18
90124,1,1,1994,3,3,3,3,3,3,3,3,3,3
90125,0,1,1994,18,18,18,18,18,18,18,18,18,18
90125,1,1,1994,0,0,0,0,0,0,0,0,0,0
90126,1,1,1994,14,14,14,14,14,14,14,14,14,14
90127,1,1,1994,0,0,0,0,0,0,0,0,0,0
90128,1,1,1994,0,0,0,0,0,0,0,0,0,0
90129,1,1,1994,0,0,0,0,0,0,0,0,0,0
90130,0,1,1994,0,0,0,0,0,0,0,0,0,0
90130,1,1,1994,0,0,0,0,0,0,0,0,0,0
90131,0,1,1994,0,0,0,0,0,0,0,0,0,0
90131,1,1,1994,0,0,0,0,0,0,0,0,0,0
90132,1,1,1994,4,0,0,0,0,0,0,0,0,0
90133,1,1,1994,0,0,0,0,0,0,0,0,0,0
90134,0,1,1994,0,0,0,0,0,0,0,0,0,0
90134,1,1,1994,0,0,0,0,0,0,0,0,0,0
90135,0,1,1994,0,0,0,0,0,0,0,0,0,0
90135,0,2,1994,0,0,33,2,0,9,0,15,16,12
90135,1,1,1994,17,17,17,17,17,17,17,17,17,17
90136,1,1,1994,24,24,24,24,24,24,24,24,24,24
90137,1,1,1994,13,13,13,13,13,13,13,13,13,13
90138,0,1,1994,0,0,0,0,0,0,0,0,0,0
90138,1,1,1994,30,0,0,20,14,0,0,37,0,0
90139,1,1,1994,0,0,0,0,0,0,0,0,0,0
90141,1,1,1994,0,20,0,0,0,0,0,0,0,0
90141,2,1,1994,0,0,0,11,0,9,0,0,0,0
90141,3,1,1994,17,0,0,0,0,0,0,0,0,0
90142,1,1,1994,0,36,30,31,0,16,23,0,0,26
90143,1,1,1994,0,0,0,0,0,0,0,0,0,0
90143,2,1,1994,0,0,0,0,0,0,0,0,0,0
90144,0,1,1994,0,0,24,0,0,0,0,47,0,0
90144,1,1,1994,0,0,0,0,0,0,0,0,0,0
90145,1,1,1994,0,5,30,36,19,39,0,0,34,15
90146,1,1,1994,0,30,31,13,0,21,23,8,10,21
90146,2,1,1994,14,18,15,15,0,8,0,0,0,0
90147,1,1,1994,0,43,0,9,0,0,20,0,20,7
90147,2,1,1994,6,0,0,0,19,0,9,10,0,10
90148,1,1,1994,0,0,0,0,0,0,0,0,0,0
90149,1,1,1994,20,12,0,0,15,0,0,0,12,0
90149,2,1,1994,22,22,22,22,22,22,22,22,22,22
90150,1,1,1994,20,20,20,20,20,20,20,20,20,20
90151,0,1,1994,0,0,0,0,0,0,0,0,0,0
90151,1,1,1994,0,0,0,0,0,0,0,0,0,0
90152,1,1,1994,0,0,0,0,0,0,0,0,0,0
90153,1,1,1994,21,21,21,21,21,21,21,21,21,21
90153,2,1,1994,0,0,0,0,0,0,0,0,0,0
90155,1,1,1994,0,0,0,0,0,0,0,0,0,0
90156,0,1,1994,0,0,0,0,0,45,0,0,0,0
90156,1,1,1994,0,27,0,0,0,0,13,17,0,0
90157,1,1,1994,0,0,0,0,0,0,0,0,0,0
90157,2,1,1994,19,0,0,4,0,0,25,0,0,0
90158,1,1,1994,10,10,10,10,10,10,10,10,10,10
90159,0,1,1994,0,0,0,0,0,0,0,0,0,0
90159,1,1,1994,0,0,0,0,0,0,0,0,0,0
90160,1,1,1994,0,0,0,0,0,0,0,0,0,0
90160,2,1,1994,0,0,20,0,0,9,4,13,0,0
90160,3,1,1994,0,0,0,0,0,0,0,0,0,0
90161,1,1,1994,22,22,22,22,22,22,22,22,22,22
90162,1,1,1994,0,0,0,0,0,0,0,0,0,0
90164,1,1,1994,21,21,21,21,21,21,21,21,21,21
90164,2,1,1994,8,18,0,0,0,0,17,0,14,0
90165,1,1,1994,11,11,11,11,11,11,11,11,11,11
90166,1,1,1994,0,0,0,0,0,0,0,0,0,0
90166,2,1,1994,0,0,0,0,0,0,0,0,0,0
90167,1,1,1994,18,18,18,18,18,18,18,18,18,18
90168,1,1,1994,3,3,3,3,3,3,3,3,3,3
90169,1,1,1994,0,0,0,0,0,0,0,0,0,0
90170,1,1,1994,0,0,0,0,0,0,0,0,0,0
90170,2,1,1994,0,0,0,0,0,0,0,0,0,0
90171,1,1,1994,20,20,20,20,20,20,20,20,20,20
90172,1,1,1994,15,0,13,26,15,6,7,18,0,11
90172,2,1,1994,13,13,13,13,13,13,13,13,13,13
90172,3,1,1994,0,0,0,0,0,0,0,0,0,0
90173,1,1,1994,0,0,0,0,0,0,0,0,0,0
90174,1,1,1994,23,23,23,23,23,23,23,23,23,23
90175,1,1,1994,29,29,29,29,29,29,29,29,29,29
90175,2,1,1994,0,0,0,0,0,0,0,0,0,0
90176,1,1,1994,0,0,0,0,0,0,0,0,0,0
90177,0,1,1994,18,18,18,18,18,18,18,18,18,18
90177,1,1,1994,17,0,12,0,0,0,22,15,0,0
90178,1,1,1994,0,0,0,0,0,0,0,0,0,0
90178,2,1,1994,17,17,17,17,17,17,17,17,17,17
90179,1,1,1994,28,28,28,28,28,28,28,28,28,28
90180,1,1,1994,36,19,24,21,2,15,14,14,10,13
90181,0,1,1994,0,0,0,0,0,0,0,0,0,0
90181,1,1,1994,0,0,0,0,0,0,0,0,0,0
90182,1,1,1994,0,0,0,0,0,0,0,0,0,0
90182,2,1,1994,0,0,0,0,0,0,0,0,0,0
90183,1,1,1994,0,0,0,0,0,0,0,0,0,0
90183,2,1,1994,0,0,0,0,0,0,0,0,0,0
90184,1,1,1994,23,23,23,23,23,23,23,23,23,23
90185,1,1,1994,0,0,0,0,0,0,0,13,0,0
90185,2,1,1994,0,0,0,0,0,0,0,0,0,0
90186,1,1,1994,0,0,0,0,0,0,0,0,0,0
90186,2,1,1994,0,0,0,0,0,0,0,0,0,0
90187,1,1,1994,0,0,0,0,0,0,34,0,0,0
90187,2,1,1994,0,0,0,0,0,0,0,0,0,0
90188,0,1,1994,0,0,0,15,16,0,0,0,0,18
90188,1,1,1994,0,0,0,6,2,0,0,0,6,0
90189,1,1,1994,0,0,0,0,0,0,0,0,0,0
90190,0,1,1994,0,0,0,0,0,0,0,0,0,0
90190,1,1,1994,0,4,19,0,24,0,24,0,23,0
90191,0,1,1994,0,0,0,0,0,0,0,0,0,0
90191,1,1,1994,0,0,0,0,0,0,0,0,0,0
90192,1,1,1994,0,0,0,0,0,0,0,0,0,0
90192,2,1,1994,0,14,20,15,15,0,0,27,9,0
90193,1,1,1994,28,28,28,28,28,28,28,28,28,28
90193,2,1,1994,0,0,0,0,0,0,0,0,0,0
90194,1,1,1994,16,0,0,0,0,0,0,0,9,0
90194,2,1,1994,0,0,0,0,0,0,0,0,0,9
90194,3,1,1994,0,0,0,0,0,0,0,0,0,0
90195,1,1,1994,0,0,0,0,0,0,0,0,0,0
90196,1,1,1994,0,0,0,0,0,0,0,0,0,0
90197,0,1,1994,0,0,0,0,0,0,0,0,0,0
90197,1,1,1994,0,0,0,0,0,12,23,0,0,0
90198,1,1,1994,0,0,0,28,0,0,0,0,0,0
90199,1,1,1994,0,0,0,0,0,0,0,0,0,0
90200,1,1,1994,27,0,0,11,0,0,0,0,0,23
90200,2,1,1994,16,16,16,16,16,16,16,16,16,16
90200,3,1,1994,0,0,0,0,0,0,0,0,0,0
90201,1,1,1994,14,8,8,23,19,0,20,5,4,30
90201,2,1,1994,14,13,23,0,0,21,0,0,0,0
90202,1,1,1994,2,2,2,2,2,2,2,2,2,2
90203,1,1,1994,0,0,0,0,0,0,0,0,0,0
90204,1,1,1994,0,0,0,0,0,0,0,0,0,0
90204,2,1,1994,0,0,0,0,6,0,0,0,6,0
90205,0,1,1994,15,15,15,15,15,15,15,15,15,15
90205,1,1,1994,0,0,9,8,0,0,0,0,6,0
90205,2,1,1994,35,19,0,17,0,16,0,19,16,0
90206,1,1,1994,13,13,13,13,13,13,13,13,13,13
90207,1,1,1994,34,34,34,34,34,34,34,34,34,34
90208,0,1,1994,0,0,0,0,0,0,0,0,0,0
90208,1,1,1994,0,0,0,0,0,0,0,0,0,0
90209,1,1,1994,0,0,0,0,0,23,28,0,0,0
90210,1,1,1994,0,16,0,0,0,0,0,0,0,0
90210,2,1,1994,0,0,0,11,0,0,0,0,7,0
90211,1,1,1994,16,16,16,16,16,16,16,16,16,16
90212,1,1,1994,0,0,16,0,0,0,0,0,0,0
90212,2,1,1994,0,0,0,0,0,0,0,0,0,0
90213,1,1,1994,0,0,0,0,0,0,0,0,0,0
90213,2,1,1994,0,0,0,0,0,0,0,0,0,0
90214,0,1,1994,0,0,0,0,0,0,0,0,0,0
90214,1,1,1994,0,0,0,0,0,0,0,0,0,0
90215,1,1,1994,9,0,0,0,0,0,0,0,0,10
90216,1,1,1994,8,8,8,8,8,8,8,8,8,8
90217,1,1,1994,22,22,22,22,22,22,22,22,22,22
90218,1,1,1994,0,0,0,0,0,0,0,0,0,0
90218,2,1,1994,22,14,5,27,19,21,16,13,18,23
90219,0,1,1994,0,0,0,0,0,0,0,0,0,0
90219,1,1,1994,0,0,0,0,15,0,0,0,0,0
90220,1,1,1994,0,0,0,0,0,0,0,0,0,0
90220,2,1,1994,0,0,0,0,0,0,0,0,0,0
90221,0,1,1994,0,0,0,0,0,0,0,0,0,0
90221,1,1,1994,0,0,0,0,0,0,0,0,0,0
90222,1,1,1994,0,0,0,0,0,0,0,0,0,0
90223,0,1,1994,0,0,29,0,25,0,0,0,0,0
90224,1,1,1994,0,0,0,0,0,0,0,0,0,0
90224,2,1,1994,0,0,0,0,0,0,0,0,0,0
90225,1,1,1994,0,0,0,0,0,8,10,0,0,0
90225,2,1,1994,20,0,12,0,0,0,0,18,0,13
90225,3,1,1994,0,0,0,0,0,0,9,15,0,9
90226,1,1,1994,0,0,0,0,0,0,0,0,0,0
90227,1,1,1994,25,25,25,25,25,25,25,25,25,25
90228,1,1,1994,0,0,0,0,0,0,0,0,0,0
90228,2,1,1994,14,0,0,0,0,1,0,0,7,2
90229,1,1,1994,0,0,0,0,0,0,0,0,0,0
90229,2,1,1994,0,0,0,0,0,4,7,12,4,0
90230,1,1,1994,6,0,0,0,13,0,0,0,0,16
90230,2,1,1994,0,0,0,0,0,0,0,0,0,0
90231,0,1,1994,23,23,23,23,23,23,23,23,23,23
90231,1,1,1994,0,0,0,0,0,0,0,20,0,0
90232,1,1,1994,0,47,0,0,0,0,0,21,11,0
90232,2,1,1994,0,12,0,0,0,0,18,16,0,0
90232,3,1,1994,50,50,50,50,50,50,50,50,50,50
90233,1,1,1994,7,7,7,7,7,7,7,7,7,7
90234,1,1,1994,0,0,0,0,0,0,6,0,0,4
90234,2,1,1994,0,0,0,0,0,0,0,0,0,0
90236,1,1,1994,0,0,0,0,0,0,0,0,0,0
90237,1,1,1994,19,19,19,19,19,19,19,19,19,19
90238,1,1,1994,0,0,0,0,0,0,0,0,0,0
90239,0,1,1994,0,0,0,0,0,0,0,0,0,0
90239,1,1,1994,8,8,8,8,8,8,8,8,8,8
90240,1,1,1994,11,3,19,0,12,33,17,12,25,16
90241,1,1,1994,0,0,0,0,0,0,0,0,0,0
90241,2,1,1994,0,0,0,2,0,0,0,0,0,0
90242,1,1,1994,0,0,0,0,0,0,0,0,0,0
90244,1,1,1994,0,0,0,0,11,0,0,0,0,0
90245,1,1,1994,0,0,0,0,0,0,0,0,0,0
90245,2,1,1994,0,0,0,0,6,0,0,0,0,0
90246,1,1,1994,9,9,9,9,9,9,9,9,9,9
90247,1,1,1994,0,0,0,11,0,16,9,11,0,0