ST_CASE,VEH_NO,PER_NO,YEAR,P1,P2,P3,P4,P5,P6,P7,P8,P9,P10
122097,1,1,1994,0,0,0,0,0,0,0,0,0,0
122097,2,1,1994,0,0,0,0,0,0,0,0,0,0
122098,1,1,1994,0,0,0,0,0,0,0,0,0,0
122098,2,1,1994,0,0,0,0,0,0,0,0,0,0
122098,3,1,1994,0,0,0,0,0,0,0,0,0,0
122098,4,1,1994,0,0,0,0,0,0,0,0,0,0
122099,1,1,1994,10,10,10,10,10,10,10,10,10,10
122100,0,1,1994,0,0,13,0,0,0,0,0,0,0
122100,0,2,1994,0,0,17,0,0,0,0,0,0,0
122100,1,1,1994,0,0,0,0,0,0,0,0,0,0
122101,1,1,1994,0,0,0,0,0,0,0,0,0,0
122101,2,1,1994,0,18,0,0,0,14,13,0,0,0
122102,1,1,1994,0,0,0,0,0,0,0,0,0,0
122102,2,1,1994,0,0,0,0,0,0,0,0,8,0
122103,1,1,1994,0,0,0,0,0,0,0,0,0,0
122103,2,1,1994,0,0,0,0,0,0,0,0,0,0
122104,1,1,1994,0,0,0,0,0,0,0,0,0,0
122104,2,1,1994,0,0,0,0,0,0,0,0,0,0
122105,0,1,1994,0,0,25,0,0,0,0,0,0,0
122105,1,1,1994,0,0,0,0,0,0,0,0,0,0
122106,1,1,1994,0,0,0,0,0,0,0,0,0,0
122106,2,1,1994,0,0,12,0,0,0,0,0,0,0
122107,1,1,1994,0,0,0,0,0,0,0,0,0,5
122108,1,1,1994,0,0,0,0,0,7,0,7,0,8
122108,2,1,1994,0,0,0,0,0,0,0,0,0,0
122109,1,1,1994,0,0,0,0,0,0,0,0,0,0
122109,2,1,1994,0,0,0,0,0,0,0,0,0,0
122110,1,1,1994,0,0,0,14,10,0,0,32,8,26
122110,2,1,1994,0,0,0,0,0,0,0,0,0,0
122111,1,1,1994,0,0,0,0,0,0,0,0,0,0
122112,1,1,1994,0,0,0,0,0,0,0,0,0,0
122112,2,1,1994,0,0,0,0,0,0,0,0,0,0
122113,0,1,1994,0,0,0,0,0,0,0,0,0,0
122113,1,1,1994,0,0,0,0,0,0,0,0,0,0
122114,0,1,1994,36,36,36,36,36,36,36,36,36,36
122114,1,1,1994,0,0,0,0,0,0,0,0,0,0
122115,1,1,1994,0,0,0,0,0,0,0,0,0,0
122116,1,1,1994,0,0,0,0,0,0,13,0,0,0
122116,2,1,1994,0,0,0,0,0,0,0,0,0,0
122117,1,1,1994,0,0,0,0,0,0,0,0,0,0
122117,2,1,1994,0,0,0,0,0,0,0,0,0,0
122117,3,1,1994,0,0,0,0,0,0,0,0,0,0
122118,1,1,1994,0,0,9,18,0,4,22,16,0,24
122118,2,1,1994,0,0,0,0,0,0,0,19,7,13
122119,1,1,1994,0,0,0,9,5,0,0,13,0,0
122119,2,1,1994,0,0,0,0,0,0,0,0,10,0
122119,3,1,1994,0,0,0,0,0,0,3,0,0,0
122120,1,1,1994,4,0,0,0,0,0,0,0,0,0
122121,1,1,1994,0,0,0,0,0,0,0,0,0,0
122122,0,1,1994,0,0,0,0,15,0,0,0,0,0
122122,1,1,1994,0,0,0,0,0,0,0,0,0,0
122123,1,1,1994,0,0,21,26,10,0,20,15,0,25
122124,0,1,1994,0,0,0,0,0,0,0,0,0,0
122124,1,1,1994,0,8,0,0,0,0,14,0,0,17
122125,0,1,1994,27,27,27,27,27,27,27,27,27,27
122125,1,1,1994,0,0,0,0,0,0,0,0,0,0
122126,1,1,1994,0,0,0,0,0,0,0,0,0,0
122126,2,1,1994,0,0,0,0,0,0,0,0,0,0
122127,1,1,1994,0,0,0,0,0,0,0,0,0,0
122127,2,1,1994,0,0,0,0,0,0,0,0,0,0
122128,1,1,1994,0,0,0,0,0,0,0,0,0,0
122129,0,1,1994,0,0,0,0,0,0,0,0,0,14
122129,0,2,1994,0,0,0,0,0,0,0,0,0,0
122129,1,1,1994,0,0,0,0,0,0,0,0,0,0
122130,1,1,1994,0,0,0,0,0,0,0,0,0,0
122130,2,1,1994,0,0,0,0,0,0,0,0,0,0
122131,1,1,1994,0,0,0,0,0,0,0,0,0,0
122131,2,1,1994,11,0,16,0,0,0,0,0,0,0
122132,1,1,1994,0,0,0,0,0,0,0,0,0,0
122132,2,1,1994,0,0,0,0,0,0,0,0,0,0
122134,1,1,1994,0,0,23,0,0,0,0,0,0,0
122135,1,1,1994,0,16,13,0,19,0,0,0,0,18
122135,2,1,1994,0,0,0,0,0,0,0,0,0,0
122135,3,1,1994,0,0,0,0,0,0,0,0,0,0
122136,1,1,1994,7,12,13,11,9,3,15,19,17,25
122137,0,1,1994,17,17,17,17,17,17,17,17,17,17
122137,1,1,1994,0,0,0,0,0,0,0,0,0,0
122138,1,1,1994,0,0,0,0,0,0,0,0,0,0
122138,2,1,1994,0,0,0,0,0,0,0,0,0,0
122139,0,1,1994,24,24,24,24,24,24,24,24,24,24
122139,1,1,1994,0,0,0,18,0,0,0,0,0,0
122140,1,1,1994,0,0,0,0,0,0,0,0,0,0
122141,0,1,1994,21,21,21,21,21,21,21,21,21,21
122141,1,1,1994,0,0,0,0,7,0,0,0,0,0
122142,1,1,1994,21,21,21,21,21,21,21,21,21,21
122143,1,1,1994,27,27,27,27,27,27,27,27,27,27
122143,2,1,1994,13,0,0,11,0,0,0,0,0,0
122144,1,1,1994,16,16,16,16,16,16,16,16,16,16
122144,2,1,1994,0,0,0,0,0,0,0,0,0,0
122145,0,1,1994,0,0,0,0,35,0,0,0,0,19
122145,1,1,1994,7,0,0,0,0,0,0,8,0,0
122146,1,1,1994,26,26,26,26,26,26,26,26,26,26
122146,2,1,1994,0,0,20,0,0,0,0,0,13,0
122147,1,1,1994,0,0,0,0,0,0,0,0,0,0
122147,2,1,1994,0,0,0,0,0,0,0,0,0,0
122148,0,1,1994,0,0,0,0,0,0,0,0,0,0
122148,1,1,1994,0,0,0,0,0,0,0,0,0,0
122149,0,1,1994,0,0,0,0,0,0,0,0,0,0
122149,1,1,1994,18,18,18,18,18,18,18,18,18,18
122150,1,1,1994,21,0,0,0,0,8,30,0,24,0
122151,1,1,1994,0,0,0,0,0,0,0,0,0,0
122151,2,1,1994,0,0,0,0,0,0,0,14,0,0
122152,1,1,1994,0,0,0,0,0,0,0,0,0,0
122152,2,1,1994,0,0,0,0,0,0,0,0,0,0
122152,3,1,1994,0,13,0,0,0,0,0,0,0,0
122153,1,1,1994,0,0,0,0,0,0,0,0,0,0
122153,2,1,1994,18,18,18,18,18,18,18,18,18,18
122154,1,1,1994,17,17,17,17,17,17,17,17,17,17
122154,2,1,1994,0,0,0,0,0,0,0,0,0,0
122155,1,1,1994,0,0,0,9,0,0,0,0,0,0
122155,2,1,1994,0,0,0,0,0,0,0,0,0,0
122156,1,1,1994,17,17,17,17,17,17,17,17,17,17
122156,2,1,1994,0,0,0,0,0,0,0,0,0,0
122157,1,1,1994,9,21,14,12,0,8,34,9,0,0
122158,1,1,1994,24,24,24,24,24,24,24,24,24,24
122159,1,1,1994,0,0,0,0,0,0,0,0,0,0
122159,2,1,1994,0,0,0,0,0,0,0,0,0,0
122160,1,1,1994,0,0,0,0,0,0,0,0,0,0
122160,2,1,1994,0,0,0,0,0,0,0,16,0,0
122161,1,1,1994,0,0,0,0,0,0,0,0,0,0
122161,2,1,1994,28,28,28,28,28,28,28,28,28,28
122162,0,1,1994,0,0,0,0,0,0,0,0,0,0
122162,1,1,1994,0,0,0,0,0,0,0,0,0,0
122163,1,1,1994,21,21,21,21,21,21,21,21,21,21
122164,1,1,1994,17,17,17,17,17,17,17,17,17,17
122165,1,1,1994,0,0,0,0,0,0,0,0,0,0
122165,2,1,1994,0,0,0,0,0,0,0,0,0,0
122166,0,1,1994,0,22,11,30,0,22,26,10,20,27
122166,1,1,1994,0,0,0,0,0,0,0,0,0,0
122166,2,1,1994,0,0,21,16,0,0,5,0,0,0
122167,0,1,1994,0,0,0,0,26,0,0,0,34,0
122167,1,1,1994,0,0,11,0,0,0,0,0,0,0
122168,0,1,1994,0,0,0,0,20,0,0,0,0,20
122168,0,2,1994,9,0,0,0,14,13,22,13,27,48
122168,1,1,1994,12,0,0,0,9,0,0,0,25,13
122169,1,1,1994,0,0,0,0,0,19,0,0,0,0
122169,2,1,1994,0,0,0,0,0,0,0,0,0,0
122170,1,1,1994,0,0,0,0,0,0,0,0,0,0
122170,2,1,1994,0,0,0,0,0,0,0,0,0,0
122171,0,1,1994,5,22,18,17,0,21,0,7,9,7
122171,1,1,1994,0,9,17,20,0,0,10,4,13,8
122172,1,1,1994,10,10,10,10,10,10,10,10,10,10
122173,1,1,1994,0,0,0,0,0,0,0,0,0,0
122173,2,1,1994,0,0,0,0,9,0,0,0,0,0
122174,1,1,1994,0,0,0,0,0,0,0,0,0,0
122175,1,1,1994,0,0,0,0,0,0,0,0,0,0
122176,1,1,1994,19,19,19,19,19,19,19,19,19,19
122178,0,1,1994,28,28,28,28,28,28,28,28,28,28
122178,1,1,1994,0,0,0,0,0,0,0,0,0,0
122179,1,1,1994,0,0,0,0,0,0,0,0,0,0
122180,1,1,1994,0,0,0,0,0,0,0,0,0,0
122180,2,1,1994,0,0,0,0,0,0,0,0,0,0
122181,0,1,1994,0,0,0,0,0,0,0,0,0,0
122181,1,1,1994,0,0,0,0,0,0,0,0,0,0
122182,1,1,1994,0,0,0,0,0,0,0,0,0,0
122182,2,1,1994,0,0,0,0,0,0,0,0,0,0
122183,1,1,1994,0,0,0,0,0,0,0,0,0,0
122183,2,1,1994,2,2,2,2,2,2,2,2,2,2
122184,1,1,1994,28,28,28,28,28,28,28,28,28,28
122184,2,1,1994,0,0,0,0,0,0,0,0,0,0
122185,1,1,1994,0,0,0,0,0,0,0,0,0,0
122185,2,1,1994,0,0,0,0,0,0,0,0,0,0
122186,1,1,1994,24,24,24,24,24,24,24,24,24,24
122186,2,1,1994,0,0,0,0,0,0,0,0,0,0
122187,1,1,1994,0,0,0,0,0,0,0,0,0,0
122187,2,1,1994,0,0,0,0,0,0,0,0,0,0
122188,0,1,1994,0,0,0,0,0,0,0,0,0,0
122188,1,1,1994,0,0,0,0,0,0,0,0,0,0
122189,1,1,1994,23,23,23,23,23,23,23,23,23,23
122190,0,1,1994,0,0,0,0,0,0,0,0,0,0
122190,1,1,1994,0,0,0,0,0,0,0,0,0,0
122191,1,1,1994,0,0,0,0,0,0,0,0,0,0
122191,2,1,1994,0,0,0,0,0,0,0,0,0,0
122192,1,1,1994,4,0,22,0,0,0,0,0,0,0
122193,1,1,1994,0,0,0,0,0,0,0,0,0,0
122193,2,1,1994,0,0,0,0,0,0,0,0,0,0
122194,1,1,1994,9,18,20,0,0,0,0,0,11,0
122194,2,1,1994,0,0,0,0,0,0,0,0,0,0
122195,1,1,1994,0,0,0,0,0,0,0,0,0,0
122195,2,1,1994,0,9,0,0,0,0,0,0,17,0
122195,3,1,1994,0,0,0,0,0,0,0,0,0,0
122195,4,1,1994,0,0,0,0,0,11,0,0,0,0
122195,5,1,1994,0,0,0,0,0,0,0,0,0,0
122195,6,1,1994,0,0,0,0,0,0,0,0,0,0
122195,7,1,1994,0,0,0,0,0,0,0,0,0,0
122196,1,1,1994,0,0,0,0,0,0,0,0,0,0
122196,2,1,1994,0,0,0,0,0,0,0,0,0,0
122196,3,1,1994,0,0,0,0,0,0,0,0,0,0
122196,4,1,1994,0,0,0,0,0,0,0,0,0,0
122197,0,1,1994,7,28,0,24,29,11,21,30,10,0
122197,1,1,1994,5,0,0,0,0,0,0,0,0,0
122198,1,1,1994,20,20,20,20,20,20,20,20,20,20
122198,2,1,1994,0,0,0,0,0,0,0,0,0,0
122199,1,1,1994,0,11,0,0,13,0,19,0,14,0
122200,1,1,1994,0,0,16,16,0,0,0,0,19,0
122201,0,1,1994,0,0,0,0,0,0,0,0,0,0
122201,1,1,1994,0,0,0,0,0,0,0,0,0,0
122202,1,1,1994,0,0,0,0,0,0,0,0,0,0
122202,2,1,1994,0,0,0,0,0,0,0,0,0,0
122203,1,1,1994,0,0,0,0,0,0,0,0,0,0
122203,2,1,1994,0,0,0,0,0,0,0,0,0,0
122204,1,1,1994,23,23,23,23,23,23,23,23,23,23
122205,0,1,1994,22,22,22,22,22,22,22,22,22,22
122205,1,1,1994,0,0,0,0,0,0,0,0,0,0
122206,1,1,1994,0,0,0,0,0,0,0,0,0,0
122207,1,1,1994,29,29,29,29,29,29,29,29,29,29
122208,0,1,1994,20,20,20,20,20,20,20,20,20,20
122208,1,1,1994,0,0,0,0,0,0,0,0,0,0
122209,1,1,1994,0,0,0,0,0,0,0,0,0,0
122209,2,1,1994,2,2,2,2,2,2,2,2,2,2
122210,1,1,1994,0,0,0,0,0,0,0,0,0,0
122210,2,1,1994,0,0,0,0,0,0,0,0,0,0
122211,1,1,1994,0,0,0,0,0,0,0,0,0,0
122211,2,1,1994,0,0,0,0,0,0,0,0,0,0
122213,0,1,1994,12,12,12,12,12,12,12,12,12,12
122213,1,1,1994,0,0,0,0,0,0,0,0,0,0
122214,1,1,1994,0,0,0,19,4,0,0,0,0,0
122214,2,1,1994,0,0,0,0,0,0,14,0,0,0
122214,3,1,1994,0,0,0,0,0,0,0,0,0,0
122215,0,1,1994,0,0,0,0,0,0,17,0,0,0
122215,1,1,1994,0,0,0,0,0,0,0,0,0,0
122216,0,1,1994,20,20,20,20,20,20,20,20,20,20
122216,1,1,1994,0,0,0,0,0,0,0,0,0,0
122217,0,1,1994,21,21,21,21,21,21,21,21,21,21
122217,0,2,1994,0,30,0,0,21,0,0,0,0,23
122217,1,1,1994,0,9,0,11,5,0,0,9,7,0
122218,1,1,1994,0,0,0,0,0,9,7,0,7,0
122219,1,1,1994,21,21,21,21,21,21,21,21,21,21
122219,2,1,1994,0,0,23,0,13,0,0,0,0,0
122220,1,1,1994,0,0,0,0,0,0,0,0,0,0
122220,2,1,1994,0,0,0,0,0,0,0,0,0,0
122220,3,1,1994,0,0,0,0,0,0,0,0,0,0
122222,1,1,1994,8,8,8,8,8,8,8,8,8,8
122223,1,1,1994,0,0,0,0,0,0,0,0,0,0
122223,2,1,1994,0,0,0,0,0,0,0,0,0,0
122224,1,1,1994,0,11,25,0,23,23,0,17,19,0
122224,2,1,1994,0,0,0,0,0,0,0,0,0,0
122225,1,1,1994,17,17,17,17,17,17,17,17,17,17
122225,2,1,1994,0,0,0,0,0,0,0,0,0,0
122226,0,1,1994,18,0,0,0,0,0,0,33,0,0
122226,1,1,1994,25,25,25,25,25,25,25,25,25,25
122227,1,1,1994,0,0,0,0,0,0,0,0,0,0
122227,2,1,1994,0,0,23,0,0,0,0,0,0,0
122228,1,1,1994,0,0,0,0,0,0,0,0,0,0
122228,2,1,1994,0,0,0,0,0,0,0,0,0,0
122229,1,1,1994,16,12,10,22,15,15,26,16,6,10
122229,2,1,1994,0,0,0,0,0,0,7,0,0,0
122230,1,1,1994,0,0,0,0,0,0,0,0,0,0
122230,2,1,1994,0,0,0,0,0,0,0,0,0,0
122231,1,1,1994,0,0,0,0,0,0,0,0,0,0
122231,2,1,1994,0,0,0,0,0,0,0,0,0,0
122231,3,1,1994,0,0,0,0,0,0,0,0,0,0
122232,1,1,1994,0,0,0,0,0,0,0,0,0,0
122232,2,1,1994,0,0,0,0,0,0,0,0,0,0
122233,0,1,1994,6,6,6,6,6,6,6,6,6,6
122233,1,1,1994,0,0,0,0,0,0,0,0,0,0
122234,1,1,1994,0,8,0,0,0,0,0,0,0,0
122234,2,1,1994,0,0,0,0,0,0,0,0,38,0
122235,1,1,1994,0,0,0,0,0,0,0,0,0,0
122235,2,1,1994,0,0,0,0,0,0,0,0,0,0
122236,1,1,1994,0,0,0,0,0,0,0,0,0,0
122236,2,1,1994,0,0,0,0,0,0,0,0,0,0
122237,1,1,1994,0,10,0,0,0,0,0,0,0,0
122238,1,1,1994,0,0,0,0,0,0,0,0,0,0
122239,1,1,1994,13,0,0,6,0,0,0,0,6,0
122239,2,1,1994,15,0,0,0,0,0,0,0,5,0
122240,0,1,1994,25,25,25,25,25,25,25,25,25,25
122240,1,1,1994,0,0,0,0,0,0,0,0,0,0
122241,1,1,1994,0,0,0,0,0,0,0,0,0,0
122241,2,1,1994,0,0,0,0,0,0,0,0,0,0
122242,1,1,1994,0,0,0,0,0,0,0,0,0,0
122243,1,1,1994,19,19,19,19,19,19,19,19,19,19
122244,1,1,1994,17,17,17,17,17,17,17,17,17,17
122245,1,1,1994,0,0,0,5,0,0,0,0,21,0
122245,2,1,1994,0,0,0,0,0,0,0,0,0,0
122246,1,1,1994,9,9,9,9,9,9,9,9,9,9
122247,1,1,1994,0,0,0,0,0,0,0,0,0,0
122247,2,1,1994,0,0,0,0,0,0,0,0,0,0
122248,0,1,1994,36,20,19,0,0,14,0,0,0,9
122248,1,1,1994,0,0,0,9,0,16,0,15,0,0
122249,1,1,1994,30,30,30,30,30,30,30,30,30,30
122249,2,1,1994,0,0,0,0,0,0,0,0,0,0
122249,3,1,1994,0,0,0,0,0,0,0,0,0,0
122250,0,1,1994,0,0,0,0,0,0,0,0,0,0
122250,1,1,1994,0,0,0,0,15,0,0,0,0,0
122250,2,1,1994,0,12,0,0,0,0,0,0,11,13
122251,1,1,1994,5,5,5,5,5,5,5,5,5,5
122251,2,1,1994,0,0,18,0,0,0,0,11,0,0
122252,1,1,1994,0,0,0,0,0,0,0,0,0,0
122252,2,1,1994,0,0,0,21,0,0,0,0,1,0
122253,1,1,1994,18,18,18,18,18,18,18,18,18,18
122254,1,1,1994,0,0,0,0,0,0,0,0,0,0
122254,2,1,1994,0,0,0,0,0,0,0,0,0,0
122255,1,1,1994,0,0,0,0,0,0,0,0,12,0
122256,1,1,1994,27,27,27,27,27,27,27,27,27,27
122257,1,1,1994,9,0,0,0,0,0,0,0,0,0
122257,2,1,1994,0,0,0,0,0,0,0,0,0,0
122258,1,1,1994,10,0,0,8,0,0,14,0,0,0
122258,2,1,1994,0,0,0,16,0,19,0,0,0,0
122258,3,1,1994,0,0,0,0,0,8,0,0,2,19
122258,4,1,1994,0,0,0,0,0,0,0,0,32,0
122259,1,1,1994,0,0,0,0,0,0,0,0,0,0
122260,0,1,1994,0,20,0,0,0,0,0,24,0,20
122260,0,2,1994,34,0,0,0,24,0,0,0,0,27
122260,1,1,1994,0,0,0,0,0,0,0,0,0,0
122260,2,1,1994,0,0,0,0,0,0,0,0,0,0
122262,1,1,1994,0,0,0,0,0,0,0,0,0,0
122262,2,1,1994,0,0,0,0,0,0,0,0,0,0
122263,1,1,1994,24,24,24,24,24,24,24,24,24,24
122264,1,1,1994,0,0,0,0,0,0,0,0,0,0
122264,2,1,1994,0,0,0,0,0,0,0,0,0,0
122265,1,1,1994,0,0,0,0,0,0,0,0,0,0
122265,2,1,1994,0,0,0,0,0,0,0,0,9,0
122267,1,1,1994,0,0,0,0,0,0,0,0,0,0
122267,2,1,1994,0,0,0,0,0,0,0,0,0,0
122268,0,1,1994,7,13,0,0,0,0,10,9,0,0
122268,1,1,1994,11,22,0,13,61,15,23,15,20,0
122269,1,1,1994,0,0,0,0,0,0,0,0,0,0
122269,2,1,1994,0,0,0,0,0,0,0,0,19,0
122270,1,1,1994,0,0,2,0,0,22,20,12,0,17
122271,1,1,1994,0,0,0,0,0,0,0,0,0,0
122271,2,1,1994,0,0,0,17,0,0,0,0,0,0
122271,3,1,1994,0,0,0,0,0,0,0,0,0,0
122272,1,1,1994,0,0,11,0,0,0,0,0,0,0
122272,2,1,1994,0,0,0,0,0,0,0,0,0,0
122273,1,1,1994,0,0,0,0,0,0,0,0,0,0
122273,2,1,1994,0,0,0,0,0,0,11,0,0,0
122274,1,1,1994,0,0,0,0,0,0,17,0,0,0
122274,2,1,1994,0,0,0,0,0,0,0,0,0,0
122274,3,1,1994,0,0,0,0,0,0,0,0,0,0
122275,1,1,1994,0,0,0,0,0,0,0,0,0,0
122275,2,1,1994,0,0,0,0,0,0,0,0,0,0
122276,1,1,1994,13,0,0,0,0,0,18,0,12,0
122277,0,1,1994,0,0,0,0,0,0,0,0,0,0
122277,0,2,1994,24,0,0,0,0,0,0,0,0,0
122277,0,3,1994,0,0,0,0,0,0,0,0,0,0
122277,1,1,1994,0,0,0,0,0,0,0,0,0,0
122278,1,1,1994,13,21,9,0,0,0,27,12,18,28
122279,0,1,1994,0,0,0,0,0,0,0,0,0,0
122279,1,1,1994,0,0,0,0,0,0,0,0,0,0
122280,0,1,1994,37,37,37,37,37,37,37,37,37,37
122280,1,1,1994,0,0,0,0,0,0,0,0,0,0
122281,1,1,1994,0,17,8,0,0,0,0,37,19,0
122282,1,1,1994,18,29,0,0,0,0,0,0,0,0
122283,0,1,1994,0,0,0,0,0,0,0,0,0,0
122283,1,1,1994,33,12,17,15,14,19,14,0,30,16
122284,1,1,1994,0,0,0,0,0,0,0,0,0,0
122284,2,1,1994,0,0,0,0,0,0,0,0,0,0
122285,1,1,1994,25,13,17,17,11,9,28,20,31,17
122286,0,1,1994,0,0,0,13,20,26,29,0,16,29
122286,1,1,1994,8,0,0,0,0,0,0,0,0,0
122286,2,1,1994,0,0,17,0,0,0,0,15,0,0
122287,0,1,1994,0,0,0,0,0,0,0,0,0,0
122287,1,1,1994,12,12,12,12,12,12,12,12,12,12
122288,1,1,1994,20,20,20,20,20,20,20,20,20,20
122289,0,1,1994,18,18,18,18,18,18,18,18,18,18
122289,1,1,1994,0,0,0,0,0,13,0,0,0,0
122290,0,1,1994,0,0,0,0,0,0,0,0,0,0
122290,1,1,1994,0,0,0,0,0,0,0,0,0,0
122291,0,1,1994,16,0,0,22,0,0,0,16,0,0
122291,1,1,1994,0,0,0,0,0,0,23,15,8,0
122292,0,1,1994,6,6,6,6,6,6,6,6,6,6
122292,1,1,1994,0,0,21,0,7,0,0,0,0,25
122292,2,1,1994,0,0,0,17,0,0,0,0,0,3
122293,1,1,1994,20,20,20,20,20,20,20,20,20,20
122294,1,1,1994,12,0,4,0,15,0,0,0,0,0
122295,1,1,1994,0,0,0,0,0,0,0,0,0,0
122295,2,1,1994,0,0,0,0,0,0,0,0,0,0
122296,1,1,1994,11,11,11,11,11,11,11,11,11,11
122297,1,1,1994,0,7,0,24,0,24,12,0,0,0
122298,1,1,1994,24,24,24,24,24,24,24,24,24,24
122298,2,1,1994,0,0,0,0,0,0,0,0,6,0
122299,0,1,1994,0,0,0,0,25,0,18,32,0,4
122299,1,1,1994,0,0,0,0,0,18,0,10,0,5
122300,0,1,1994,0,0,0,0,0,0,0,0,0,0
122300,1,1,1994,0,0,0,0,0,0,0,0,0,0
122300,2,1,1994,0,0,0,0,0,0,0,0,0,6
122301,0,1,1994,0,0,0,0,0,0,0,0,0,0
122301,1,1,1994,0,0,0,0,0,0,0,39,0,0
122302,1,1,1994,0,0,0,0,0,0,0,0,0,0
122302,2,1,1994,0,16,0,0,0,0,20,0,0,0
122302,3,1,1994,0,0,0,0,0,0,0,0,0,0
122303,1,1,1994,10,10,10,10,10,10,10,10,10,10
122304,1,1,1994,0,0,0,0,0,0,0,0,0,0
122305,1,1,1994,0,0,0,0,0,0,0,0,0,0
122308,1,1,1994,0,0,0,0,0,0,0,10,0,0
122308,2,1,1994,0,19,0,0,0,0,0,0,0,0
122309,1,1,1994,0,0,0,16,0,0,0,0,0,0
122309,2,1,1994,0,0,0,0,0,0,0,0,0,0
122310,0,1,1994,0,0,0,0,0,0,0,0,0,0
122310,1,1,1994,0,0,0,0,0,0,0,0,0,0
122311,1,1,1994,0,0,29,17,0,0,0,5,0,0
122312,1,1,1994,24,24,24,24,24,24,24,24,24,24
122313,1,1,1994,0,0,0,0,0,0,0,12,0,21
122313,2,1,1994,0,0,0,0,0,0,0,0,0,0
122314,1,1,1994,0,0,0,0,0,0,0,0,0,0
122314,2,1,1994,0,0,0,0,0,0,0,0,0,0
122315,1,1,1994,0,0,0,0,0,0,0,0,0,0
122315,2,1,1994,0,0,0,0,0,0,0,0,0,0
122315,3,1,1994,0,0,0,0,0,19,0,0,0,0
122316,1,1,1994,0,0,0,0,0,0,0,0,17,0
122316,2,1,1994,0,0,0,0,0,0,0,0,0,0
122317,0,1,1994,0,0,0,0,29,0,0,0,0,0
122317,1,1,1994,0,0,0,0,0,0,0,0,0,0
122318,0,1,1994,0,0,0,0,0,0,15,0,0,0
122318,1,1,1994,0,0,0,0,0,0,0,0,0,0
122319,1,1,1994,0,0,0,0,0,0,0,0,0,0
122319,2,1,1994,0,0,0,0,0,0,0,0,0,0
122320,0,1,1994,0,21,20,0,0,0,27,0,0,0
122320,1,1,1994,0,0,0,0,0,0,0,0,0,0
122321,1,1,1994,7,7,7,7,7,7,7,7,7,7
122321,2,1,1994,0,0,0,0,0,0,0,0,0,0
122322,0,1,1994,14,14,14,14,14,14,14,14,14,14
122322,1,1,1994,0,0,8,9,0,0,0,20,0,6
122323,1,1,1994,0,0,0,0,0,0,0,0,0,0
122323,2,1,1994,0,0,0,0,0,0,0,0,0,0
122323,3,1,1994,0,0,0,0,0,0,0,0,0,0
122324,1,1,1994,0,0,0,0,0,0,0,0,0,0
122324,2,1,1994,0,22,0,0,0,0,0,3,0,0
122324,3,1,1994,0,0,0,0,0,0,0,0,0,0
122325,1,1,1994,0,0,0,0,0,0,0,0,0,0
122326,1,1,1994,0,0,0,0,0,0,0,0,0,0
122326,2,1,1994,0,10,0,0,5,0,0,11,0,4
122327,1,1,1994,0,0,0,0,0,0,0,0,0,0
122327,2,1,1994,0,0,0,14,0,0,0,0,0,0
122329,1,1,1994,0,13,0,0,0,0,0,0,0,0
122329,2,1,1994,0,0,0,0,0,0,0,0,0,0
122330,1,1,1994,0,0,0,0,0,0,0,0,0,0
122331,0,1,1994,0,0,0,0,0,0,0,0,30,0
122331,0,2,1994,0,0,0,0,25,0,0,0,0,0
122331,1,1,1994,0,0,0,0,0,0,0,0,0,0
122332,1,1,1994,0,0,0,9,0,0,0,0,0,0
122332,2,1,1994,0,0,0,0,0,0,0,0,0,0
122333,1,1,1994,0,0,0,0,0,0,0,0,0,0
122333,2,1,1994,0,0,0,0,0,0,0,0,0,0
122334,1,1,1994,0,0,0,0,0,0,0,0,0,0
122335,1,1,1994,28,0,0,0,0,0,0,0,0,0
122335,2,1,1994,0,0,0,0,0,0,0,0,0,0
122336,1,1,1994,0,0,0,3,0,0,0,0,0,0
122337,1,1,1994,0,0,0,0,0,0,0,0,0,0
122338,1,1,1994,0,0,0,0,0,0,0,0,0,0
122339,1,1,1994,0,0,0,0,0,0,0,0,0,0
122339,2,1,1994,0,0,0,0,0,0,0,0,0,0
122340,1,1,1994,0,7,11,0,0,0,0,0,0,8
122340,2,1,1994,0,0,0,0,0,0,0,0,0,0
122341,0,1,1994,0,12,0,0,0,0,0,32,31,36
122341,1,1,1994,0,0,0,0,0,0,0,0,0,0
122342,0,1,1994,0,0,0,0,0,0,0,0,0,0
122342,1,1,1994,0,0,0,0,0,2,0,0,0,0
122343,1,1,1994,19,19,19,19,19,19,19,19,19,19
122343,2,1,1994,0,0,0,0,0,0,0,0,0,0
122344,1,1,1994,23,23,23,23,23,23,23,23,23,23
122344,2,1,1994,7,7,7,7,7,7,7,7,7,7
122345,0,1,1994,0,0,0,0,0,0,0,0,0,0
122345,0,2,1994,0,0,0,0,0,0,0,0,0,33
122345,1,1,1994,0,0,0,0,0,0,0,0,0,0
122346,0,1,1994,0,0,0,0,0,0,0,0,0,0
122346,1,1,1994,0,0,0,0,0,0,0,0,13,0
122347,1,1,1994,0,0,0,0,0,0,0,0,0,0
122347,2,1,1994,0,0,0,0,0,0,0,0,0,0
122348,1,1,1994,0,26,10,4,18,25,0,0,0,0
122348,2,1,1994,0,0,0,0,0,0,0,0,0,0
122349,1,1,1994,0,0,0,0,0,0,0,0,0,19
122349,2,1,1994,0,0,0,0,0,0,0,0,0,0