ST_CASE,VEH_NO,PER_NO,YEAR,P1,P2,P3,P4,P5,P6,P7,P8,P9,P10
170174,1,1,1994,3,3,3,3,3,3,3,3,3,3
170175,0,1,1994,0,0,0,0,0,0,0,0,0,0
170175,1,1,1994,0,0,0,0,0,0,7,0,0,0
170176,1,1,1994,0,0,0,0,0,0,0,0,0,0
170177,1,1,1994,0,0,0,0,0,0,0,0,0,0
170177,2,1,1994,0,0,0,0,0,0,0,0,0,0
170177,3,1,1994,0,0,0,0,0,0,0,0,0,0
170178,0,1,1994,0,0,0,0,0,0,0,0,0,0
170178,1,1,1994,0,0,0,0,0,0,0,0,0,0
170179,1,1,1994,18,14,16,14,12,6,18,48,16,15
170180,0,1,1994,11,0,12,0,0,0,20,0,17,34
170180,1,1,1994,0,0,15,18,26,0,0,0,0,0
170181,0,1,1994,0,0,0,0,0,0,0,0,0,0
170181,1,1,1994,18,21,6,29,13,15,27,8,11,10
170182,1,1,1994,26,26,26,26,26,26,26,26,26,26
170182,2,1,1994,20,20,20,20,20,20,20,20,20,20
170183,0,1,1994,0,0,0,0,0,0,0,0,0,0
170183,1,1,1994,30,21,33,21,21,23,3,20,26,8
170184,1,1,1994,20,20,20,20,20,20,20,20,20,20
170184,2,1,1994,0,0,0,0,0,0,0,0,0,0
170185,1,1,1994,6,6,6,6,6,6,6,6,6,6
170186,1,1,1994,16,16,16,16,16,16,16,16,16,16
170187,1,1,1994,0,0,0,0,0,0,0,0,0,0
170188,1,1,1994,30,7,13,23,24,21,14,29,21,27
170189,0,1,1994,0,0,0,0,0,0,0,0,0,0
170189,1,1,1994,0,0,0,0,0,0,0,17,0,0
170190,1,1,1994,29,29,29,29,29,29,29,29,29,29
170190,2,1,1994,0,0,0,0,0,0,0,0,0,0
170191,1,1,1994,0,0,16,17,19,0,0,14,5,6
170192,1,1,1994,0,0,0,0,0,0,0,0,0,0
170193,1,1,1994,9,32,0,29,7,5,15,0,27,23
170194,1,1,1994,9,9,9,9,9,9,9,9,9,9
170195,1,1,1994,0,0,0,0,0,0,0,0,0,0
170196,1,1,1994,0,0,0,0,14,0,0,0,0,0
170196,2,1,1994,0,0,0,0,0,21,0,0,0,0
170196,3,1,1994,0,0,0,0,0,0,0,0,0,0
170197,1,1,1994,0,0,0,0,0,0,0,0,0,0
170197,2,1,1994,0,0,0,0,0,0,0,0,0,0
170198,1,1,1994,4,0,0,0,0,0,0,0,11,0
170199,1,1,1994,27,27,27,27,27,27,27,27,27,27
170199,2,1,1994,0,0,0,0,0,23,0,0,0,0
170200,1,1,1994,0,0,0,0,0,0,0,0,0,0
170201,0,1,1994,12,12,12,12,12,12,12,12,12,12
170201,2,1,1994,22,22,22,22,22,22,22,22,22,22
170202,1,1,1994,9,9,9,9,9,9,9,9,9,9
170202,2,1,1994,10,0,0,0,0,0,0,0,0,0
170203,0,1,1994,0,0,0,0,0,0,0,0,0,0
170203,0,2,1994,0,0,0,0,11,0,11,14,0,0
170203,0,3,1994,21,0,0,0,0,0,0,0,0,0
170203,1,1,1994,0,0,0,0,0,0,0,0,0,0
170204,0,1,1994,0,0,0,0,0,0,0,0,0,0
170204,1,1,1994,0,0,0,0,0,0,0,0,0,0
170205,0,1,1994,0,0,0,0,0,0,0,0,0,0
170205,1,1,1994,0,0,0,0,0,0,0,0,0,0
170206,0,1,1994,19,19,19,19,19,19,19,19,19,19
170206,1,1,1994,0,0,0,0,0,0,0,0,0,0
170207,1,1,1994,0,0,0,0,0,0,0,0,0,0
170208,1,1,1994,9,9,9,9,9,9,9,9,9,9
170208,2,1,1994,0,0,0,0,0,0,0,0,0,0
170209,1,1,1994,16,16,16,16,16,16,16,16,16,16
170209,2,1,1994,0,0,0,0,0,0,0,0,0,0
170210,0,1,1994,0,0,0,0,0,0,0,0,0,0
170210,1,1,1994,0,0,0,24,0,0,0,0,0,0
170211,1,1,1994,0,0,0,0,0,0,0,0,0,0
170212,1,1,1994,26,26,26,26,26,26,26,26,26,26
170212,2,1,1994,0,0,0,0,0,0,21,0,0,0
170213,1,1,1994,10,10,10,10,10,10,10,10,10,10
170214,1,1,1994,0,0,13,0,0,0,0,0,16,15
170215,1,1,1994,19,17,16,18,13,12,17,0,11,31
170215,2,1,1994,0,0,0,0,0,0,0,0,0,0
170216,1,1,1994,35,35,35,35,35,35,35,35,35,35
170217,1,1,1994,0,0,0,0,0,0,0,0,0,0
170217,2,1,1994,10,0,0,0,6,0,0,0,19,0
170217,3,1,1994,0,0,0,0,0,0,0,0,0,0
170218,1,1,1994,0,0,0,0,0,0,0,0,0,0
170219,1,1,1994,19,19,19,19,19,19,19,19,19,19
170220,0,1,1994,30,30,30,30,30,30,30,30,30,30
170220,1,1,1994,10,10,10,10,10,10,10,10,10,10
170221,0,1,1994,23,23,23,23,23,23,23,23,23,23
170221,1,1,1994,16,14,7,33,26,18,22,0,19,15
170222,1,1,1994,0,0,0,0,0,0,0,0,0,0
170223,1,1,1994,27,27,27,27,27,27,27,27,27,27
170224,1,1,1994,0,0,0,0,0,0,0,0,0,0
170224,2,1,1994,0,0,0,0,0,0,0,0,0,0
170225,1,1,1994,0,0,0,0,0,0,0,0,0,0
170225,2,1,1994,0,0,0,0,0,0,0,0,0,0
170226,1,1,1994,0,0,0,0,0,0,0,0,0,0
170227,1,1,1994,0,0,0,0,0,0,0,0,0,0
170227,2,1,1994,0,0,0,0,0,0,0,0,0,0
170228,0,1,1994,0,0,0,0,0,0,0,0,0,0
170228,0,2,1994,0,0,0,0,0,6,0,0,0,0
170228,0,3,1994,0,0,0,0,0,0,0,0,0,0
170228,1,1,1994,0,0,0,0,0,0,0,0,0,0
170229,1,1,1994,0,0,0,0,0,0,0,0,0,0
170230,1,1,1994,22,22,22,22,22,22,22,22,22,22
170231,1,1,1994,0,0,0,0,0,0,0,0,0,0
170232,0,1,1994,0,0,0,0,0,0,0,0,0,0
170232,1,1,1994,10,10,10,10,10,10,10,10,10,10
170233,1,1,1994,27,27,27,27,27,27,27,27,27,27
170234,1,1,1994,17,17,17,17,17,17,17,17,17,17
170235,1,1,1994,17,17,17,17,17,17,17,17,17,17
170235,2,1,1994,0,0,0,0,0,0,0,0,0,0
170236,1,1,1994,0,0,0,0,0,0,0,0,0,0
170237,1,1,1994,0,0,0,0,0,0,0,0,0,0
170237,2,1,1994,0,0,0,0,0,0,0,0,0,0
170238,1,1,1994,15,15,15,15,15,15,15,15,15,15
170238,2,1,1994,11,10,0,0,22,0,12,22,9,0
170239,1,1,1994,42,42,42,42,42,42,42,42,42,42
170240,1,1,1994,11,0,22,19,13,20,7,16,35,16
170240,2,1,1994,0,0,0,0,0,0,0,0,0,0
170241,1,1,1994,25,25,25,25,25,25,25,25,25,25
170242,1,1,1994,0,0,0,0,0,0,0,0,0,0
170242,2,1,1994,0,0,0,0,0,0,0,0,0,0
170243,1,1,1994,10,10,10,10,10,10,10,10,10,10
170243,2,1,1994,15,15,15,15,15,15,15,15,15,15
170244,1,1,1994,0,16,0,0,0,0,0,0,0,0
170245,1,1,1994,19,19,19,19,19,19,19,19,19,19
170246,1,1,1994,0,0,0,0,0,0,0,0,0,0
170247,1,1,1994,16,18,3,21,12,12,0,6,14,16
170247,2,1,1994,0,0,0,0,0,0,0,0,0,0
170247,3,1,1994,0,21,0,0,0,0,0,0,0,13
170247,4,1,1994,0,0,0,0,0,0,0,0,0,0
170248,1,1,1994,0,0,0,0,0,0,0,0,0,0
170248,2,1,1994,2,2,2,2,2,2,2,2,2,2
170249,1,1,1994,0,0,14,0,0,0,0,0,0,0
170250,1,1,1994,20,20,20,20,20,20,20,20,20,20
170251,1,1,1994,0,0,0,0,0,0,0,0,0,0
170252,1,1,1994,0,0,0,0,0,0,0,0,0,0
170252,2,1,1994,0,0,0,0,0,0,0,0,0,0
170253,1,1,1994,0,0,0,0,0,0,0,0,0,0
170253,2,1,1994,0,0,0,0,0,0,0,0,0,0
170253,3,1,1994,0,0,0,0,0,0,0,0,0,0
170253,4,1,1994,0,0,0,0,0,0,0,0,0,0
170254,1,1,1994,10,10,10,10,10,10,10,10,10,10
170255,1,1,1994,0,0,0,0,0,0,0,0,0,0
170256,0,1,1994,0,0,0,0,0,0,0,0,0,0
170256,0,2,1994,0,0,0,0,0,0,0,0,0,0
170256,1,1,1994,0,0,0,0,0,0,0,0,0,0
170256,2,1,1994,0,0,0,0,0,0,0,0,0,0
170257,1,1,1994,0,0,0,21,0,0,0,0,0,0
170257,2,1,1994,0,0,0,0,0,15,0,0,0,0
170258,1,1,1994,2,2,2,2,2,2,2,2,2,2
170259,1,1,1994,0,0,0,0,0,0,0,0,0,0
170260,0,1,1994,17,17,17,17,17,17,17,17,17,17
170260,1,1,1994,1,1,1,1,1,1,1,1,1,1
170261,1,1,1994,25,0,23,0,13,0,8,18,0,26
170262,1,1,1994,24,24,24,24,24,24,24,24,24,24
170262,2,1,1994,30,30,30,30,30,30,30,30,30,30
170263,1,1,1994,33,33,33,33,33,33,33,33,33,33
170264,1,1,1994,17,17,17,17,17,17,17,17,17,17
170264,2,1,1994,0,0,0,0,0,0,0,0,0,0
170265,1,1,1994,22,22,22,22,22,22,22,22,22,22
170266,1,1,1994,18,18,18,18,18,18,18,18,18,18
170266,2,1,1994,11,0,0,0,0,4,0,0,0,0
170267,1,1,1994,0,0,0,3,19,0,0,0,24,17
170267,2,1,1994,0,0,0,0,0,0,0,0,0,0
170268,1,1,1994,18,18,18,18,18,18,18,18,18,18
170269,0,1,1994,0,0,0,0,0,0,0,0,0,0
170269,1,1,1994,0,0,0,0,0,0,0,0,0,0
170270,1,1,1994,11,11,11,11,11,11,11,11,11,11
170271,1,1,1994,0,0,0,0,0,0,0,0,0,0
170271,2,1,1994,0,0,0,0,0,0,0,0,0,0
170272,1,1,1994,11,11,11,11,11,11,11,11,11,11
170273,1,1,1994,19,19,19,19,19,19,19,19,19,19
170273,2,1,1994,26,26,26,26,26,26,26,26,26,26
170274,1,1,1994,0,0,0,0,0,0,0,0,0,0
170275,1,1,1994,0,0,0,0,0,0,0,0,0,0
170276,0,1,1994,0,0,0,0,0,0,0,0,0,0
170276,1,1,1994,0,0,0,0,0,0,0,0,0,0
170277,1,1,1994,3,3,3,3,3,3,3,3,3,3
170278,1,1,1994,0,0,0,0,0,0,0,0,0,0
170278,2,1,1994,0,0,0,0,0,0,0,0,0,0
170279,1,1,1994,17,17,17,17,17,17,17,17,17,17
170280,1,1,1994,0,0,0,0,0,0,0,0,0,0
170280,2,1,1994,0,0,0,0,0,0,0,0,0,0
170281,1,1,1994,0,0,0,0,0,0,0,0,0,0
170281,2,1,1994,0,0,0,0,0,0,0,0,0,0
170282,0,1,1994,32,32,32,32,32,32,32,32,32,32
170282,1,1,1994,0,0,0,0,0,0,0,0,0,0
170283,1,1,1994,0,0,0,0,0,0,0,0,0,0
170284,0,1,1994,0,0,0,0,0,0,0,0,0,0
170284,1,1,1994,0,0,0,0,0,0,12,0,0,0
170285,1,1,1994,0,0,0,0,0,0,0,0,0,0
170285,2,1,1994,0,0,0,0,0,0,0,0,0,0
170285,3,1,1994,0,0,0,0,0,0,0,0,0,0
170286,1,1,1994,0,0,0,0,0,0,0,0,0,0
170287,1,1,1994,0,0,0,0,0,0,0,0,0,0
170288,1,1,1994,0,0,0,0,0,0,0,0,0,0
170289,1,1,1994,0,0,0,0,0,0,0,0,0,0
170289,2,1,1994,0,0,0,0,0,0,0,0,0,0
170290,1,1,1994,0,0,0,0,0,0,0,0,0,0
170291,1,1,1994,21,24,22,22,10,20,23,15,27,17
170291,2,1,1994,0,0,0,0,0,0,0,0,0,0
170292,1,1,1994,26,26,26,26,26,26,26,26,26,26
170293,0,1,1994,0,0,0,0,0,0,0,0,0,0
170293,0,2,1994,40,0,7,13,13,0,3,42,9,30
170293,1,1,1994,0,36,6,0,25,0,7,9,0,25
170294,1,1,1994,13,13,13,13,13,13,13,13,13,13
170295,1,1,1994,28,28,28,28,28,28,28,28,28,28
170296,1,1,1994,0,0,0,0,0,0,0,0,0,0
170296,2,1,1994,0,0,0,0,0,0,0,0,0,0
170297,0,1,1994,24,0,27,0,12,2,23,16,28,20
170297,1,1,1994,0,5,0,0,0,0,0,0,0,0
170298,0,1,1994,0,0,0,0,0,0,0,0,0,0
170298,0,2,1994,0,0,0,0,0,15,0,0,0,0
170298,1,1,1994,0,16,7,12,0,0,0,13,11,12
170299,1,1,1994,0,0,0,0,0,0,0,0,0,0
170300,1,1,1994,0,0,0,0,0,0,0,0,0,0
170301,1,1,1994,0,0,0,0,0,0,0,0,0,0
170301,2,1,1994,0,0,0,0,0,0,0,0,0,0
170301,3,1,1994,0,0,0,0,0,0,0,0,0,0
170302,0,1,1994,0,0,0,0,0,0,0,0,0,0
170302,1,1,1994,0,0,0,0,0,0,0,0,0,0
170303,1,1,1994,26,0,0,0,0,0,0,0,0,0
170303,2,1,1994,0,0,0,0,0,0,0,0,0,0
170304,1,1,1994,0,0,0,0,0,0,0,0,0,0
170304,2,1,1994,0,0,0,0,0,0,0,0,0,0
170305,1,1,1994,11,0,0,0,15,11,8,0,0,19
170306,1,1,1994,0,0,0,0,0,0,0,0,0,0
170306,2,1,1994,0,0,0,0,0,0,0,0,0,0
170307,0,1,1994,26,26,26,26,26,26,26,26,26,26
170307,1,1,1994,0,0,0,0,0,0,0,0,0,0
170308,0,1,1994,0,0,0,0,0,0,0,0,0,0
170308,1,1,1994,0,0,0,0,0,0,0,0,0,0
170309,1,1,1994,5,5,5,5,5,5,5,5,5,5
170309,2,1,1994,1,1,1,1,1,1,1,1,1,1
170310,1,1,1994,0,0,0,0,0,0,0,0,0,0
170311,0,1,1994,0,0,0,0,0,0,0,0,0,0
170311,1,1,1994,0,0,0,0,0,0,0,0,0,0
170312,1,1,1994,8,8,8,8,8,8,8,8,8,8
170313,1,1,1994,24,24,24,24,24,24,24,24,24,24
170314,0,1,1994,9,9,9,9,9,9,9,9,9,9
170314,1,1,1994,29,11,24,26,13,22,12,14,19,12
170314,2,1,1994,0,0,0,0,0,0,0,0,0,0
170315,1,1,1994,0,0,0,0,0,0,0,0,0,0
170316,1,1,1994,0,0,20,25,16,16,0,28,0,3
170317,1,1,1994,21,21,21,21,21,21,21,21,21,21
170318,0,1,1994,12,12,12,12,12,12,12,12,12,12
170318,1,1,1994,0,0,0,0,0,0,0,0,0,0
170319,0,1,1994,0,0,0,0,0,0,0,0,0,0
170319,1,1,1994,0,0,0,0,0,0,0,0,0,0
170320,1,1,1994,0,0,0,0,0,0,0,0,0,0
170320,2,1,1994,0,0,0,28,0,0,0,0,0,0
170321,1,1,1994,0,0,0,0,0,0,0,0,0,0
170322,0,1,1994,0,0,0,0,0,0,12,10,20,7
170322,1,1,1994,0,0,0,0,0,0,0,0,0,0
170323,0,1,1994,1,1,1,1,1,1,1,1,1,1
170323,1,1,1994,0,0,0,0,0,0,0,0,0,0
170324,1,1,1994,0,0,11,0,0,0,0,0,0,0
170324,2,1,1994,0,13,0,0,0,12,20,11,13,0
170325,0,1,1994,0,0,0,0,0,0,0,0,0,0
170325,1,1,1994,0,0,0,0,0,20,0,0,0,0
170326,1,1,1994,0,0,0,0,0,0,0,0,0,0
170326,2,1,1994,0,0,0,0,0,0,0,0,0,0
170327,0,1,1994,0,15,15,0,0,0,0,13,18,0
170327,0,2,1994,0,0,0,0,0,0,0,0,0,0
170327,1,1,1994,0,6,9,0,34,0,0,0,3,0
170327,2,1,1994,0,0,0,0,0,0,0,0,0,30
170328,1,1,1994,0,0,0,0,0,0,0,0,0,0
170328,2,1,1994,0,0,0,0,0,0,0,0,0,0
170328,3,1,1994,0,15,0,0,0,0,0,19,0,0
170328,4,1,1994,0,0,0,0,0,0,0,0,0,0
170329,0,1,1994,0,0,0,0,0,0,0,0,0,0
170329,1,1,1994,0,4,0,0,0,4,0,0,0,0
170330,1,1,1994,0,0,0,0,0,0,0,0,0,0
170330,2,1,1994,0,0,0,0,0,0,0,0,0,0
170331,1,1,1994,9,9,9,9,9,9,9,9,9,9
170331,2,1,1994,0,0,0,0,0,0,0,0,0,0
170332,1,1,1994,0,0,0,0,0,0,0,0,0,0
170332,2,1,1994,0,0,0,0,0,0,0,0,0,0
170333,1,1,1994,0,0,0,0,0,0,0,0,0,0
170333,2,1,1994,0,0,0,12,27,0,0,0,0,0
170334,1,1,1994,5,5,5,5,5,5,5,5,5,5
170334,2,1,1994,12,12,12,12,12,12,12,12,12,12
170334,3,1,1994,0,0,0,0,16,43,21,18,0,20
170335,1,1,1994,15,15,15,15,15,15,15,15,15,15
170336,1,1,1994,19,14,12,9,24,20,8,3,9,11
170337,1,1,1994,18,18,18,18,18,18,18,18,18,18
170338,1,1,1994,21,21,21,21,21,21,21,21,21,21
170339,0,1,1994,0,0,0,0,0,0,0,0,0,0
170339,1,1,1994,0,0,0,0,0,0,0,0,0,0
170340,0,1,1994,0,0,0,0,0,0,0,0,0,0
170340,1,1,1994,0,0,0,0,0,0,0,0,0,0
170341,1,1,1994,12,12,12,12,12,12,12,12,12,12
170342,1,1,1994,14,40,0,0,0,25,0,0,0,0
170343,0,1,1994,0,0,0,0,0,0,0,0,0,0
170343,1,1,1994,0,0,0,0,0,0,0,0,0,0
170344,1,1,1994,25,25,25,25,25,25,25,25,25,25
170345,1,1,1994,0,0,0,0,0,0,0,0,0,0
170346,1,1,1994,19,19,19,19,19,19,19,19,19,19
170347,1,1,1994,14,14,14,14,14,14,14,14,14,14
170347,2,1,1994,0,0,0,0,0,0,0,0,0,0
170348,1,1,1994,14,14,14,14,14,14,14,14,14,14
170349,1,1,1994,0,0,0,0,0,0,0,0,0,0
170350,1,1,1994,8,8,8,8,8,8,8,8,8,8
170351,1,1,1994,3,3,3,3,3,3,3,3,3,3
170351,2,1,1994,0,0,6,0,0,0,0,0,0,14
170352,1,1,1994,0,0,0,0,0,0,0,0,0,0
170353,1,1,1994,13,13,13,13,13,13,13,13,13,13
170353,2,1,1994,0,6,0,3,0,0,0,13,0,0
170354,0,1,1994,0,28,22,0,16,0,17,9,0,16
170354,1,1,1994,0,0,15,0,0,0,0,0,0,0
170355,1,1,1994,11,11,11,11,11,11,11,11,11,11
170356,1,1,1994,4,4,4,4,4,4,4,4,4,4
170357,1,1,1994,0,0,0,0,0,0,0,0,0,0
170357,2,1,1994,0,9,0,0,0,0,0,0,0,0
170358,0,1,1994,24,24,24,24,24,24,24,24,24,24
170358,1,1,1994,0,0,0,0,0,0,0,0,0,9
170359,1,1,1994,0,0,0,0,0,0,0,0,0,0
170360,1,1,1994,0,0,0,0,0,0,0,0,0,0
170361,1,1,1994,22,22,22,22,22,22,22,22,22,22
170361,2,1,1994,0,6,0,0,0,0,0,0,0,0
170362,1,1,1994,0,0,0,0,0,0,0,0,0,0
170362,2,1,1994,0,0,5,9,0,0,0,0,0,0
170363,1,1,1994,0,0,0,0,0,0,0,0,0,0
170364,1,1,1994,0,0,0,0,0,0,0,0,0,0
170365,1,1,1994,0,0,0,0,0,0,0,0,0,0
170366,1,1,1994,0,0,0,0,0,0,0,0,0,0
170366,2,1,1994,0,0,0,0,0,0,0,0,0,0
170367,1,1,1994,17,17,17,17,17,17,17,17,17,17
170367,2,1,1994,0,0,0,16,9,0,0,0,0,0
170368,0,1,1994,0,27,0,0,0,0,0,0,0,0
170368,1,1,1994,0,0,0,0,0,0,0,0,0,10
170369,1,1,1994,10,10,10,10,10,10,10,10,10,10
170370,1,1,1994,29,29,29,29,29,29,29,29,29,29
170370,2,1,1994,9,0,0,0,0,0,0,0,0,0
170371,1,1,1994,22,22,22,22,22,22,22,22,22,22
170371,2,1,1994,0,0,0,0,0,0,0,0,0,0
170372,1,1,1994,21,21,21,21,21,21,21,21,21,21
170373,1,1,1994,6,6,6,6,6,6,6,6,6,6
170373,2,1,1994,0,0,0,0,0,0,0,0,0,0
170374,1,1,1994,13,13,13,13,13,13,13,13,13,13
170374,2,1,1994,0,0,0,0,0,0,0,0,0,0
170375,0,1,1994,35,35,35,35,35,35,35,35,35,35
170375,1,1,1994,0,16,28,16,0,0,0,0,0,0
170376,1,1,1994,14,14,14,14,14,14,14,14,14,14
170377,1,1,1994,14,14,14,14,14,14,14,14,14,14
170378,1,1,1994,28,28,28,28,28,28,28,28,28,28
170379,1,1,1994,11,11,11,11,11,11,11,11,11,11
170380,1,1,1994,0,0,0,0,0,0,0,0,0,0
170380,2,1,1994,0,0,0,0,0,0,0,0,0,0
170381,1,1,1994,0,0,0,0,0,0,0,0,0,0
170382,0,1,1994,25,25,25,25,25,25,25,25,25,25
170382,1,1,1994,0,0,0,0,0,0,8,0,0,0
170383,0,1,1994,17,17,17,17,17,17,17,17,17,17
170383,0,2,1994,13,8,0,0,8,19,0,0,0,0
170383,1,1,1994,23,21,25,25,8,39,0,16,9,0
170384,1,2,1994,0,0,0,0,0,0,0,0,0,0
170385,1,1,1994,0,0,0,0,0,0,0,0,0,0
170385,2,1,1994,0,0,0,0,0,0,0,0,0,0
170386,1,1,1994,10,10,10,10,10,10,10,10,10,10
170386,2,1,1994,0,0,0,0,0,0,0,0,0,0
170387,1,1,1994,20,20,20,20,20,20,20,20,20,20
170388,1,1,1994,19,19,19,19,19,19,19,19,19,19
170389,1,1,1994,0,0,0,0,0,0,0,0,0,0
170390,1,1,1994,0,0,0,0,0,0,0,0,0,0
170390,2,1,1994,0,0,0,0,0,0,0,0,0,0
170391,1,1,1994,0,0,0,0,0,0,0,0,0,0
170391,2,1,1994,0,0,0,0,0,0,0,0,0,0
170392,1,1,1994,0,0,0,10,0,0,0,0,24,0
170393,0,1,1994,0,0,0,0,0,0,0,0,0,0
170393,1,1,1994,0,0,0,0,0,0,0,0,0,0
170394,1,1,1994,0,0,0,0,0,0,0,0,0,0
170394,2,1,1994,0,0,0,0,0,0,0,0,0,0
170395,0,1,1994,0,0,0,0,0,0,0,0,0,0
170395,1,1,1994,0,0,0,0,0,0,0,0,0,0
170396,1,1,1994,1,1,1,1,1,1,1,1,1,1
170397,1,1,1994,25,25,25,25,25,25,25,25,25,25
170398,1,1,1994,0,0,0,0,7,0,0,0,0,0
170398,2,1,1994,0,16,0,0,0,0,17,0,0,0
170399,1,1,1994,0,0,0,0,29,0,0,0,0,0
170400,1,1,1994,0,0,0,0,0,0,0,0,0,0
170401,1,1,1994,0,10,0,0,3,0,22,4,0,0
170402,1,1,1994,0,0,0,0,0,0,0,0,0,0
170402,2,1,1994,0,0,0,0,0,0,0,0,0,0
170403,1,1,1994,20,20,20,20,20,20,20,20,20,20
170403,2,1,1994,10,7,13,8,10,16,11,11,0,13
170404,1,1,1994,0,0,0,0,0,0,0,0,0,0
170404,2,1,1994,5,5,5,5,5,5,5,5,5,5
170405,1,1,1994,0,0,0,0,0,0,0,0,0,0
170406,1,1,1994,0,0,0,0,0,0,0,0,0,0
170406,2,1,1994,0,0,0,0,0,0,0,0,0,23
170407,1,1,1994,0,0,0,0,0,0,0,0,0,0
170407,2,1,1994,0,0,0,0,0,0,0,0,0,0
170408,1,1,1994,0,0,0,0,0,0,0,0,0,0
170408,2,1,1994,0,0,0,0,0,0,0,0,0,0
170409,1,1,1994,0,0,0,0,0,0,0,0,0,0
170409,2,1,1994,0,0,0,0,0,0,0,0,0,0
170410,1,1,1994,0,0,0,0,0,0,0,0,0,0
170410,2,1,1994,0,0,0,0,0,0,0,0,0,0
170410,3,1,1994,0,0,0,0,0,0,0,0,0,0
170410,4,1,1994,0,0,0,0,0,0,0,0,0,0
170411,1,1,1994,0,0,0,0,0,0,0,0,0,0
170412,1,1,1994,0,0,0,0,0,0,0,0,0,0
170413,1,1,1994,0,0,0,0,0,0,0,0,0,0
170413,2,1,1994,5,0,0,0,0,0,0,0,0,0
170414,0,1,1994,0,0,27,0,0,0,0,0,0,0
170414,1,1,1994,0,0,0,0,0,0,0,0,0,0
170414,2,1,1994,0,0,0,0,0,0,0,0,0,0
170414,3,1,1994,0,0,0,0,0,0,0,0,0,0
170415,1,1,1994,0,0,0,0,0,0,0,0,0,0
170416,1,1,1994,16,16,16,16,16,16,16,16,16,16
170417,1,1,1994,0,0,0,0,0,0,0,0,0,0
170417,2,1,1994,0,0,0,0,0,0,0,0,0,0
170418,1,1,1994,16,16,16,16,16,16,16,16,16,16
170419,1,1,1994,0,0,0,0,0,0,0,0,0,0
170420,1,1,1994,0,0,0,0,0,0,0,0,0,0
170420,2,1,1994,0,0,0,0,0,0,0,0,0,0
170421,0,1,1994,0,0,0,0,0,0,0,0,0,0
170421,1,1,1994,0,0,0,0,0,0,0,0,0,0
170422,1,1,1994,8,13,28,23,0,9,14,21,31,0
170422,2,1,1994,0,0,0,0,0,0,0,0,0,0
170423,1,1,1994,15,15,15,15,15,15,15,15,15,15
170423,2,1,1994,0,0,0,0,13,0,0,0,0,0
170424,1,1,1994,0,0,0,0,0,0,18,0,0,0
170424,2,1,1994,0,0,0,0,0,0,0,0,0,7
170424,3,1,1994,0,0,0,0,0,0,0,0,0,0
170424,4,1,1994,0,0,0,0,0,0,0,0,0,0
170425,1,1,1994,17,17,17,17,17,17,17,17,17,17
170426,1,1,1994,30,30,30,30,30,30,30,30,30,30
170427,1,1,1994,0,0,0,0,0,0,0,0,0,0
170427,2,1,1994,0,0,0,0,0,0,0,0,0,0
170428,1,1,1994,0,0,0,0,0,0,8,0,0,0
170428,2,1,1994,0,0,0,0,0,0,0,0,0,0
170429,1,1,1994,0,0,0,0,0,0,0,0,0,0
170430,1,1,1994,0,0,0,0,0,0,0,0,0,0
170430,2,1,1994,0,0,0,0,0,0,0,0,0,0
170431,1,1,1994,0,0,0,0,0,0,0,0,0,0
170431,2,1,1994,0,0,0,0,0,0,0,0,0,0
170431,3,1,1994,0,0,0,0,0,0,0,0,0,0
170432,1,1,1994,43,43,43,43,43,43,43,43,43,43
170433,1,1,1994,0,0,0,0,0,0,0,0,0,0
170433,2,1,1994,0,0,0,0,0,0,0,0,0,0
170434,1,1,1994,0,0,0,0,0,0,0,0,0,0
170434,2,1,1994,0,0,0,0,0,0,0,0,0,0
170435,0,1,1994,0,0,0,0,0,0,0,0,0,0
170435,1,1,1994,0,0,0,0,0,0,0,0,0,0
170436,1,1,1994,0,0,0,0,0,0,3,13,0,0
170437,1,1,1994,0,0,0,0,0,0,0,0,0,0
170437,2,1,1994,0,0,0,0,0,0,0,0,0,0
170437,3,1,1994,0,0,0,0,0,0,0,0,0,0
170438,1,1,1994,0,0,0,0,0,0,0,0,0,0
170439,1,1,1994,0,0,0,0,0,19,0,0,0,0
170440,1,1,1994,0,0,0,0,0,0,0,0,0,0
170440,2,1,1994,0,0,0,0,0,0,0,0,0,27
170441,1,1,1994,0,0,0,0,0,0,0,0,0,0
170441,2,1,1994,0,0,0,0,0,0,0,0,0,0
170442,1,1,1994,0,0,0,0,0,0,0,0,0,0
170442,2,1,1994,0,0,23,0,0,0,0,0,0,0
170443,1,1,1994,22,16,11,11,16,14,0,36,0,14
170443,2,1,1994,0,0,0,0,0,0,0,6,0,0
170444,1,1,1994,14,14,14,14,14,14,14,14,14,14
170445,1,1,1994,0,0,0,0,0,0,0,0,0,0
170446,1,1,1994,16,16,16,16,16,16,16,16,16,16
170447,1,1,1994,0,0,0,0,0,0,0,0,0,0