ST_CASE,VEH_NO,PER_NO,YEAR,P1,P2,P3,P4,P5,P6,P7,P8,P9,P10
171244,2,1,1994,0,0,0,0,0,0,0,0,0,0
171245,1,1,1994,0,0,0,0,0,0,0,0,0,0
171246,1,1,1994,33,33,33,33,33,33,33,33,33,33
171247,1,1,1994,18,18,18,18,18,18,18,18,18,18
171247,2,1,1994,0,0,0,0,0,0,0,0,0,0
171247,3,1,1994,0,0,0,0,0,0,0,0,0,0
171248,0,1,1994,0,0,0,0,0,0,0,0,0,0
171248,1,1,1994,30,0,0,0,0,0,0,0,0,0
171249,0,1,1994,18,0,0,0,0,0,0,0,7,0
171249,1,1,1994,0,0,0,0,0,0,0,0,0,0
171250,1,1,1994,0,0,0,0,0,0,0,0,0,0
171250,2,1,1994,0,0,0,0,0,0,0,0,0,0
171251,1,1,1994,20,20,20,20,20,20,20,20,20,20
171252,1,1,1994,8,8,8,8,8,8,8,8,8,8
171252,2,1,1994,0,0,0,0,0,0,0,0,0,0
171253,1,1,1994,0,0,0,0,0,0,0,0,0,0
171253,2,1,1994,0,0,0,0,0,0,0,0,0,0
171254,1,1,1994,18,0,41,0,9,18,0,0,5,0
171255,1,1,1994,0,0,0,0,0,0,0,0,0,0
171255,2,1,1994,0,11,0,0,0,0,0,0,0,0
171256,1,1,1994,20,0,0,0,0,0,0,0,0,14
171256,2,1,1994,0,0,0,0,0,0,0,0,0,0
171257,0,1,1994,19,19,19,19,19,19,19,19,19,19
171257,1,1,1994,0,0,0,6,0,8,15,9,0,0
171258,1,1,1994,0,0,0,0,0,0,0,0,0,0
171259,1,1,1994,0,0,0,0,0,0,0,0,0,0
171259,2,1,1994,0,0,0,0,0,0,0,0,0,0
171260,1,1,1994,20,20,20,20,20,20,20,20,20,20
171260,2,1,1994,0,0,0,0,0,0,0,0,0,0
171262,1,1,1994,0,0,0,0,0,10,0,0,0,0
171263,1,1,1994,0,0,0,0,0,0,0,0,0,0
171263,2,1,1994,0,0,0,0,0,0,0,0,0,0
171264,0,1,1994,0,0,0,0,0,0,0,0,0,0
171264,1,1,1994,0,0,0,0,9,0,0,0,0,0
171265,1,1,1994,0,0,0,0,0,0,0,0,0,0
171265,2,1,1994,0,0,0,0,0,0,0,0,0,0
171265,3,1,1994,0,0,0,0,0,0,0,0,0,0
171265,4,1,1994,0,0,0,0,0,0,0,0,0,0
171266,0,1,1994,14,0,16,0,0,0,0,0,0,0
171266,0,2,1994,0,0,0,0,0,0,0,0,0,0
171266,1,1,1994,0,0,0,0,0,0,0,0,0,0
171267,1,1,1994,0,0,0,0,0,0,0,0,0,0
171268,1,1,1994,0,0,0,0,0,0,0,0,0,0
171268,2,1,1994,0,0,0,0,0,0,0,0,0,0
171269,0,1,1994,0,0,0,0,0,0,0,0,0,0
171269,1,1,1994,15,15,15,15,15,15,15,15,15,15
171270,1,1,1994,0,0,0,0,0,0,0,0,0,0
171270,2,1,1994,0,0,0,0,0,0,19,0,0,0
171271,1,1,1994,0,0,0,0,0,0,0,0,0,0
171272,1,1,1994,0,0,0,0,0,0,0,0,0,0
171272,2,1,1994,0,0,0,0,0,0,0,0,0,0
171273,1,1,1994,20,20,20,20,20,20,20,20,20,20
171274,0,1,1994,0,0,0,0,0,0,0,0,0,0
171274,1,1,1994,10,17,28,16,17,12,10,19,19,24
171275,0,1,1994,3,3,3,3,3,3,3,3,3,3
171275,1,1,1994,0,0,0,0,0,0,0,0,0,0
171276,1,1,1994,0,0,0,0,0,0,0,0,0,0
171276,2,1,1994,0,0,0,21,12,0,0,0,2,0
171277,1,1,1994,25,25,25,25,25,25,25,25,25,25
171277,2,1,1994,27,10,14,0,5,7,5,7,0,19
171278,1,1,1994,26,26,26,26,26,26,26,26,26,26
171279,0,1,1994,41,41,41,41,41,41,41,41,41,41
171279,1,1,1994,12,0,0,0,0,0,0,0,0,0
171279,2,1,1994,0,0,0,0,0,0,0,0,0,0
171280,1,1,1994,11,13,10,8,10,9,8,23,15,17
171280,2,1,1994,0,0,0,0,0,0,9,0,0,0
171281,1,1,1994,21,21,21,21,21,21,21,21,21,21
171281,2,1,1994,0,0,0,13,0,0,13,0,0,0
171282,1,1,1994,0,0,9,0,0,0,0,12,0,15
171283,0,1,1994,0,0,0,0,0,0,0,0,0,0
171283,1,1,1994,0,0,0,0,0,0,0,0,0,0
171283,2,1,1994,0,0,0,0,0,0,0,0,0,0
171283,3,1,1994,0,11,0,0,0,0,0,0,0,0
171283,4,1,1994,0,0,0,0,0,0,0,0,0,0
171283,5,1,1994,0,0,0,0,0,0,0,0,0,0
171284,0,1,1994,0,0,0,0,0,0,0,0,0,0
171284,1,1,1994,4,25,12,32,0,0,0,22,14,29
171285,1,1,1994,6,6,6,6,6,6,6,6,6,6
171286,1,1,1994,0,22,20,19,0,0,39,9,16,32
171287,1,1,1994,0,0,20,0,16,0,8,0,0,0
171288,1,1,1994,0,0,0,0,0,0,0,0,0,0
171289,1,1,1994,0,0,0,0,0,0,0,0,0,0
171289,2,1,1994,0,0,0,0,0,0,0,0,0,0
171290,0,1,1994,0,0,0,0,0,0,0,0,0,0
171290,1,1,1994,0,0,0,0,0,0,0,0,0,0
171291,1,1,1994,0,0,0,0,0,0,0,0,0,0
171291,2,1,1994,0,0,0,0,0,0,0,0,0,0
171292,1,1,1994,0,0,0,0,0,0,0,0,0,0
171293,1,1,1994,0,0,0,0,0,0,0,0,0,0
171294,1,1,1994,14,14,14,14,14,14,14,14,14,14
171294,2,1,1994,0,0,0,0,0,0,0,0,0,0
171295,1,1,1994,0,0,0,0,0,0,0,0,0,0
171295,2,1,1994,0,0,0,0,0,0,0,0,0,0
171295,3,1,1994,0,0,0,0,0,0,0,0,0,0
171295,4,1,1994,9,0,0,0,0,0,0,0,0,0
171295,5,1,1994,0,0,0,0,0,0,0,5,0,0
171296,1,1,1994,0,0,0,0,0,0,0,0,0,0
171296,2,1,1994,0,0,0,0,0,0,0,0,0,0
171297,1,1,1994,0,0,0,0,0,0,0,0,0,0
171297,2,1,1994,0,0,0,0,0,0,0,0,0,0
171298,1,1,1994,0,0,0,0,0,0,0,0,0,0
171299,1,1,1994,0,0,0,0,0,0,0,0,0,0
171300,1,1,1994,0,0,0,0,0,0,0,0,0,0
171300,2,1,1994,0,0,0,0,0,0,0,0,0,0
171300,3,1,1994,0,0,0,0,0,0,0,0,0,0
171301,1,1,1994,7,7,7,7,7,7,7,7,7,7
171301,2,1,1994,0,0,0,0,0,0,0,0,0,0
171302,1,1,1994,18,18,18,18,18,18,18,18,18,18
171303,1,1,1994,4,4,4,4,4,4,4,4,4,4
171304,1,1,1994,0,0,0,0,0,0,0,0,0,0
171305,1,1,1994,23,23,23,23,23,23,23,23,23,23
171306,1,1,1994,17,17,17,17,17,17,17,17,17,17
171307,1,1,1994,3,3,3,3,3,3,3,3,3,3
171308,1,1,1994,0,0,0,0,0,0,0,0,0,0
171308,2,1,1994,0,0,0,0,0,0,0,0,0,0
171309,1,1,1994,15,15,15,15,15,15,15,15,15,15
171309,2,1,1994,0,0,0,0,0,0,0,0,0,0
171310,1,1,1994,0,0,0,0,0,0,0,0,0,0
171310,2,1,1994,0,0,0,0,1,0,0,0,0,0
171311,1,1,1994,0,0,0,0,0,0,0,0,0,0
171311,2,1,1994,0,0,0,0,0,0,0,0,0,0
171312,1,1,1994,0,0,0,0,0,0,0,0,0,0
171312,2,1,1994,0,0,0,0,0,0,0,0,0,0
171312,3,1,1994,0,0,0,0,0,0,0,0,0,0
171313,0,1,1994,0,0,0,0,0,0,0,0,0,0
171313,1,1,1994,0,0,0,0,0,0,0,0,9,0
171314,1,1,1994,0,0,0,0,0,0,0,0,9,0
171315,0,1,1994,0,0,0,0,0,0,0,0,0,0
171315,1,1,1994,0,0,0,0,0,0,0,0,0,0
171316,1,1,1994,21,21,21,21,21,21,21,21,21,21
171317,0,1,1994,43,43,43,43,43,43,43,43,43,43
171317,1,1,1994,9,0,0,0,0,0,0,0,0,0
171318,1,1,1994,8,8,8,8,8,8,8,8,8,8
171319,1,1,1994,23,23,23,23,23,23,23,23,23,23
171321,1,1,1994,0,0,0,0,0,0,0,0,0,0
171322,1,1,1994,8,23,20,22,12,10,48,19,37,0
171323,1,1,1994,0,0,0,0,0,0,0,0,0,0
171324,1,1,1994,4,17,17,18,8,13,14,9,29,18
171325,0,1,1994,0,0,0,0,0,0,0,0,0,0
171325,1,1,1994,0,0,0,0,0,0,0,0,0,0
171326,1,1,1994,0,0,0,0,0,0,0,0,0,0
171326,2,1,1994,0,0,0,0,0,0,0,0,0,0
171327,1,1,1994,0,0,0,0,0,0,0,0,0,0
171327,2,1,1994,0,0,0,0,0,0,0,0,0,0
171328,0,1,1994,0,0,0,0,0,0,0,0,0,0
171328,1,1,1994,0,0,0,0,0,0,0,11,0,18
171329,1,1,1994,0,0,0,0,0,0,0,0,0,0
171330,1,1,1994,0,0,0,0,0,0,0,0,0,0
171331,1,1,1994,9,9,9,9,9,9,9,9,9,9
171332,1,1,1994,0,0,0,0,13,8,0,0,0,0
171333,1,1,1994,25,25,25,25,25,25,25,25,25,25
171333,2,1,1994,0,0,0,0,0,0,0,0,0,0
171334,1,1,1994,0,0,0,0,0,0,0,0,0,0
171334,2,1,1994,0,0,0,9,0,0,0,0,0,0
171335,1,1,1994,23,23,23,23,23,23,23,23,23,23
171336,1,1,1994,0,0,0,0,0,0,0,0,0,0
171336,2,1,1994,0,0,0,0,0,0,0,0,0,0
171337,1,1,1994,16,16,16,16,16,16,16,16,16,16
171337,2,1,1994,0,0,0,0,0,0,0,0,0,0
171338,1,1,1994,31,4,9,0,16,9,0,0,15,17
171339,1,1,1994,15,15,15,15,15,15,15,15,15,15
171340,1,1,1994,25,25,25,25,25,25,25,25,25,25
171341,1,1,1994,0,0,0,0,0,0,0,0,0,0
171342,1,1,1994,0,0,0,0,0,0,0,0,0,0
171342,2,1,1994,0,0,0,0,0,0,0,0,0,0
171343,1,1,1994,0,0,0,0,0,0,0,0,0,0
171343,2,1,1994,0,0,0,0,0,0,7,0,0,0
171344,1,1,1994,0,0,0,0,0,0,0,0,0,0
171344,2,1,1994,0,0,0,0,0,0,0,0,0,10
171345,1,1,1994,18,18,18,18,18,18,18,18,18,18
171345,2,1,1994,14,14,14,14,14,14,14,14,14,14
171346,1,1,1994,0,0,0,0,0,0,0,0,0,0
171347,1,1,1994,0,0,0,0,0,0,0,0,0,0
171348,0,1,1994,0,0,0,0,0,0,0,0,0,0
171348,1,1,1994,0,0,0,0,0,0,0,0,0,0
171349,1,1,1994,26,26,26,26,26,26,26,26,26,26
171349,2,1,1994,0,0,0,0,0,0,0,0,0,0
171350,1,1,1994,0,0,0,0,0,0,0,0,0,0
171351,1,1,1994,26,0,24,18,13,29,27,24,21,10
171352,0,1,1994,26,26,26,26,26,26,26,26,26,26
171352,1,1,1994,0,0,0,0,0,0,0,0,0,0
171353,1,1,1994,32,32,32,32,32,32,32,32,32,32
171354,1,1,1994,0,0,0,0,0,0,0,0,0,0
171355,1,1,1994,23,23,23,23,23,23,23,23,23,23
171356,1,1,1994,0,0,0,0,0,0,0,0,0,0
171357,1,1,1994,24,24,24,24,24,24,24,24,24,24
171357,2,1,1994,0,0,0,0,0,0,0,0,0,0
171358,1,1,1994,0,0,0,0,0,0,0,0,0,0
171358,2,1,1994,0,0,0,0,0,0,0,0,0,0
171359,1,1,1994,23,23,23,23,23,23,23,23,23,23
171360,0,1,1994,0,0,0,0,0,0,0,0,0,0
171360,1,1,1994,0,0,0,28,0,0,0,0,0,0
171361,0,1,1994,0,0,0,0,0,0,0,0,0,0
171361,1,1,1994,0,0,0,0,0,0,0,11,0,0
171362,1,1,1994,0,0,0,0,0,0,0,0,0,0
171363,1,1,1994,0,0,9,0,0,0,0,0,0,0
171364,1,1,1994,17,17,17,17,17,17,17,17,17,17
171365,1,1,1994,0,0,0,0,0,0,0,0,0,0
171366,1,1,1994,0,0,0,0,0,0,0,0,0,0
171366,2,1,1994,0,0,0,0,0,0,0,0,0,0
171367,1,1,1994,0,0,0,0,0,0,0,0,0,0
171367,2,1,1994,0,0,0,0,0,0,0,0,0,0
171368,1,1,1994,1,1,1,1,1,1,1,1,1,1
171368,2,1,1994,0,13,0,0,0,0,0,0,0,0
171368,3,1,1994,0,0,0,0,0,0,0,0,0,0
171369,1,1,1994,18,18,18,18,18,18,18,18,18,18
171370,0,1,1994,0,0,0,0,0,0,0,0,0,0
171370,1,1,1994,0,0,0,0,0,0,0,0,0,0
171371,1,1,1994,0,0,0,0,0,20,0,0,0,0
171371,2,1,1994,0,0,0,0,0,0,0,0,0,0
171372,1,1,1994,0,0,0,0,0,0,0,0,0,0
171372,2,1,1994,0,0,0,0,0,0,0,16,0,0
171373,1,1,1994,0,9,0,23,11,0,13,0,11,28
171373,2,1,1994,24,24,24,24,24,24,24,24,24,24
171374,0,1,1994,0,0,0,0,0,0,0,0,0,0
171374,1,1,1994,21,0,0,9,0,0,0,0,0,9
171375,1,1,1994,22,22,22,22,22,22,22,22,22,22
171376,0,1,1994,0,0,0,0,0,0,0,0,0,0
171376,1,1,1994,7,0,0,0,0,0,0,0,0,0
171377,0,1,1994,10,10,10,10,10,10,10,10,10,10
171377,1,1,1994,0,0,0,0,0,0,0,0,0,0
171378,1,1,1994,2,2,2,2,2,2,2,2,2,2
171378,2,1,1994,0,0,0,0,0,0,0,0,0,0
171379,1,1,1994,9,26,12,14,11,9,26,0,0,16
171379,2,1,1994,0,0,0,8,7,0,0,0,0,0
171379,3,1,1994,0,0,0,0,0,0,0,0,0,0
171380,0,1,1994,0,0,0,0,13,0,10,0,0,0
171380,1,1,1994,0,12,0,0,0,46,0,0,0,0
171381,1,1,1994,0,0,0,0,0,0,0,0,0,0
171382,1,1,1994,20,20,20,20,20,20,20,20,20,20
171383,1,1,1994,0,0,0,0,0,0,0,0,0,0
171383,2,1,1994,0,0,0,0,0,0,0,0,0,0
171384,1,1,1994,0,0,0,0,0,0,0,0,0,0
171385,1,1,1994,18,5,14,25,11,9,10,15,17,33
171385,2,1,1994,0,0,0,0,0,0,0,0,0,0
171385,3,1,1994,0,0,0,0,0,0,0,0,0,0
171385,4,1,1994,0,0,0,0,0,0,0,0,0,19
171386,0,1,1994,0,0,0,0,0,0,0,0,0,0
171386,1,1,1994,0,0,0,0,0,0,0,0,10,0
171387,1,1,1994,0,0,0,0,0,0,0,0,0,0
171387,2,1,1994,0,0,0,0,0,0,0,0,0,0
171388,1,1,1994,17,0,0,0,23,21,0,0,0,23
171388,2,1,1994,0,0,0,0,0,0,0,0,0,0
171388,3,1,1994,0,0,0,0,0,2,0,0,0,0
171388,4,1,1994,0,0,0,0,0,0,0,0,9,0
171389,0,1,1994,0,0,0,0,0,0,0,0,0,0
171389,1,1,1994,28,0,17,0,0,0,0,0,0,0
171390,1,1,1994,0,28,0,29,0,0,0,0,0,0
171390,2,1,1994,8,8,8,8,8,8,8,8,8,8
171391,1,1,1994,0,0,0,0,0,0,0,0,0,0
171392,1,1,1994,0,0,0,0,0,0,0,0,0,0
171393,1,1,1994,0,0,0,0,0,0,0,0,0,0
171393,2,1,1994,0,0,0,0,0,0,0,0,0,0
171393,3,1,1994,0,0,0,0,0,0,0,0,0,0
171394,1,1,1994,0,0,0,0,0,0,0,0,0,0
171395,1,1,1994,0,0,0,0,0,0,17,0,0,0
171396,1,1,1994,0,0,0,0,0,0,0,0,0,0
171396,2,1,1994,0,0,0,0,0,0,0,0,0,0
171396,3,1,1994,0,0,0,0,0,0,0,0,0,0
171397,1,1,1994,0,0,0,0,0,0,0,0,0,12
171397,2,1,1994,0,0,0,0,0,0,0,0,0,0
171399,1,1,1994,12,12,12,12,12,12,12,12,12,12
171400,1,1,1994,0,0,0,0,0,0,0,0,0,0
171401,1,1,1994,2,2,2,2,2,2,2,2,2,2
171402,1,1,1994,0,0,0,0,0,0,0,0,0,0
171402,2,1,1994,0,0,7,0,0,0,0,0,15,0
171403,0,1,1994,9,9,9,9,9,9,9,9,9,9
171403,1,1,1994,21,21,21,21,21,21,21,21,21,21
171404,0,1,1994,0,0,0,0,0,0,0,0,0,0
171404,1,1,1994,18,18,18,18,18,18,18,18,18,18
171405,0,1,1994,0,0,0,0,0,0,0,0,0,0
171405,1,1,1994,0,0,9,10,0,0,0,0,0,0
171406,1,1,1994,0,12,0,0,9,8,0,0,4,0
171406,2,1,1994,0,0,0,0,9,10,0,18,12,0
171407,1,1,1994,0,0,0,0,0,0,0,0,0,0
171408,0,1,1994,4,4,4,4,4,4,4,4,4,4
171408,1,1,1994,0,0,0,0,0,0,0,0,0,0
171409,1,1,1994,0,0,20,0,22,0,11,0,16,0
171409,2,1,1994,1,1,1,1,1,1,1,1,1,1
171409,3,1,1994,0,0,0,0,0,0,0,0,0,0
171410,1,1,1994,0,0,0,0,0,0,0,0,0,0
171410,2,1,1994,25,0,0,0,0,0,0,0,0,0
171411,1,1,1994,0,9,0,24,11,0,0,12,0,0
171414,1,1,1994,0,0,0,0,0,0,0,0,0,0
171414,2,1,1994,0,0,0,0,0,0,0,0,0,0
171415,0,1,1994,0,0,0,0,0,0,0,0,0,0
171415,1,1,1994,0,0,0,0,0,0,0,0,0,0
171416,0,1,1994,0,0,0,0,0,0,0,0,0,0
171416,1,1,1994,5,0,0,0,0,0,0,0,0,0
171417,1,1,1994,0,0,0,0,0,0,0,0,0,0
171418,0,1,1994,0,0,0,0,0,0,0,0,0,0
171418,1,1,1994,0,0,0,0,0,0,0,0,0,0
171419,0,1,1994,0,0,0,0,0,0,0,0,0,0
171419,1,1,1994,14,22,16,8,24,31,12,13,21,0
180001,1,1,1994,0,0,0,0,0,0,0,0,0,0
180001,2,1,1994,0,0,0,0,0,0,0,0,0,0
180003,0,1,1994,0,0,0,0,0,0,0,0,0,0
180003,1,1,1994,0,0,22,0,0,0,16,0,0,0
180004,1,1,1994,0,0,0,0,0,0,0,0,0,0
180004,2,1,1994,0,0,0,0,0,0,0,0,0,0
180006,1,1,1994,0,0,0,0,0,0,0,0,0,0
180007,1,1,1994,0,0,0,0,0,0,0,0,0,0
180007,2,1,1994,0,0,0,0,0,0,0,0,0,0
180008,0,1,1994,0,28,6,27,31,6,4,6,0,5
180008,1,1,1994,32,17,16,9,22,0,17,23,20,12
180009,0,1,1994,0,0,0,0,0,0,0,22,0,0
180009,0,2,1994,0,0,0,0,23,0,0,0,0,0
180009,1,1,1994,33,30,46,16,45,32,25,25,22,29
180010,1,1,1994,0,0,0,0,0,0,0,0,0,0
180010,2,1,1994,0,0,0,0,0,0,0,0,0,0
180011,1,1,1994,29,29,29,29,29,29,29,29,29,29
180011,2,1,1994,0,0,0,0,0,0,0,0,0,0
180012,1,1,1994,19,19,19,19,19,19,19,19,19,19
180013,1,1,1994,0,0,0,0,0,15,0,0,0,0
180013,2,1,1994,0,0,0,0,0,0,0,0,0,0
180014,1,1,1994,9,9,9,9,9,9,9,9,9,9
180015,1,1,1994,0,0,0,0,0,0,0,0,0,0
180015,2,1,1994,0,0,0,0,0,0,0,0,0,0
180017,1,1,1994,0,0,0,0,0,0,0,0,0,0
180017,2,1,1994,0,0,0,0,0,0,0,0,0,0
180018,1,1,1994,0,0,0,0,0,0,0,0,0,0
180019,1,1,1994,0,0,0,0,0,0,0,0,0,0
180019,2,1,1994,0,0,0,0,0,0,0,0,0,0
180020,1,1,1994,0,0,0,0,0,0,0,0,0,0
180021,1,1,1994,0,0,0,0,0,0,0,0,0,0
180021,2,1,1994,0,0,0,0,0,0,0,0,0,0
180022,1,1,1994,0,0,0,0,0,0,0,0,0,0
180023,1,1,1994,0,0,0,0,0,0,0,0,0,0
180023,2,1,1994,0,0,0,0,0,0,0,3,0,0
180024,1,1,1994,0,0,0,0,0,0,0,0,0,0
180024,2,1,1994,0,0,0,0,0,0,0,0,0,0
180025,0,1,1994,0,0,7,0,0,0,0,23,0,0
180025,1,1,1994,0,0,0,0,0,0,0,0,0,0
180026,1,1,1994,0,0,0,0,0,0,0,0,0,0
180027,1,1,1994,22,22,22,22,22,22,22,22,22,22
180028,1,1,1994,0,0,0,0,0,0,0,0,0,0
180029,1,1,1994,0,0,0,0,0,0,0,0,0,0
180029,2,1,1994,0,0,0,0,0,0,0,0,0,0
180030,0,1,1994,0,0,0,0,0,20,0,10,0,0
180030,1,1,1994,0,0,0,0,0,0,0,0,0,0
180031,1,1,1994,0,0,0,0,0,0,0,0,0,0
180032,1,1,1994,0,0,0,0,0,0,0,0,0,0
180032,2,1,1994,0,0,0,0,0,0,0,0,0,0
180033,1,1,1994,0,0,0,0,0,0,0,0,0,0
180034,1,1,1994,22,22,22,22,22,22,22,22,22,22
180035,1,1,1994,17,17,17,17,17,17,17,17,17,17
180036,1,1,1994,30,30,30,30,30,30,30,30,30,30
180037,1,1,1994,0,0,0,0,0,0,0,0,0,13
180039,1,1,1994,0,0,0,0,0,0,0,0,0,0
180039,2,1,1994,0,0,0,0,0,0,0,0,0,0
180039,3,1,1994,0,0,0,0,0,0,0,0,0,0
180040,1,1,1994,0,0,0,0,0,0,0,0,0,0
180040,2,1,1994,0,0,0,0,0,0,0,0,0,0
180041,0,1,1994,0,0,0,0,0,0,0,0,0,0
180041,1,1,1994,0,0,0,0,0,0,0,0,0,0
180042,1,1,1994,0,0,0,0,0,0,0,0,0,0
180042,2,1,1994,4,0,0,3,0,0,0,0,42,0
180043,0,1,1994,23,23,23,23,23,23,23,23,23,23
180043,1,1,1994,0,12,0,0,0,0,20,0,0,0
180044,0,1,1994,0,0,0,0,0,0,0,0,0,0
180044,1,1,1994,0,11,0,2,0,0,0,0,0,0
180045,1,1,1994,17,0,6,8,0,0,0,0,23,16
180046,0,1,1994,0,0,0,0,0,0,0,0,0,0
180046,1,1,1994,12,10,11,0,0,19,0,0,22,0
180047,1,1,1994,0,0,0,0,0,0,0,0,0,0
180047,2,1,1994,0,0,0,0,0,0,0,0,0,0
180048,1,1,1994,0,0,0,0,39,0,0,0,31,0
180049,1,1,1994,0,0,0,0,0,0,0,0,0,0
180049,2,1,1994,0,0,0,0,0,0,0,0,0,0
180050,1,1,1994,28,0,0,6,12,0,0,0,0,32
180050,2,1,1994,0,0,0,0,0,13,12,0,0,0
180051,1,1,1994,18,18,18,18,18,18,18,18,18,18
180051,2,1,1994,0,0,0,0,0,0,0,2,31,0
180052,1,1,1994,0,0,0,0,0,0,0,0,0,0
180053,1,1,1994,37,30,26,0,0,32,16,27,17,0
180055,0,1,1994,0,0,0,0,20,0,0,0,28,19
180055,1,1,1994,0,0,0,0,0,0,0,0,0,0
180056,1,1,1994,0,0,0,0,0,0,0,0,0,0
180056,2,1,1994,0,0,0,0,0,0,0,0,0,0
180057,1,1,1994,18,18,18,18,18,18,18,18,18,18
180058,1,1,1994,15,15,15,15,15,15,15,15,15,15
180059,1,1,1994,0,0,0,0,0,0,0,0,0,0
180059,2,1,1994,0,0,0,0,0,0,0,0,0,0
180060,1,1,1994,0,0,0,0,0,0,0,0,0,0
180060,2,1,1994,0,0,0,0,0,0,0,0,0,0
180061,1,1,1994,0,0,0,0,0,0,0,0,0,0
180061,2,1,1994,0,0,0,0,0,0,0,0,0,0
180062,1,1,1994,0,0,0,0,0,0,0,0,0,0
180063,1,1,1994,0,0,0,0,0,0,0,0,0,0
180063,2,1,1994,0,0,0,0,0,0,0,0,0,0
180064,1,1,1994,0,0,0,0,0,0,0,0,0,0
180064,2,1,1994,0,0,0,0,0,0,0,0,0,0
180065,1,1,1994,0,0,0,0,0,14,0,0,10,17
180066,1,1,1994,17,0,0,0,0,0,0,0,16,0
180067,1,1,1994,0,0,0,0,0,0,0,0,0,21
180068,1,1,1994,0,0,0,0,0,0,0,0,0,0
180069,1,1,1994,0,0,0,0,0,0,0,16,0,0
180070,1,1,1994,17,17,17,17,17,17,17,17,17,17
180070,2,1,1994,0,0,0,0,0,0,0,0,0,0
180070,3,1,1994,0,0,0,0,0,0,0,0,0,0
180071,1,1,1994,18,18,18,18,18,18,18,18,18,18
180072,1,1,1994,18,18,18,18,18,18,18,18,18,18
180073,1,1,1994,0,0,36,0,0,0,0,0,0,0
180073,2,1,1994,0,0,0,0,0,0,0,0,0,0
180074,1,1,1994,15,15,0,12,7,26,9,14,24,8
180074,2,1,1994,10,0,0,0,0,0,0,0,0,0
180075,1,1,1994,12,12,12,12,12,12,12,12,12,12
180076,1,1,1994,25,25,25,25,25,25,25,25,25,25
180077,1,1,1994,8,8,8,8,8,8,8,8,8,8
180077,2,1,1994,10,10,10,10,10,10,10,10,10,10
180078,1,1,1994,2,2,2,2,2,2,2,2,2,2
180078,2,1,1994,0,0,0,0,0,0,0,0,0,0
180079,1,1,1994,0,0,0,0,0,0,0,0,16,0
180079,2,1,1994,0,0,0,0,0,0,0,0,0,0
180080,1,1,1994,0,0,0,0,0,0,0,0,0,0
180081,1,1,1994,0,0,0,0,0,0,0,0,0,0
180083,1,1,1994,0,0,0,0,0,0,0,0,0,0
180084,1,1,1994,0,0,0,0,0,25,19,0,0,0
180084,2,1,1994,0,0,0,0,0,0,0,0,0,0
180085,1,1,1994,0,0,20,0,0,0,0,7,0,0
180085,2,1,1994,0,0,0,0,0,0,0,0,0,0
180087,1,1,1994,24,24,24,24,24,24,24,24,24,24
180087,2,1,1994,0,0,0,0,0,0,0,0,0,0
180088,1,1,1994,0,0,0,0,0,0,0,0,0,0
180088,2,1,1994,0,0,0,0,0,0,0,0,0,0
180089,1,1,1994,19,19,19,19,19,19,19,19,19,19
180090,1,1,1994,23,23,23,23,23,23,23,23,23,23
180090,2,1,1994,0,0,0,0,0,0,0,0,0,0
180090,3,1,1994,0,0,0,0,0,0,0,0,0,0
180091,1,1,1994,0,0,0,0,0,0,0,0,0,0
180091,2,1,1994,20,20,20,20,20,20,20,20,20,20
180092,1,1,1994,11,11,11,11,11,11,11,11,11,11
180093,1,1,1994,0,0,0,0,0,0,0,0,0,0
180094,1,1,1994,0,0,0,0,0,0,0,0,0,0
180095,1,1,1994,0,0,0,0,0,0,0,0,0,15
180096,1,1,1994,0,0,0,0,0,0,0,0,0,0
180097,1,1,1994,16,16,16,16,16,16,16,16,16,16
180098,0,1,1994,0,0,0,0,0,0,0,0,0,0
180098,1,1,1994,0,0,0,0,0,0,0,0,0,0
180099,1,1,1994,0,0,0,0,0,0,0,0,0,0
180099,2,1,1994,0,0,0,0,0,0,0,0,0,0
180100,1,1,1994,12,12,12,12,12,12,12,12,12,12
180102,1,1,1994,18,18,18,18,18,18,18,18,18,18
180102,2,1,1994,0,0,0,0,0,0,0,0,0,0
180103,1,1,1994,0,0,0,0,0,0,0,0,0,0
180104,1,1,1994,24,24,24,24,24,24,24,24,24,24
180105,0,1,1994,0,0,0,0,0,0,0,0,0,0
180105,1,1,1994,0,0,0,0,0,0,0,0,0,0
180106,1,2,1994,19,6,8,14,9,0,16,0,10,0
180107,1,1,1994,17,17,17,17,17,17,17,17,17,17
180107,2,1,1994,0,0,0,0,0,0,0,0,0,0
180108,1,1,1994,0,0,0,0,0,0,0,0,0,0
180108,2,1,1994,0,0,0,0,0,0,0,0,0,0
180108,3,1,1994,0,0,0,0,0,0,0,0,0,0
180108,4,1,1994,0,0,0,0,0,0,0,0,0,0
180109,1,1,1994,0,0,12,0,0,13,0,7,0,0
180109,2,1,1994,0,0,5,0,0,0,0,0,0,0
180110,1,1,1994,0,0,0,0,0,0,0,0,0,0
180111,1,1,1994,0,0,0,0,0,0,0,0,0,0
180112,1,1,1994,0,0,0,0,0,0,0,0,0,0
180112,2,1,1994,0,0,0,0,0,0,0,0,0,0
180113,1,1,1994,0,0,0,0,0,0,25,0,0,0