ST_CASE,VEH_NO,PER_NO,YEAR,P1,P2,P3,P4,P5,P6,P7,P8,P9,P10
180114,1,1,1994,0,0,0,0,0,0,0,0,0,0
180115,1,1,1994,0,0,0,0,0,0,0,0,0,0
180115,2,1,1994,0,0,0,0,0,0,0,0,0,0
180115,3,1,1994,0,0,0,0,0,0,0,0,0,0
180115,4,1,1994,0,0,0,0,0,0,0,0,0,0
180116,1,1,1994,0,0,0,0,0,0,0,0,0,0
180116,2,1,1994,0,0,0,0,0,0,0,0,0,0
180117,1,1,1994,0,0,0,0,0,0,0,0,0,0
180117,2,1,1994,0,0,0,11,0,0,0,0,0,0
180118,1,1,1994,0,0,0,0,0,0,0,0,0,0
180119,1,1,1994,18,18,18,18,18,18,18,18,18,18
180119,2,1,1994,0,0,0,0,0,0,0,0,0,0
180120,1,1,1994,0,0,0,0,0,0,0,0,0,0
180120,2,1,1994,0,0,0,0,0,0,0,0,0,0
180121,1,1,1994,0,0,0,0,0,0,0,0,0,0
180122,0,1,1994,0,0,0,0,0,0,0,0,0,0
180122,1,1,1994,0,0,0,0,0,0,0,0,0,0
180123,1,1,1994,36,36,36,36,36,36,36,36,36,36
180123,2,1,1994,0,0,0,0,0,0,0,0,0,0
180124,1,1,1994,0,0,0,0,0,0,0,0,0,0
180124,2,1,1994,0,0,0,0,0,0,0,0,0,0
180125,1,1,1994,23,23,23,23,23,23,23,23,23,23
180126,1,1,1994,0,0,0,0,0,0,0,0,0,0
180126,2,1,1994,0,0,0,0,0,0,0,0,0,0
180127,1,1,1994,0,0,0,0,0,0,0,0,0,0
180128,1,1,1994,0,0,0,0,0,0,0,0,0,0
180128,2,1,1994,0,0,0,0,0,0,0,0,0,0
180129,1,1,1994,0,0,0,0,0,0,0,0,0,0
180129,2,1,1994,0,0,0,0,0,0,0,0,0,0
180130,1,1,1994,0,0,0,0,0,0,0,0,0,0
180130,2,1,1994,0,0,0,0,0,0,0,0,0,0
180131,1,1,1994,0,0,0,0,0,0,0,0,0,0
180131,2,1,1994,0,0,0,0,0,0,0,0,0,0
180132,1,1,1994,0,0,0,0,0,0,0,0,0,0
180132,2,1,1994,0,0,0,0,0,0,0,0,0,0
180133,1,1,1994,0,0,0,0,0,0,0,0,0,0
180134,0,1,1994,0,0,0,0,0,0,0,0,0,0
180134,0,2,1994,0,0,0,6,0,0,0,0,0,0
180134,1,1,1994,0,0,0,0,0,0,0,0,0,0
180135,0,1,1994,22,22,22,22,22,22,22,22,22,22
180135,1,1,1994,0,0,0,0,0,0,0,0,0,0
180136,1,1,1994,0,0,0,0,0,0,0,0,0,0
180136,2,1,1994,20,7,0,0,0,0,0,0,0,4
180137,1,1,1994,0,0,0,0,0,0,0,0,0,0
180137,2,1,1994,0,0,0,0,0,0,0,0,0,0
180137,3,1,1994,0,0,0,0,0,0,0,0,0,0
180138,1,1,1994,22,22,22,22,22,22,22,22,22,22
180139,0,1,1994,0,0,0,0,0,0,0,0,0,0
180139,1,1,1994,0,0,0,0,0,0,0,0,0,0
180140,1,1,1994,10,10,10,10,10,10,10,10,10,10
180140,2,1,1994,0,0,0,0,0,0,0,0,0,0
180141,1,1,1994,9,9,9,9,9,9,9,9,9,9
180142,1,1,1994,0,0,0,0,0,0,0,0,0,0
180143,1,1,1994,15,15,15,15,15,15,15,15,15,15
180143,2,1,1994,0,0,0,0,0,0,0,0,0,0
180143,3,1,1994,0,0,0,0,0,0,15,0,0,0
180144,1,1,1994,0,0,0,23,0,0,9,0,0,0
180144,2,1,1994,0,0,0,0,0,0,0,0,0,0
180145,1,1,1994,0,0,0,0,0,0,0,0,0,0
180145,2,1,1994,0,0,0,0,0,0,0,0,0,0
180146,1,1,1994,25,25,25,25,25,25,25,25,25,25
180147,0,1,1994,0,0,0,0,0,0,0,0,0,0
180147,1,1,1994,0,0,0,0,0,0,0,0,0,0
180148,1,1,1994,14,14,14,14,14,14,14,14,14,14
180148,2,1,1994,0,0,0,0,0,0,0,0,0,0
180149,1,1,1994,23,23,23,23,23,23,23,23,23,23
180150,1,1,1994,0,0,0,0,0,0,0,0,0,0
180150,2,1,1994,0,0,0,0,0,0,0,0,0,0
180151,1,1,1994,0,0,0,0,0,0,0,0,0,0
180151,2,1,1994,0,0,0,0,0,0,0,0,0,0
180152,0,1,1994,0,0,0,0,0,0,0,0,0,0
180152,1,1,1994,0,0,0,0,0,0,0,0,0,0
180153,0,1,1994,0,0,0,0,0,0,0,0,0,0
180153,1,1,1994,0,0,0,0,0,0,0,0,0,0
180154,1,1,1994,0,0,0,0,0,0,0,0,0,0
180154,2,1,1994,0,0,0,0,0,0,0,0,0,0
180155,1,1,1994,12,12,12,12,12,12,12,12,12,12
180156,1,1,1994,6,6,6,6,6,6,6,6,6,6
180156,2,1,1994,0,0,0,18,15,0,25,0,0,0
180157,1,1,1994,25,25,25,25,25,25,25,25,25,25
180158,1,1,1994,32,32,32,32,32,32,32,32,32,32
180159,1,1,1994,35,35,35,35,35,35,35,35,35,35
180159,2,1,1994,0,0,0,0,0,0,0,0,7,8
180160,1,1,1994,0,0,0,0,0,0,0,0,0,0
180161,1,1,1994,0,0,0,0,0,0,0,0,0,0
180162,1,1,1994,0,0,0,0,0,0,0,0,0,0
180163,0,1,1994,0,0,0,0,0,0,0,0,0,0
180163,1,1,1994,0,0,0,0,0,0,0,0,0,0
180164,1,1,1994,0,0,9,0,0,22,0,0,0,0
180165,1,1,1994,0,0,0,0,0,0,0,0,0,0
180165,2,1,1994,9,0,0,0,0,0,0,0,0,0
180166,1,1,1994,21,21,21,21,21,21,21,21,21,21
180167,0,1,1994,0,0,0,0,0,0,0,0,0,0
180167,1,1,1994,0,0,0,0,0,0,0,0,0,0
180168,1,1,1994,3,3,3,3,3,3,3,3,3,3
180168,2,1,1994,0,0,0,0,0,0,0,0,0,0
180169,1,1,1994,8,8,8,8,8,8,8,8,8,8
180169,2,1,1994,0,0,0,0,0,0,0,0,0,0
180170,1,1,1994,20,20,20,20,20,20,20,20,20,20
180170,2,1,1994,0,0,0,0,0,0,0,0,0,0
180171,1,1,1994,0,0,0,0,0,0,0,0,0,0
180172,1,1,1994,14,14,14,14,14,14,14,14,14,14
180173,1,1,1994,7,0,5,18,0,9,0,0,0,6
180174,1,1,1994,0,0,0,0,0,0,0,0,0,0
180174,2,1,1994,0,0,0,0,0,3,0,0,0,0
180174,3,1,1994,0,0,0,0,0,0,0,0,0,0
180175,1,1,1994,0,0,0,0,0,0,0,0,0,0
180177,1,1,1994,0,0,0,0,0,0,8,0,0,0
180177,2,1,1994,0,0,0,0,0,0,0,0,0,0
180178,1,1,1994,0,0,0,0,0,0,0,0,0,0
180178,2,1,1994,0,0,0,0,0,0,0,0,0,0
180179,1,1,1994,0,0,0,0,0,0,0,0,0,0
180179,2,1,1994,22,38,0,0,30,0,0,9,20,14
180180,1,1,1994,0,0,0,4,0,24,18,0,8,0
180181,0,1,1994,0,0,0,0,0,0,0,0,0,0
180181,1,1,1994,0,0,0,0,0,0,0,0,0,0
180182,1,1,1994,26,26,26,26,26,26,26,26,26,26
180183,1,1,1994,0,0,0,0,0,0,0,0,0,0
180183,2,1,1994,0,0,0,0,0,0,0,0,0,0
180184,1,1,1994,19,19,19,19,19,19,19,19,19,19
180185,1,1,1994,0,0,0,0,0,0,0,0,0,0
180185,2,1,1994,0,0,0,50,0,0,0,0,0,0
180185,3,1,1994,0,0,0,0,0,0,0,0,0,0
180186,0,1,1994,0,0,0,17,0,0,0,0,0,0
180186,1,1,1994,29,29,29,29,29,29,29,29,29,29
180187,1,1,1994,0,0,0,0,0,0,0,0,0,0
180188,1,1,1994,27,27,27,27,27,27,27,27,27,27
180188,2,1,1994,0,0,0,0,0,0,0,0,0,0
180188,3,1,1994,0,0,0,0,0,0,0,0,0,0
180189,1,1,1994,0,0,0,0,0,0,0,0,0,0
180189,2,1,1994,0,0,0,0,0,0,0,0,0,0
180190,1,1,1994,0,0,0,0,0,0,0,0,0,0
180190,2,1,1994,0,0,0,0,0,0,0,0,0,0
180191,1,1,1994,0,0,0,0,0,0,0,0,0,0
180191,2,1,1994,0,0,0,0,0,0,0,0,0,0
180191,3,1,1994,0,0,0,0,0,0,0,0,0,0
180192,0,1,1994,0,0,0,0,0,0,0,0,0,0
180192,1,1,1994,0,0,0,0,0,0,0,0,0,0
180193,1,1,1994,3,3,3,3,3,3,3,3,3,3
180194,0,1,1994,0,0,0,0,0,0,0,0,0,0
180194,1,1,1994,0,0,0,0,0,0,0,0,0,0
180195,1,1,1994,17,17,17,17,17,17,17,17,17,17
180196,1,1,1994,2,2,2,2,2,2,2,2,2,2
180197,1,1,1994,4,4,4,4,4,4,4,4,4,4
180198,1,1,1994,0,0,0,0,0,0,0,0,0,0
180198,2,1,1994,0,0,0,0,0,0,0,0,0,0
180199,1,1,1994,31,31,31,31,31,31,31,31,31,31
180200,1,1,1994,0,0,0,0,0,0,0,0,0,0
180201,1,1,1994,0,0,0,0,0,0,0,0,0,0
180202,1,1,1994,0,0,0,0,0,0,0,0,0,0
180203,1,1,1994,0,0,0,0,0,0,0,0,0,0
180203,2,1,1994,0,0,0,0,0,0,0,0,0,0
180204,1,1,1994,17,17,17,17,17,17,17,17,17,17
180205,0,1,1994,0,0,0,0,0,0,0,0,0,0
180207,1,1,1994,0,0,0,0,0,0,0,0,0,0
180208,1,1,1994,0,0,0,0,0,0,0,0,0,0
180208,2,1,1994,0,0,0,0,0,0,0,0,0,0
180209,1,1,1994,0,0,0,0,0,0,15,0,0,0
180209,2,1,1994,0,0,0,0,0,0,0,0,0,0
180210,1,1,1994,0,0,0,0,0,0,0,0,0,0
180211,1,1,1994,0,0,0,0,0,0,0,0,0,0
180211,2,1,1994,0,0,0,0,0,0,0,0,0,0
180212,1,1,1994,32,32,32,32,32,32,32,32,32,32
180213,1,1,1994,0,0,0,0,0,0,11,0,0,0
180214,1,1,1994,0,0,0,0,0,0,0,0,0,0
180215,1,1,1994,1,1,1,1,1,1,1,1,1,1
180215,2,1,1994,0,0,0,0,0,0,0,0,0,0
180216,1,1,1994,0,0,0,0,0,0,0,0,0,0
180217,1,1,1994,0,0,0,0,0,0,0,0,0,0
180217,2,1,1994,0,0,0,0,0,0,0,0,0,0
180218,1,1,1994,0,0,0,0,0,0,0,0,0,0
180218,2,1,1994,0,0,0,0,0,0,0,0,0,0
180219,1,1,1994,0,0,0,0,0,0,0,0,0,0
180219,2,1,1994,29,29,29,29,29,29,29,29,29,29
180220,1,1,1994,1,1,1,1,1,1,1,1,1,1
180220,2,1,1994,0,0,0,0,0,0,0,0,0,0
180221,1,1,1994,21,21,21,21,21,21,21,21,21,21
180222,1,1,1994,0,0,0,0,0,0,0,0,0,0
180222,2,1,1994,0,0,0,0,0,0,0,0,0,0
180222,3,1,1994,14,12,0,0,0,7,0,0,0,0
180223,1,1,1994,0,0,0,0,0,0,0,0,0,0
180224,1,1,1994,0,0,0,0,0,0,0,0,0,0
180224,2,1,1994,0,0,0,0,0,0,0,0,0,0
180225,1,1,1994,0,0,0,0,0,0,0,0,0,0
180225,2,1,1994,0,0,0,0,0,0,0,0,0,0
180226,0,1,1994,3,3,3,3,3,3,3,3,3,3
180226,1,1,1994,0,0,0,0,0,0,0,0,0,0
180227,1,1,1994,0,0,0,0,0,0,0,0,0,0
180227,2,1,1994,0,0,0,0,0,0,0,0,0,0
180228,1,1,1994,0,0,0,0,0,0,0,0,0,0
180228,2,1,1994,0,0,0,0,0,0,0,0,0,0
180228,3,1,1994,0,0,0,0,0,0,0,0,0,0
180229,1,1,1994,19,19,19,19,19,19,19,19,19,19
180230,1,1,1994,0,0,0,0,0,0,0,0,0,0
180230,2,1,1994,0,0,0,0,0,0,0,0,0,0
180231,1,1,1994,0,0,0,0,0,0,0,0,0,0
180231,2,1,1994,0,0,0,0,0,0,0,0,0,0
180232,1,1,1994,29,29,29,29,29,29,29,29,29,29
180232,2,1,1994,0,0,0,0,0,0,0,0,0,0
180233,1,1,1994,21,21,21,21,21,21,21,21,21,21
180233,2,1,1994,0,0,0,0,0,0,0,0,0,0
180234,1,1,1994,28,28,28,28,28,28,28,28,28,28
180235,1,1,1994,0,0,0,0,0,0,0,0,0,0
180236,1,1,1994,0,0,0,0,0,0,0,0,0,0
180236,2,1,1994,0,0,29,0,0,0,0,0,17,0
180237,1,1,1994,0,0,0,0,0,0,0,0,0,0
180237,2,1,1994,0,0,0,0,0,0,0,0,0,0
180238,1,1,1994,0,0,0,0,0,0,0,0,0,0
180238,2,1,1994,0,0,0,0,0,0,0,0,0,0
180239,1,1,1994,0,0,8,0,0,0,0,12,0,0
180240,0,1,1994,0,0,0,0,0,0,0,0,0,0
180240,1,1,1994,18,18,18,18,18,18,18,18,18,18
180241,1,1,1994,0,0,0,21,0,0,0,0,0,0
180241,2,1,1994,25,25,25,25,25,25,25,25,25,25
180242,1,1,1994,0,0,0,0,0,0,0,0,0,0
180243,1,1,1994,0,0,0,0,0,0,0,0,0,0
180243,2,1,1994,0,0,0,0,0,0,0,0,0,0
180244,1,1,1994,0,0,0,0,0,0,0,0,0,0
180245,1,1,1994,0,0,0,0,0,0,0,0,0,0
180245,2,1,1994,0,0,0,0,0,0,0,0,0,0
180246,1,1,1994,20,20,20,20,20,20,20,20,20,20
180246,2,1,1994,0,0,0,0,0,0,0,0,0,0
180247,1,1,1994,0,0,0,0,0,0,0,0,0,0
180247,2,1,1994,0,0,0,0,14,0,0,0,0,0
180248,1,1,1994,28,28,28,28,28,28,28,28,28,28
180249,1,1,1994,0,0,0,0,0,0,0,0,0,0
180249,2,1,1994,0,0,0,0,0,0,0,0,0,0
180250,1,1,1994,0,0,0,0,0,0,0,0,0,0
180250,2,1,1994,0,0,0,0,0,0,0,0,0,0
180251,1,1,1994,0,0,0,0,0,0,0,0,0,0
180252,1,1,1994,0,0,0,0,0,0,0,0,0,0
180253,1,1,1994,0,0,0,0,0,0,0,0,0,0
180254,1,1,1994,0,0,0,0,0,0,0,0,0,0
180254,2,1,1994,0,0,0,0,0,0,0,0,0,0
180255,1,1,1994,18,25,18,3,13,18,19,27,19,13
180256,1,1,1994,19,19,19,19,19,19,19,19,19,19
180257,1,1,1994,0,0,0,7,0,0,0,0,0,0
180257,2,1,1994,0,0,0,0,0,0,0,0,0,0
180258,1,1,1994,17,17,17,17,17,17,17,17,17,17
180259,1,1,1994,0,0,0,0,0,0,0,0,0,0
180260,1,1,1994,0,0,0,0,0,0,0,0,0,0
180260,2,1,1994,0,0,0,0,0,0,0,0,0,0
180261,1,1,1994,0,0,0,0,0,0,0,0,0,0
180261,2,1,1994,0,8,0,0,0,0,0,0,0,0
180261,3,1,1994,0,0,0,0,0,0,0,0,0,0
180262,1,1,1994,0,0,0,0,0,0,0,0,0,0
180263,1,1,1994,16,16,16,16,16,16,16,16,16,16
180264,0,1,1994,0,0,0,0,0,0,0,0,0,0
180264,1,1,1994,0,0,0,0,0,0,0,0,0,0
180265,1,1,1994,28,28,28,28,28,28,28,28,28,28
180265,2,1,1994,9,9,9,9,9,9,9,9,9,9
180266,0,1,1994,0,0,19,0,0,0,0,0,0,0
180266,1,1,1994,0,0,0,0,0,0,0,0,0,0
180267,1,1,1994,0,0,0,0,0,9,0,0,0,0
180267,2,1,1994,0,0,0,0,0,0,0,0,0,0
180268,1,1,1994,0,0,0,0,0,0,0,0,0,0
180268,2,1,1994,0,0,0,0,0,0,0,0,0,0
180269,1,1,1994,0,0,0,0,0,0,0,0,0,0
180270,0,1,1994,0,0,0,0,0,0,0,0,0,0
180270,1,1,1994,0,0,0,0,0,0,0,0,0,0
180271,1,1,1994,25,25,25,25,25,25,25,25,25,25
180272,1,1,1994,0,0,15,0,0,0,0,0,0,0
180272,2,1,1994,0,0,0,0,0,0,0,0,0,0
180273,1,1,1994,0,0,0,0,0,0,0,0,0,0
180273,2,1,1994,0,0,0,0,0,0,0,0,0,0
180274,1,1,1994,0,0,0,0,0,0,0,0,0,0
180274,2,1,1994,0,12,0,0,0,0,0,0,0,0
180275,1,1,1994,0,0,0,0,0,0,0,0,0,0
180275,2,1,1994,23,23,23,23,23,23,23,23,23,23
180276,1,1,1994,26,26,26,26,26,26,26,26,26,26
180277,1,1,1994,9,9,9,9,9,9,9,9,9,9
180278,1,1,1994,8,8,8,8,8,8,8,8,8,8
180279,1,1,1994,15,15,15,15,15,15,15,15,15,15
180280,1,1,1994,0,0,0,0,0,0,0,0,0,0
180280,2,1,1994,0,0,0,0,0,0,0,0,0,0
180281,1,1,1994,0,0,0,0,0,0,0,0,0,0
180281,2,1,1994,0,0,0,0,0,0,0,0,0,0
180282,1,1,1994,0,0,0,0,0,0,0,0,0,0
180282,2,1,1994,0,0,0,0,0,0,0,0,0,0
180283,1,1,1994,0,0,0,0,0,0,0,0,0,0
180284,1,1,1994,0,0,0,0,0,0,0,0,0,0
180284,2,1,1994,0,0,0,0,0,0,0,0,0,0
180285,1,1,1994,17,17,17,17,17,17,17,17,17,17
180285,2,1,1994,0,0,0,0,0,0,0,0,0,0
180286,1,1,1994,0,0,0,0,0,0,0,0,0,0
180286,2,1,1994,0,16,0,0,0,0,0,0,0,0
180287,1,1,1994,0,0,0,0,0,0,0,0,0,0
180287,2,1,1994,0,0,0,0,0,0,0,0,0,0
180288,1,1,1994,0,0,0,0,0,0,0,0,0,0
180288,2,1,1994,10,10,10,10,10,10,10,10,10,10
180289,1,1,1994,0,0,0,0,0,0,0,0,0,0
180289,2,1,1994,0,0,0,0,0,0,0,0,0,0
180290,1,1,1994,0,0,0,0,0,0,0,0,0,0
180291,1,1,1994,24,24,24,24,24,24,24,24,24,24
180292,1,1,1994,0,0,0,0,0,0,0,0,0,0
180292,2,1,1994,0,0,0,0,0,0,0,0,0,0
180292,3,1,1994,0,0,0,0,23,0,0,0,0,0
180293,1,1,1994,0,0,0,0,0,0,0,0,0,0
180293,2,1,1994,0,0,0,0,0,0,0,0,0,0
180295,1,1,1994,0,0,0,0,0,0,0,0,0,0
180295,2,1,1994,0,0,0,0,0,0,0,0,0,0
180296,1,1,1994,14,14,14,14,14,14,14,14,14,14
180296,2,1,1994,0,0,0,0,0,0,0,0,0,0
180297,1,1,1994,0,0,0,0,0,0,0,0,0,0
180297,2,1,1994,0,0,0,0,0,0,0,0,0,0
180298,1,1,1994,18,18,18,18,18,18,18,18,18,18
180299,1,1,1994,28,28,28,28,28,28,28,28,28,28
180300,1,1,1994,25,0,29,12,25,14,18,0,16,34
180301,1,1,1994,0,0,0,0,0,0,0,0,0,0
180301,2,1,1994,0,0,0,0,0,0,0,0,0,0
180301,3,1,1994,0,0,0,0,0,8,0,0,0,0
180302,1,1,1994,28,28,28,28,28,28,28,28,28,28
180302,2,1,1994,0,0,0,0,0,0,0,0,0,0
180303,1,1,1994,30,30,30,30,30,30,30,30,30,30
180303,2,1,1994,0,0,0,0,0,0,0,0,0,0
180304,1,1,1994,0,0,0,0,0,0,0,17,5,0
180305,1,1,1994,3,3,3,3,3,3,3,3,3,3
180306,1,1,1994,18,18,18,18,18,18,18,18,18,18
180307,1,1,1994,0,0,0,0,0,0,0,0,0,0
180308,1,1,1994,14,14,14,14,14,14,14,14,14,14
180309,1,1,1994,0,0,0,0,0,0,0,0,0,0
180309,2,1,1994,0,0,0,0,0,0,0,0,0,0
180310,1,1,1994,0,0,0,0,0,0,0,0,0,0
180310,2,1,1994,0,0,0,0,0,0,0,0,0,0
180311,1,1,1994,0,0,0,0,0,0,0,0,0,0
180311,2,1,1994,0,0,0,0,0,0,0,6,0,0
180311,3,1,1994,0,0,0,0,0,0,0,0,0,0
180312,1,1,1994,0,0,0,0,0,0,0,0,0,0
180312,2,1,1994,0,0,0,0,0,0,0,0,0,0
180312,3,1,1994,0,0,0,0,0,0,0,0,0,0
180313,0,1,1994,0,0,0,0,0,0,0,0,0,0
180313,1,1,1994,0,0,0,0,0,0,0,0,0,0
180314,1,1,1994,9,9,9,9,9,9,9,9,9,9
180315,1,1,1994,0,0,0,0,0,0,0,0,0,0
180315,2,1,1994,11,11,11,11,11,11,11,11,11,11
180316,1,1,1994,0,0,0,0,0,0,0,0,0,0
180317,0,1,1994,0,0,0,0,0,0,0,0,0,0
180317,1,1,1994,0,0,0,0,0,0,0,0,0,0
180318,1,1,1994,33,33,33,33,33,33,33,33,33,33
180319,1,1,1994,0,0,0,0,0,0,0,0,0,0
180319,2,1,1994,0,0,0,0,0,0,0,0,0,0
180320,1,1,1994,0,0,0,0,0,0,0,0,0,0
180320,2,1,1994,0,0,0,0,0,0,0,0,0,0
180321,0,1,1994,0,0,0,0,0,0,0,0,0,0
180321,1,1,1994,0,0,0,0,0,0,0,0,0,0
180322,1,1,1994,0,0,0,0,0,0,0,0,0,0
180322,2,1,1994,0,0,0,0,0,0,0,0,0,0
180323,1,1,1994,0,0,0,0,0,0,0,0,0,0
180324,1,1,1994,0,0,0,0,0,0,0,0,0,0
180324,2,1,1994,0,0,0,0,0,0,0,0,0,0
180325,1,1,1994,20,0,0,0,0,0,4,0,0,0
180326,1,1,1994,0,0,0,0,0,0,0,0,0,0
180327,1,1,1994,0,0,0,0,0,0,0,0,0,0
180327,2,1,1994,0,0,0,0,0,0,0,0,0,0
180328,0,1,1994,0,0,0,0,0,0,0,0,0,0
180328,1,1,1994,0,0,0,0,0,0,0,0,0,0
180329,1,1,1994,0,0,0,0,0,0,13,0,0,0
180330,1,1,1994,0,0,0,0,0,0,0,0,0,0
180330,2,1,1994,0,0,0,0,0,0,0,0,0,0
180331,1,1,1994,0,0,0,0,0,0,0,0,0,0
180331,2,1,1994,0,0,0,0,0,0,0,0,0,0
180332,0,1,1994,0,0,0,0,0,0,0,0,0,0
180332,1,1,1994,0,0,0,0,0,0,0,0,0,0
180333,1,1,1994,19,19,19,19,19,19,19,19,19,19
180334,1,1,1994,16,16,16,16,16,16,16,16,16,16
180335,1,1,1994,0,0,0,0,0,0,0,0,0,0
180336,1,1,1994,0,0,0,0,0,0,0,0,0,0
180336,2,1,1994,0,0,0,0,0,0,0,0,0,0
180337,1,1,1994,4,4,4,4,4,4,4,4,4,4
180338,1,1,1994,0,0,0,0,0,0,0,0,0,0
180338,2,1,1994,0,0,0,0,0,0,0,0,0,0
180339,1,1,1994,0,0,0,0,0,0,0,0,0,0
180340,1,1,1994,0,0,0,0,0,0,0,0,0,0
180341,1,1,1994,0,0,0,0,0,0,0,0,0,0
180343,1,1,1994,0,0,0,0,0,0,0,0,0,0
180343,2,1,1994,9,16,17,0,16,0,20,18,16,12
180344,1,1,1994,42,0,0,0,0,0,0,9,0,0
180345,1,1,1994,0,0,0,0,0,0,0,0,0,0
180346,1,1,1994,0,0,0,0,5,8,0,0,0,0
180346,2,1,1994,0,0,0,0,0,0,0,0,0,0
180347,1,1,1994,0,10,0,0,0,0,0,0,0,0
180347,2,1,1994,0,0,0,0,0,0,0,0,0,0
180348,0,1,1994,0,0,0,0,0,0,0,0,0,0
180348,1,1,1994,0,0,0,0,0,0,0,0,0,0
180349,1,1,1994,7,7,7,7,7,7,7,7,7,7
180350,1,1,1994,0,0,0,0,0,0,0,0,0,0
180350,2,1,1994,0,0,0,0,0,0,0,0,0,0
180351,1,1,1994,0,0,0,0,0,0,0,0,0,0
180351,2,1,1994,0,0,0,0,0,0,0,0,0,0
180352,1,1,1994,0,0,0,0,0,0,0,0,0,0
180352,2,1,1994,0,0,0,0,0,0,0,0,0,0
180353,1,1,1994,0,0,0,0,0,0,0,0,0,0
180353,2,1,1994,0,0,0,0,0,0,0,0,0,0
180354,1,1,1994,0,0,0,0,0,0,0,0,0,0
180354,2,1,1994,0,0,0,0,0,0,0,0,0,0
180354,3,1,1994,0,0,0,0,0,0,0,0,0,0
180355,1,1,1994,0,0,0,0,0,0,0,0,0,0
180355,2,1,1994,0,0,0,0,0,0,0,0,0,0
180356,1,1,1994,0,0,0,0,0,0,0,0,14,0
180357,1,1,1994,0,0,0,0,0,0,0,0,0,0
180357,2,1,1994,0,0,0,0,0,0,0,0,0,0
180358,1,1,1994,17,17,17,17,17,17,17,17,17,17
180359,1,1,1994,0,17,0,0,0,19,0,0,0,11
180360,1,1,1994,0,0,0,0,0,0,0,0,0,0
180361,1,1,1994,0,0,0,0,0,0,0,0,0,0
180361,2,1,1994,0,0,0,0,0,0,0,0,0,0
180362,1,1,1994,15,15,15,15,15,15,15,15,15,15
180362,2,1,1994,0,0,0,0,0,0,0,0,0,0
180363,1,1,1994,0,0,0,0,0,0,0,0,0,0
180364,1,1,1994,0,0,0,0,0,0,0,0,0,0
180364,2,1,1994,0,0,0,0,0,0,0,0,0,0
180364,3,1,1994,0,0,0,0,0,0,0,0,0,0
180365,1,1,1994,23,23,23,23,23,23,23,23,23,23
180365,2,1,1994,0,0,28,0,0,0,0,0,0,0
180366,1,1,1994,3,3,3,3,3,3,3,3,3,3
180367,1,1,1994,26,26,26,26,26,26,26,26,26,26
180368,1,1,1994,0,0,0,0,0,0,0,0,0,0
180368,2,1,1994,0,0,0,0,0,0,0,0,0,0
180369,1,1,1994,0,0,0,0,0,0,0,0,0,0
180369,2,1,1994,5,0,0,0,0,0,0,0,0,0
180370,1,1,1994,0,0,0,0,0,0,0,0,0,0
180371,1,1,1994,0,0,0,0,0,0,0,0,0,0
180372,1,1,1994,11,0,0,0,0,0,0,0,0,0
180372,2,1,1994,0,0,0,0,0,0,0,0,0,0
180373,1,1,1994,0,0,0,0,0,0,0,0,0,0
180373,2,1,1994,0,0,0,0,0,0,0,0,0,0
180374,0,1,1994,0,0,0,0,0,0,0,0,0,0
180374,1,1,1994,0,0,0,0,0,0,0,0,0,0
180375,1,1,1994,0,0,0,0,0,0,0,0,0,0
180376,1,1,1994,0,0,0,0,0,0,0,0,0,0
180376,2,1,1994,0,0,0,0,0,0,0,0,0,0
180377,1,1,1994,0,0,0,0,0,0,0,0,0,0
180378,1,1,1994,1,1,1,1,1,1,1,1,1,1
180379,1,1,1994,22,22,22,22,22,22,22,22,22,22
180380,1,1,1994,0,0,0,0,0,0,0,0,0,0
180381,1,1,1994,2,2,2,2,2,2,2,2,2,2
180381,2,1,1994,0,0,0,0,0,0,25,6,0,0
180381,3,1,1994,19,0,0,0,0,0,0,0,0,0
180382,1,1,1994,0,0,0,0,0,0,0,0,0,0
180382,2,1,1994,0,0,0,0,0,0,0,0,0,0
180383,1,1,1994,21,21,21,21,21,21,21,21,21,21
180384,1,1,1994,7,7,7,7,7,7,7,7,7,7
180385,1,1,1994,18,18,18,18,18,18,18,18,18,18
180386,1,1,1994,22,22,22,22,22,22,22,22,22,22
180387,1,1,1994,21,21,21,21,21,21,21,21,21,21
180388,1,1,1994,0,18,0,25,0,0,0,0,0,0
180389,1,1,1994,0,0,0,0,0,0,0,0,0,0
180390,1,1,1994,0,0,0,0,0,0,0,0,0,0
180390,2,1,1994,0,0,0,0,0,0,0,0,0,0
180391,1,1,1994,0,0,13,0,0,0,0,0,0,7
180391,2,1,1994,0,0,0,0,0,0,0,0,0,0
180392,1,1,1994,12,29,13,28,19,8,16,24,0,30
180393,1,1,1994,0,0,0,0,0,0,0,0,0,0
180394,1,1,1994,21,21,21,21,21,21,21,21,21,21
180394,2,1,1994,0,0,0,0,0,0,0,0,0,0
180395,1,1,1994,0,0,0,0,0,0,0,0,0,0
180396,1,1,1994,0,0,0,0,0,0,0,0,0,0
180396,2,1,1994,0,0,0,0,0,0,0,0,0,0
180397,1,1,1994,0,0,0,0,0,0,0,0,0,0
180397,2,1,1994,0,0,0,0,0,0,0,0,0,0
180398,1,1,1994,17,17,17,17,17,17,17,17,17,17
180398,2,1,1994,0,0,0,0,0,0,0,0,0,0
180399,1,1,1994,18,18,18,18,18,18,18,18,18,18
180399,2,1,1994,0,0,0,0,0,0,0,0,0,0
180400,1,1,1994,35,35,35,35,35,35,35,35,35,35
180402,1,1,1994,0,0,0,0,0,0,0,0,0,0