ST_CASE,VEH_NO,PER_NO,YEAR,P1,P2,P3,P4,P5,P6,P7,P8,P9,P10
190070,0,1,1994,0,0,0,0,0,0,0,0,0,0
190070,1,1,1994,0,0,0,0,0,0,0,0,0,0
190071,1,1,1994,13,13,13,13,13,13,13,13,13,13
190072,1,1,1994,0,0,0,0,0,0,0,0,0,0
190072,2,1,1994,0,0,0,0,0,0,0,0,0,0
190073,1,1,1994,0,0,0,0,6,22,0,0,0,10
190074,1,1,1994,11,11,11,11,11,11,11,11,11,11
190075,1,1,1994,21,21,21,21,21,21,21,21,21,21
190075,2,1,1994,0,0,0,0,0,0,10,0,0,12
190076,1,1,1994,0,0,0,0,0,0,0,0,0,0
190076,2,1,1994,0,0,0,0,0,0,0,0,0,0
190077,1,1,1994,0,0,0,0,0,0,0,0,0,0
190077,2,1,1994,0,0,0,0,0,9,0,0,0,0
190078,1,1,1994,0,0,0,0,0,0,0,0,0,0
190079,1,1,1994,0,0,0,0,0,0,0,0,0,0
190079,2,1,1994,0,0,0,0,0,0,0,0,0,0
190080,1,1,1994,6,6,6,6,6,6,6,6,6,6
190081,1,1,1994,21,21,21,21,21,21,21,21,21,21
190081,2,1,1994,25,25,25,25,25,25,25,25,25,25
190082,1,1,1994,22,22,22,22,22,22,22,22,22,22
190083,1,1,1994,0,0,25,0,0,7,0,0,9,7
190083,2,1,1994,0,0,0,0,0,0,0,0,0,0
190084,1,1,1994,3,3,3,3,3,3,3,3,3,3
190085,1,1,1994,2,2,2,2,2,2,2,2,2,2
190085,2,1,1994,0,0,0,0,0,0,0,0,0,0
190086,1,1,1994,0,0,0,0,0,0,0,0,0,0
190086,2,1,1994,0,0,0,0,0,0,0,0,5,0
190087,1,1,1994,0,0,0,0,0,0,0,0,0,0
190087,2,1,1994,0,0,13,6,0,29,0,0,7,0
190088,1,1,1994,25,25,25,25,25,25,25,25,25,25
190089,1,1,1994,0,0,0,0,0,0,0,0,0,0
190089,2,1,1994,21,0,0,17,0,0,18,0,33,0
190089,3,1,1994,0,0,0,0,0,0,0,0,0,0
190090,1,1,1994,0,0,0,0,0,0,0,0,0,0
190090,2,1,1994,0,0,0,0,0,0,0,0,0,0
190091,1,1,1994,0,0,0,0,0,0,0,0,0,0
190091,2,1,1994,0,0,0,0,0,0,0,0,0,0
190091,3,1,1994,0,0,0,0,0,17,0,0,0,0
190092,1,1,1994,0,0,0,0,0,0,0,0,0,0
190092,2,1,1994,0,0,0,0,0,0,0,0,0,0
190093,1,1,1994,0,11,0,19,0,0,0,28,0,0
190094,1,1,1994,0,0,0,0,0,0,0,0,0,0
190094,2,1,1994,0,0,0,0,0,0,0,0,0,0
190095,1,1,1994,21,21,21,21,21,21,21,21,21,21
190096,1,1,1994,0,0,27,0,0,0,0,21,0,16
190096,2,1,1994,2,2,2,2,2,2,2,2,2,2
190097,1,1,1994,22,22,22,22,22,22,22,22,22,22
190098,1,1,1994,2,0,0,0,0,0,0,0,0,0
190099,1,1,1994,0,0,0,0,0,0,0,0,0,0
190099,2,1,1994,0,0,0,0,0,0,0,0,0,0
190099,3,1,1994,0,0,0,0,0,0,0,0,0,0
190100,1,1,1994,0,0,13,18,0,0,19,0,0,0
190101,0,1,1994,0,24,4,0,0,0,0,0,13,38
190101,1,1,1994,0,0,0,20,0,0,0,0,0,0
190102,1,1,1994,0,0,0,0,0,0,0,0,0,0
190103,0,1,1994,0,0,0,0,0,0,0,0,0,0
190103,1,1,1994,0,0,0,0,0,0,0,0,0,0
190104,1,1,1994,2,2,2,2,2,2,2,2,2,2
190105,1,1,1994,0,0,6,0,21,0,0,0,0,0
190105,2,1,1994,0,0,0,0,0,0,0,0,0,0
190105,3,1,1994,0,0,0,4,0,0,0,0,0,0
190105,4,1,1994,0,0,0,0,0,0,0,0,0,0
190105,5,1,1994,6,0,0,0,0,0,0,0,13,0
190105,6,1,1994,0,0,0,0,0,0,0,0,0,0
190106,1,1,1994,6,0,28,0,0,0,0,0,0,0
190106,2,1,1994,0,0,0,0,0,0,0,0,0,0
190107,1,1,1994,0,0,0,0,0,0,0,0,0,0
190107,2,1,1994,0,0,0,0,0,0,0,0,0,0
190108,1,1,1994,0,0,0,0,0,0,0,0,0,0
190108,2,1,1994,0,0,0,0,0,0,0,0,0,0
190109,0,1,1994,0,0,0,0,0,0,0,0,0,0
190109,1,1,1994,22,22,22,22,22,22,22,22,22,22
190110,1,1,1994,11,0,0,29,17,0,13,20,0,0
190111,1,1,1994,0,0,0,0,0,0,0,0,0,0
190111,2,1,1994,0,0,0,0,0,18,0,0,0,0
190111,3,1,1994,14,25,17,0,12,36,9,19,16,0
190112,0,1,1994,0,0,0,0,0,0,0,0,0,0
190112,1,1,1994,0,0,0,14,0,0,0,0,0,0
190113,1,1,1994,0,0,0,0,0,0,0,0,0,0
190113,2,1,1994,0,0,0,0,0,0,0,0,0,0
190114,1,1,1994,1,1,1,1,1,1,1,1,1,1
190114,2,1,1994,0,21,0,0,0,0,0,0,0,5
190115,1,1,1994,0,0,0,0,0,0,0,0,0,0
190115,2,1,1994,0,0,0,0,0,0,0,0,0,0
190116,1,1,1994,12,0,0,0,7,20,0,16,7,29
190117,1,1,1994,10,0,0,16,30,0,15,0,18,33
190118,1,1,1994,7,7,7,7,7,7,7,7,7,7
190118,2,1,1994,0,0,0,0,0,0,0,0,0,0
190119,1,1,1994,7,6,0,19,0,16,17,0,8,22
190120,1,1,1994,0,0,0,0,0,0,0,0,0,0
190120,2,1,1994,0,0,0,17,0,0,0,0,0,0
190121,0,1,1994,0,0,0,0,0,0,0,0,0,0
190121,1,1,1994,0,0,0,0,0,0,0,0,0,0
190122,1,1,1994,0,17,24,0,21,0,0,0,0,0
190123,1,1,1994,0,0,0,0,0,0,0,0,0,0
190123,2,1,1994,0,0,0,0,0,0,0,0,0,0
190124,0,1,1994,0,0,0,0,0,0,0,0,0,0
190124,1,1,1994,0,0,0,0,0,0,0,0,0,0
190125,1,1,1994,0,0,0,0,0,0,0,0,0,0
190125,2,1,1994,0,7,0,4,0,0,19,10,12,0
190126,1,1,1994,18,18,18,18,18,18,18,18,18,18
190127,1,1,1994,20,20,20,20,20,20,20,20,20,20
190127,2,1,1994,0,4,0,0,0,0,0,0,0,0
190128,1,1,1994,0,0,0,0,0,0,0,0,0,0
190128,2,1,1994,0,0,0,0,0,0,0,0,0,0
190128,3,1,1994,0,0,0,0,0,0,0,0,0,0
190129,1,1,1994,21,21,21,21,21,21,21,21,21,21
190130,1,1,1994,26,26,26,26,26,26,26,26,26,26
190131,1,1,1994,11,0,11,11,22,36,27,31,23,9
190132,1,1,1994,6,6,6,6,6,6,6,6,6,6
190132,2,1,1994,5,5,5,5,5,5,5,5,5,5
190133,1,1,1994,3,3,3,3,3,3,3,3,3,3
190134,1,1,1994,10,10,10,10,10,10,10,10,10,10
190135,1,1,1994,0,0,0,0,0,0,0,0,0,0
190136,1,1,1994,0,0,0,0,36,0,0,0,0,0
190136,2,1,1994,0,0,0,0,0,2,0,0,0,0
190136,3,1,1994,0,0,0,0,0,0,0,0,0,0
190137,1,1,1994,0,0,0,0,0,0,0,0,0,0
190137,2,1,1994,0,0,0,0,0,0,0,0,0,0
190138,1,1,1994,0,0,0,0,0,0,7,0,0,0
190138,2,1,1994,0,0,0,0,0,0,0,0,0,0
190139,1,1,1994,27,27,27,27,27,27,27,27,27,27
190140,1,1,1994,28,28,28,28,28,28,28,28,28,28
190141,1,1,1994,0,0,0,0,0,0,0,0,0,0
190141,2,1,1994,0,0,0,0,0,0,0,0,0,0
190142,1,1,1994,30,32,5,0,7,0,0,23,27,11
190143,1,1,1994,0,29,6,0,0,0,0,23,0,0
190144,1,1,1994,21,21,21,21,21,21,21,21,21,21
190145,1,1,1994,0,0,0,0,0,0,0,0,0,0
190146,1,1,1994,0,0,49,0,0,25,0,0,0,15
190147,1,1,1994,0,0,0,0,0,0,0,0,0,0
190147,2,1,1994,0,0,0,0,0,0,0,0,0,0
190148,1,1,1994,3,3,3,3,3,3,3,3,3,3
190148,2,1,1994,0,17,0,0,0,0,0,21,15,0
190149,1,1,1994,0,10,17,14,5,12,0,21,0,16
190150,1,1,1994,7,7,7,7,7,7,7,7,7,7
190151,1,1,1994,0,0,0,0,0,0,0,0,0,0
190152,1,1,1994,0,0,0,0,0,0,0,0,0,17
190153,1,1,1994,16,16,16,16,16,16,16,16,16,16
190153,2,1,1994,0,0,0,0,0,0,0,0,0,0
190154,0,1,1994,0,0,0,0,0,0,0,0,0,0
190154,1,1,1994,0,0,0,0,0,0,0,0,0,0
190155,1,1,1994,0,0,0,0,0,0,0,0,0,0
190155,2,1,1994,0,0,0,0,0,0,0,0,0,0
190156,1,1,1994,0,0,0,28,0,0,13,14,0,0
190156,2,1,1994,0,0,0,0,0,0,0,0,0,0
190157,1,1,1994,0,0,0,0,0,0,0,0,0,0
190158,1,1,1994,5,5,5,5,5,5,5,5,5,5
190159,1,1,1994,0,11,0,0,0,0,0,0,17,0
190159,2,1,1994,23,0,17,0,0,11,21,0,0,0
190160,1,1,1994,0,0,0,0,0,0,0,0,0,0
190160,2,1,1994,4,4,4,4,4,4,4,4,4,4
190161,1,1,1994,19,0,0,0,0,0,0,0,0,0
190162,1,1,1994,0,0,0,0,0,0,0,0,0,0
190162,2,1,1994,0,0,0,0,0,0,0,0,0,0
190163,1,1,1994,4,0,0,16,9,0,0,19,13,24
190164,1,1,1994,0,0,0,0,0,0,0,0,0,0
190164,2,1,1994,0,0,0,0,0,0,0,0,0,0
190165,1,1,1994,14,17,37,0,31,20,18,0,19,25
190165,2,1,1994,5,5,5,5,5,5,5,5,5,5
190166,1,1,1994,2,2,2,2,2,2,2,2,2,2
190166,2,1,1994,12,0,0,0,0,14,0,0,0,0
190167,1,1,1994,0,0,10,20,13,0,0,0,0,15
190169,1,1,1994,0,0,0,0,0,0,0,0,0,0
190169,2,1,1994,0,0,0,0,0,0,0,0,0,0
190169,3,1,1994,0,0,0,0,0,0,0,0,0,26
190170,1,1,1994,23,23,23,23,23,23,23,23,23,23
190171,1,1,1994,0,0,0,0,0,0,0,0,0,0
190171,2,1,1994,0,0,0,0,0,0,0,0,0,0
190172,0,1,1994,0,0,10,0,0,0,20,35,10,0
190172,1,1,1994,0,0,0,0,0,0,0,0,0,0
190173,1,1,1994,0,0,0,0,0,0,0,0,0,0
190174,0,1,1994,19,19,19,19,19,19,19,19,19,19
190174,1,1,1994,0,0,0,0,0,0,0,0,0,0
190175,1,1,1994,8,8,8,8,8,8,8,8,8,8
190175,2,1,1994,9,9,9,9,9,9,9,9,9,9
190176,1,1,1994,0,0,0,0,0,0,0,0,0,0
190177,1,1,1994,0,0,0,0,0,0,0,0,0,0
190177,2,1,1994,0,0,0,0,0,0,0,0,0,0
190178,1,1,1994,0,0,0,8,0,0,0,0,0,8
190178,2,1,1994,0,0,0,0,0,0,0,0,0,0
190179,1,1,1994,25,25,25,25,25,25,25,25,25,25
190180,0,1,1994,34,34,34,34,34,34,34,34,34,34
190180,1,1,1994,15,0,16,22,14,0,0,23,12,0
190182,1,1,1994,0,0,0,5,0,0,25,0,33,0
190183,1,1,1994,3,3,3,3,3,3,3,3,3,3
190184,1,1,1994,0,0,0,0,0,0,0,0,0,0
190184,2,1,1994,0,0,0,0,0,0,0,0,0,0
190185,1,1,1994,0,0,0,0,0,0,0,0,0,0
190185,2,1,1994,0,0,0,0,0,0,0,0,0,0
190186,1,1,1994,14,14,14,14,14,14,14,14,14,14
190186,2,1,1994,0,0,10,0,0,0,0,19,0,0
190187,1,1,1994,0,0,0,0,0,0,0,0,0,0
190187,2,1,1994,18,0,0,0,8,0,0,0,0,0
190187,3,1,1994,0,0,0,0,0,0,0,0,0,0
190187,4,1,1994,0,0,0,15,0,0,20,0,9,0
190188,1,1,1994,16,0,0,0,0,0,0,0,0,0
190188,2,1,1994,0,0,0,0,0,0,0,0,0,0
190188,3,1,1994,0,0,0,0,13,0,0,0,0,0
190188,4,1,1994,0,0,0,0,0,0,0,0,0,0
190189,1,1,1994,16,16,16,16,16,16,16,16,16,16
190190,1,1,1994,0,0,0,0,0,0,0,0,0,0
190190,2,1,1994,14,14,14,14,14,14,14,14,14,14
190191,1,1,1994,31,31,31,31,31,31,31,31,31,31
190192,1,1,1994,2,2,2,2,2,2,2,2,2,2
190192,2,1,1994,0,0,0,0,0,0,0,0,0,0
190193,1,1,1994,14,14,14,14,14,14,14,14,14,14
190193,2,1,1994,1,1,1,1,1,1,1,1,1,1
190194,1,1,1994,0,15,0,0,0,0,0,0,0,0
190194,2,1,1994,0,0,0,0,0,0,0,0,0,0
190195,1,1,1994,0,0,0,0,0,0,0,0,0,13
190196,1,1,1994,0,0,0,0,0,0,0,0,0,0
190196,2,1,1994,0,0,0,0,0,0,0,0,0,0
190197,1,1,1994,0,0,0,0,0,0,0,0,0,0
190197,2,1,1994,0,0,0,0,0,0,13,0,0,0
190198,1,1,1994,0,0,0,0,0,0,0,0,0,0
190198,2,1,1994,0,0,0,0,0,10,0,0,0,0
190198,3,1,1994,0,0,0,0,0,0,0,0,0,0
190199,1,1,1994,0,0,0,0,0,0,0,0,0,0
190199,2,1,1994,0,0,0,0,0,0,0,0,0,0
190200,1,1,1994,0,0,0,0,0,0,0,0,0,0
190200,2,1,1994,0,0,0,0,0,0,0,0,0,0
190201,1,1,1994,0,0,0,0,0,0,0,0,0,0
190201,2,1,1994,0,0,0,0,0,0,0,0,0,0
190202,1,1,1994,0,0,0,0,0,0,0,0,0,0
190202,2,1,1994,0,0,0,0,0,0,0,0,0,0
190203,1,1,1994,0,0,0,0,0,0,0,0,0,0
190204,1,1,1994,0,0,0,0,0,0,0,0,0,0
190204,2,1,1994,0,0,0,0,0,0,0,0,0,0
190205,1,1,1994,3,3,3,3,3,3,3,3,3,3
190205,2,1,1994,21,14,0,4,0,0,0,0,0,0
190206,1,1,1994,10,16,20,18,29,30,17,27,17,11
190207,1,1,1994,0,0,0,0,0,0,0,0,0,0
190207,2,1,1994,0,0,0,0,0,0,0,0,0,0
190207,3,1,1994,0,0,0,0,0,0,0,0,0,0
190208,1,1,1994,0,0,0,0,0,0,0,0,0,10
190208,2,1,1994,0,0,0,0,0,0,0,0,0,0
190209,1,1,1994,0,18,0,0,0,0,0,0,0,0
190209,2,1,1994,0,0,0,0,0,0,0,0,0,0
190210,1,1,1994,0,0,0,0,0,0,0,0,0,0
190211,0,1,1994,10,8,0,0,0,14,11,15,0,0
190211,1,1,1994,0,0,0,0,0,0,0,0,0,0
190212,1,1,1994,0,0,0,0,0,0,0,21,0,0
190212,2,1,1994,0,0,0,0,0,0,0,0,0,0
190213,1,1,1994,0,0,0,0,0,0,0,0,0,0
190214,1,1,1994,0,0,0,0,0,14,0,0,28,18
190214,2,1,1994,0,0,0,0,0,0,0,0,0,0
190215,1,1,1994,0,0,0,0,0,0,0,0,0,0
190215,2,1,1994,9,0,10,0,0,0,0,0,0,0
190216,1,1,1994,6,6,6,6,6,6,6,6,6,6
190216,2,1,1994,0,0,0,0,0,0,0,0,0,0
190217,1,1,1994,0,0,0,0,0,0,0,0,0,0
190217,2,1,1994,10,10,10,10,10,10,10,10,10,10
190218,1,1,1994,13,13,13,13,13,13,13,13,13,13
190218,2,1,1994,0,0,0,4,0,0,0,0,0,0
190219,1,1,1994,33,0,19,0,0,15,0,0,0,0
190220,1,1,1994,0,0,0,19,0,28,0,0,6,13
190220,2,1,1994,0,0,0,0,0,0,0,0,0,0
190221,0,1,1994,0,0,0,0,0,0,0,0,0,0
190221,1,1,1994,0,0,0,0,0,0,0,0,0,0
190222,1,1,1994,0,0,0,0,0,0,0,0,0,0
190223,1,1,1994,0,0,0,0,0,0,0,0,0,0
190223,2,1,1994,0,0,0,0,0,0,0,0,0,0
190223,3,1,1994,0,0,0,0,0,0,0,0,0,0
190223,4,1,1994,0,0,0,0,0,0,0,0,0,0
190224,0,1,1994,0,0,0,0,0,0,0,0,0,0
190224,1,1,1994,31,0,12,26,0,0,0,0,10,10
190225,1,1,1994,24,24,24,24,24,24,24,24,24,24
190226,1,1,1994,0,0,0,0,0,0,0,0,0,0
190226,2,1,1994,0,9,0,25,0,0,19,0,25,0
190227,1,1,1994,0,0,0,0,0,0,15,0,0,0
190227,2,1,1994,0,0,0,0,0,0,0,0,0,0
190228,0,1,1994,0,0,0,0,0,0,0,0,0,24
190228,1,1,1994,0,0,14,0,0,0,11,8,0,0
190229,1,1,1994,33,33,33,33,33,33,33,33,33,33
190230,1,1,1994,16,32,36,0,17,3,19,17,19,29
190231,1,1,1994,0,0,0,0,19,27,15,0,0,0
190231,2,1,1994,0,0,0,0,0,0,0,0,0,0
190232,0,1,1994,0,0,0,0,0,0,0,0,0,0
190232,1,1,1994,0,0,0,0,0,0,0,0,0,0
190233,1,1,1994,19,19,19,19,19,19,19,19,19,19
190234,1,1,1994,0,0,0,0,0,0,0,0,0,0
190235,1,1,1994,28,28,28,28,28,28,28,28,28,28
190236,1,1,1994,10,0,0,0,0,11,0,0,0,16
190236,2,1,1994,0,0,0,0,0,0,0,0,0,0
190237,1,1,1994,0,0,0,0,0,0,0,0,0,0
190238,1,1,1994,0,0,0,0,0,0,0,0,0,0
190238,2,1,1994,9,0,11,16,0,0,0,0,16,0
190239,1,1,1994,0,0,0,0,0,0,0,0,20,11
190240,1,1,1994,0,0,0,0,0,0,0,0,0,0
190240,2,1,1994,3,3,3,3,3,3,3,3,3,3
190241,1,1,1994,6,0,0,0,0,0,0,0,0,0
190241,2,1,1994,0,0,0,0,0,0,0,0,0,0
190242,1,1,1994,0,0,0,0,7,0,14,0,0,0
190243,1,1,1994,0,0,0,0,0,0,0,0,0,0
190243,2,1,1994,0,0,0,0,0,0,0,0,0,0
190243,3,1,1994,0,0,0,0,0,0,0,0,0,0
190243,4,1,1994,0,0,0,0,0,0,0,0,0,0
190243,5,1,1994,0,0,0,13,0,0,0,0,0,0
190243,6,1,1994,0,0,0,0,0,0,0,0,0,0
190243,7,1,1994,0,0,0,0,0,0,0,0,0,0
190244,1,1,1994,0,0,0,0,0,0,0,0,0,6
190244,2,1,1994,2,2,2,2,2,2,2,2,2,2
190245,0,1,1994,0,0,0,0,0,0,0,0,0,0
190245,1,1,1994,0,0,0,11,0,0,0,2,0,0
190247,1,1,1994,2,2,2,2,2,2,2,2,2,2
190248,1,1,1994,0,0,18,0,32,16,0,0,0,0
190248,2,1,1994,0,0,5,0,0,0,0,0,0,0
190251,0,1,1994,0,0,0,0,0,0,0,0,0,0
190251,1,1,1994,10,0,18,24,0,0,0,16,0,0
190252,1,1,1994,0,0,0,0,0,0,0,0,0,0
190252,2,1,1994,0,0,0,0,0,0,0,0,0,17
190252,3,1,1994,0,0,0,0,0,0,0,0,0,0
190253,1,1,1994,8,8,8,8,8,8,8,8,8,8
190254,1,1,1994,0,0,0,0,0,0,15,0,0,0
190254,2,1,1994,0,0,0,0,0,0,0,0,0,0
190255,1,1,1994,15,0,0,0,0,0,0,0,0,0
190255,2,1,1994,0,0,0,0,0,0,0,0,0,0
190256,0,1,1994,0,12,0,0,0,16,0,9,0,27
190256,1,1,1994,0,0,0,0,0,0,0,0,0,0
190257,1,1,1994,0,0,0,0,0,0,0,0,0,0
190259,1,1,1994,0,0,0,0,0,0,0,0,0,0
190260,1,1,1994,0,0,0,0,0,0,0,0,0,0
190260,2,1,1994,15,0,0,0,0,0,0,0,0,0
190261,1,1,1994,23,23,23,23,23,23,23,23,23,23
190262,1,1,1994,0,4,33,0,0,23,17,23,0,0
190263,1,1,1994,0,0,0,0,0,0,0,0,0,0
190263,2,1,1994,0,0,0,0,0,0,0,0,0,0
190264,1,1,1994,0,0,0,0,0,0,0,0,0,0
190264,2,1,1994,0,8,0,0,35,0,26,0,9,0
190264,3,1,1994,23,0,20,0,7,0,29,9,12,36
190265,1,1,1994,0,0,0,0,0,0,0,13,0,0
190266,1,1,1994,8,8,8,8,8,8,8,8,8,8
190266,2,1,1994,0,0,0,0,0,0,0,0,22,0
190267,1,1,1994,0,0,0,0,0,9,0,0,0,0
190267,2,1,1994,0,0,0,0,0,21,0,35,0,0
190268,0,1,1994,0,0,0,0,0,0,0,0,0,0
190268,1,1,1994,0,0,0,0,0,0,0,0,0,0
190269,1,1,1994,25,25,25,25,25,25,25,25,25,25
190270,1,1,1994,20,20,20,20,20,20,20,20,20,20
190271,1,1,1994,0,0,0,0,0,0,0,0,0,0
190271,2,1,1994,0,0,0,0,0,0,0,0,0,0
190272,1,1,1994,0,0,10,10,0,27,11,0,1,0
190273,1,1,1994,0,0,0,0,0,3,0,0,0,0
190273,2,1,1994,21,11,23,26,0,10,0,21,14,16
190274,1,1,1994,14,14,14,14,14,14,14,14,14,14
190274,2,1,1994,0,0,0,0,0,0,0,0,0,0
190275,1,1,1994,0,0,0,0,0,0,0,0,0,0
190275,2,1,1994,0,0,0,0,0,0,0,0,0,0
190276,1,1,1994,33,33,33,33,33,33,33,33,33,33
190277,1,1,1994,0,0,0,0,0,0,0,0,0,0
190278,1,1,1994,0,19,6,0,9,0,19,12,13,0
190279,1,1,1994,0,0,0,0,10,0,0,0,0,0
190279,2,1,1994,0,0,0,0,0,0,0,0,0,0
190280,1,1,1994,0,0,0,0,0,0,0,0,0,0
190280,2,1,1994,0,0,0,0,0,0,0,2,0,0
190281,0,1,1994,0,0,0,0,0,0,0,0,0,19
190281,1,1,1994,0,0,0,0,0,0,0,0,0,0
190282,1,1,1994,0,3,19,0,30,0,0,0,0,0
190283,1,1,1994,0,0,0,0,0,0,0,0,0,0
190284,0,1,1994,0,0,0,0,0,0,0,0,0,0
190284,1,1,1994,8,8,8,8,8,8,8,8,8,8
190285,1,1,1994,0,0,0,0,0,0,0,0,0,0
190286,1,1,1994,6,6,6,6,6,6,6,6,6,6
190287,1,1,1994,3,3,3,3,3,3,3,3,3,3
190287,2,1,1994,0,0,0,0,0,0,0,0,0,0
190288,1,1,1994,27,27,27,27,27,27,27,27,27,27
190289,1,1,1994,14,0,0,0,0,0,0,0,0,0
190289,2,1,1994,0,0,0,0,0,0,0,0,0,0
190290,1,1,1994,0,8,0,0,0,0,0,0,0,0
190290,2,1,1994,0,0,0,0,0,0,0,0,0,0
190291,1,1,1994,0,0,0,0,0,7,0,0,0,0
190291,2,1,1994,0,0,0,0,0,0,0,0,0,0
190292,1,1,1994,0,0,0,0,0,0,0,0,0,0
190293,1,1,1994,15,15,15,15,15,15,15,15,15,15
190294,1,1,1994,0,0,0,0,0,0,0,0,2,0
190294,2,1,1994,0,23,0,0,0,0,16,0,0,12
190294,3,1,1994,0,0,0,0,0,0,0,0,0,0
190295,1,1,1994,13,13,13,13,13,13,13,13,13,13
190296,1,1,1994,6,6,6,6,6,6,6,6,6,6
190297,1,1,1994,0,0,14,0,0,0,0,0,0,0
190297,2,1,1994,0,0,0,0,0,0,0,0,0,0
190298,1,1,1994,0,0,0,0,0,0,0,0,0,10
190298,2,1,1994,0,0,0,0,0,0,0,0,0,0
190299,0,1,1994,10,10,10,10,10,10,10,10,10,10
190299,1,1,1994,0,0,0,0,0,0,0,0,0,0
190300,0,1,1994,0,0,0,0,0,0,0,0,0,0
190300,1,1,1994,0,0,10,0,0,0,0,0,0,0
190301,1,1,1994,0,0,0,0,0,0,0,0,0,0
190302,1,1,1994,0,0,0,0,0,0,0,0,0,0
190302,2,1,1994,0,0,0,0,0,0,0,0,0,0
190303,1,1,1994,0,0,0,0,0,0,0,0,0,0
190303,2,1,1994,0,0,0,0,0,0,0,0,0,0
190304,1,1,1994,0,0,0,0,0,0,0,0,0,0
190305,1,1,1994,0,0,0,0,0,0,12,0,0,0
190305,2,1,1994,0,0,0,0,0,0,0,0,0,0
190306,1,1,1994,0,0,0,0,0,0,0,0,0,0
190306,2,1,1994,0,0,0,0,0,0,0,0,0,0
190307,1,1,1994,0,0,0,0,0,0,0,0,0,0
190307,2,1,1994,18,18,18,18,18,18,18,18,18,18
190308,0,1,1994,0,0,0,0,7,22,0,0,0,0
190308,2,1,1994,0,0,0,0,0,0,0,0,0,0
190309,1,1,1994,0,0,0,0,25,0,0,0,4,0
190310,1,1,1994,9,9,9,9,9,9,9,9,9,9
190311,1,1,1994,0,0,0,0,0,0,0,0,0,0
190311,2,1,1994,13,13,13,13,13,13,13,13,13,13
190312,1,1,1994,0,0,0,0,0,0,0,0,0,0
190312,2,1,1994,9,0,0,0,0,0,0,0,0,15
190314,1,1,1994,21,21,21,21,21,21,21,21,21,21
190315,1,1,1994,0,0,0,0,0,0,14,0,0,19
190315,2,1,1994,0,0,0,0,0,0,0,0,0,0
190316,0,1,1994,0,0,0,0,0,0,0,0,0,0
190316,1,1,1994,0,0,0,0,0,0,0,0,0,0
190317,1,1,1994,0,0,0,0,0,0,0,0,0,0
190317,2,1,1994,0,0,0,0,0,0,0,0,0,0
190318,1,1,1994,0,0,0,0,0,0,0,0,0,0
190319,1,1,1994,21,0,0,0,0,0,18,0,14,0
190321,1,1,1994,0,0,0,0,0,0,0,0,0,0
190321,2,1,1994,0,0,0,0,0,0,0,0,0,0
190322,1,1,1994,14,14,14,14,14,14,14,14,14,14
190323,1,1,1994,18,18,18,18,18,18,18,18,18,18
190324,1,1,1994,0,0,0,0,0,0,0,0,0,0
190324,2,1,1994,0,0,0,0,0,0,0,0,0,0
190325,1,1,1994,0,0,0,0,0,0,0,0,0,0
190325,2,1,1994,0,0,0,0,0,0,0,0,0,0
190325,3,1,1994,0,0,0,0,0,0,0,0,0,0
190325,4,1,1994,0,0,0,14,0,0,0,0,0,0
190325,5,1,1994,0,0,0,0,0,0,0,0,0,0
190326,1,1,1994,31,31,31,31,31,31,31,31,31,31
190327,1,1,1994,0,14,0,0,0,0,0,32,0,0
190327,2,1,1994,0,0,0,0,0,0,0,0,0,0
190328,0,1,1994,0,0,0,0,0,0,0,0,0,0
190328,1,1,1994,0,0,0,0,0,11,0,0,7,0
190329,0,1,1994,0,0,16,37,0,0,0,21,0,0
190329,1,1,1994,0,0,0,0,0,0,0,0,0,0
190330,1,1,1994,0,0,0,0,0,0,0,0,0,0
190330,2,1,1994,0,0,0,0,0,0,0,0,0,0
190331,1,1,1994,10,0,0,0,0,0,0,10,0,0
190331,2,1,1994,0,0,0,0,0,0,11,0,0,0
190332,1,1,1994,17,17,17,17,17,17,17,17,17,17
190333,1,1,1994,0,0,0,0,0,0,0,0,0,0
190333,2,1,1994,0,0,0,0,0,0,0,0,0,0
190334,1,1,1994,0,0,0,0,0,0,0,0,0,0
190334,2,1,1994,0,0,0,0,0,0,0,0,0,0
190335,1,1,1994,16,16,16,16,16,16,16,16,16,16
190336,1,1,1994,0,0,0,0,0,0,0,0,0,0
190336,2,1,1994,0,0,0,0,0,0,0,0,0,0
190337,1,1,1994,0,0,0,0,0,0,0,0,0,0
190337,2,1,1994,0,0,5,0,0,0,6,0,0,0
190338,1,1,1994,21,21,21,21,21,21,21,21,21,21
190339,1,1,1994,0,0,0,0,0,0,0,0,0,0
190339,2,1,1994,0,0,0,0,0,0,0,0,0,0
190340,1,1,1994,16,16,16,16,16,16,16,16,16,16
190341,1,1,1994,0,0,0,0,0,0,0,0,0,0
190341,2,1,1994,0,0,0,0,0,0,0,0,0,0
190342,1,1,1994,0,0,0,0,0,0,0,0,0,0
190342,2,1,1994,0,0,0,0,0,0,0,0,0,0
190343,1,1,1994,34,34,34,34,34,34,34,34,34,34
190344,1,1,1994,16,16,16,16,16,16,16,16,16,16
190345,1,1,1994,0,0,0,6,0,0,0,0,0,0
190345,2,1,1994,0,0,0,0,0,0,0,0,0,11
190346,1,1,1994,0,0,0,0,0,0,0,0,0,0
190346,2,1,1994,0,0,0,0,0,0,0,0,0,0
190347,1,1,1994,14,14,14,14,14,14,14,14,14,14