ST_CASE,VEH_NO,PER_NO,YEAR,P1,P2,P3,P4,P5,P6,P7,P8,P9,P10
200233,2,1,1994,0,0,0,0,0,0,0,0,0,0
200234,1,1,1994,0,0,0,0,0,0,0,0,0,0
200234,2,1,1994,0,0,0,0,0,0,0,0,0,0
200235,1,1,1994,15,15,15,15,15,15,15,15,15,15
200236,1,1,1994,0,0,0,0,0,0,0,0,0,0
200237,1,1,1994,0,0,0,0,0,0,0,0,0,0
200238,0,1,1994,0,0,0,0,0,0,0,0,0,0
200238,0,2,1994,0,0,0,13,0,0,0,0,0,0
200238,1,1,1994,6,0,0,0,0,0,0,0,0,0
200239,1,1,1994,6,6,6,6,6,6,6,6,6,6
200240,1,1,1994,26,26,26,26,26,26,26,26,26,26
200240,2,1,1994,18,18,18,18,18,18,18,18,18,18
200241,1,1,1994,0,0,0,0,0,0,0,0,0,0
200241,2,1,1994,0,0,0,0,0,0,0,0,0,0
200242,0,1,1994,35,21,38,17,24,24,18,18,20,19
200242,1,1,1994,0,0,0,0,8,0,0,0,0,20
200243,1,1,1994,0,0,0,0,0,0,0,0,0,0
200244,1,1,1994,14,14,14,14,14,14,14,14,14,14
200245,1,1,1994,0,0,0,0,0,0,0,0,0,0
200246,1,1,1994,0,0,0,0,0,0,0,0,0,0
200246,2,1,1994,0,0,0,0,0,0,0,0,0,0
200247,1,1,1994,0,0,0,0,0,0,0,0,0,0
200247,2,1,1994,0,0,0,0,0,0,0,0,0,0
200248,1,1,1994,0,0,0,0,0,0,0,0,0,0
200248,2,1,1994,0,0,9,0,0,0,0,8,0,0
200249,1,1,1994,0,0,0,0,0,0,0,0,0,0
200249,2,1,1994,0,0,0,0,0,0,0,0,0,0
200250,1,1,1994,0,3,28,0,0,0,0,0,0,0
200251,1,1,1994,0,0,0,0,0,0,0,0,0,0
200251,2,1,1994,0,0,0,0,0,0,0,0,0,0
200251,3,1,1994,0,0,0,0,0,0,0,0,0,0
200252,1,1,1994,0,0,0,0,0,0,0,0,0,0
200253,1,1,1994,12,12,9,14,6,14,0,25,11,12
200254,1,1,1994,0,0,0,0,0,0,0,0,0,0
200254,2,1,1994,0,0,0,0,0,0,0,0,0,0
200255,1,1,1994,13,11,22,0,12,0,5,7,17,11
200255,2,1,1994,0,0,0,0,0,0,0,0,0,0
200256,1,1,1994,0,0,0,0,0,0,0,0,0,0
200256,2,1,1994,0,0,0,0,0,0,0,0,0,0
200256,3,1,1994,0,0,0,0,0,0,0,0,0,0
200257,1,1,1994,26,0,20,25,0,0,4,23,0,11
200257,2,1,1994,0,0,0,0,0,0,0,0,0,0
200258,1,1,1994,0,0,0,0,0,0,0,0,0,0
200258,2,1,1994,0,0,0,0,8,0,18,8,0,0
200259,1,1,1994,0,0,0,0,0,0,0,0,0,0
200259,2,1,1994,0,0,0,0,15,0,0,0,0,0
200260,1,1,1994,0,0,0,0,0,0,0,0,0,0
200260,2,1,1994,0,0,0,0,0,0,0,0,0,13
200261,1,1,1994,13,13,13,13,13,13,13,13,13,13
200261,2,1,1994,0,0,0,0,0,0,0,0,0,0
200262,1,1,1994,0,0,0,0,0,0,0,0,0,0
200262,2,1,1994,0,0,0,0,0,0,0,0,0,0
200263,1,1,1994,0,0,0,0,0,0,0,0,0,0
200264,1,1,1994,0,0,0,0,0,0,0,0,0,0
200264,2,1,1994,0,0,0,0,0,0,0,0,0,0
200265,1,1,1994,0,20,9,25,25,11,13,20,9,11
200266,1,1,1994,0,0,0,0,0,0,0,0,0,0
200267,1,1,1994,0,0,0,0,0,0,0,0,0,0
200267,2,1,1994,0,0,0,0,0,0,0,0,0,0
200268,1,1,1994,0,0,0,0,0,0,0,0,0,0
200269,1,1,1994,32,32,32,32,32,32,32,32,32,32
200270,1,1,1994,4,4,4,4,4,4,4,4,4,4
200271,1,1,1994,17,0,0,0,0,10,0,0,0,0
200272,1,1,1994,0,0,0,0,0,0,0,0,0,0
200272,2,1,1994,0,0,0,0,0,0,0,0,0,0
200273,1,1,1994,0,0,0,0,8,18,23,26,0,0
200274,1,1,1994,25,25,25,25,25,25,25,25,25,25
200275,1,1,1994,24,24,24,24,24,24,24,24,24,24
200276,1,1,1994,21,21,21,21,21,21,21,21,21,21
200276,2,1,1994,0,0,0,0,0,0,0,0,0,0
200277,1,1,1994,0,0,0,0,0,0,0,0,0,0
200277,2,1,1994,0,0,0,0,0,0,0,0,0,0
200277,3,1,1994,0,0,0,0,0,0,0,0,0,0
200278,1,1,1994,2,2,2,2,2,2,2,2,2,2
200278,2,1,1994,0,0,0,0,0,17,0,0,0,0
200280,1,1,1994,0,21,0,0,0,0,0,0,0,0
200281,1,1,1994,0,0,0,0,0,0,0,0,0,0
200281,2,1,1994,0,0,0,0,0,0,0,0,0,0
200282,1,1,1994,0,0,0,0,0,0,0,0,0,0
200283,1,1,1994,0,0,0,0,8,0,0,0,0,0
200283,2,1,1994,22,22,22,22,22,22,22,22,22,22
200284,1,1,1994,0,0,0,0,0,0,0,0,0,0
200286,1,1,1994,0,0,0,0,0,0,0,0,0,0
200286,2,1,1994,0,0,0,0,0,0,0,0,0,0
200287,1,1,1994,0,0,11,0,0,0,0,0,0,0
200288,1,1,1994,0,0,0,0,0,0,0,0,0,0
200290,1,1,1994,0,0,0,0,0,0,0,0,0,0
200290,2,1,1994,6,6,6,6,6,6,6,6,6,6
200291,1,1,1994,16,0,0,0,0,0,0,32,0,0
200292,1,1,1994,0,13,0,0,0,0,12,0,0,12
200293,1,1,1994,0,0,0,0,0,0,0,0,0,0
200293,2,1,1994,0,0,0,0,0,0,0,0,0,4
200294,1,1,1994,18,18,18,18,18,18,18,18,18,18
200295,1,1,1994,0,0,0,0,0,0,0,0,0,0
200296,1,1,1994,0,0,0,0,0,0,0,0,0,0
200297,1,1,1994,0,0,0,0,0,0,0,0,0,0
200297,2,1,1994,0,0,0,0,0,0,0,0,0,0
200297,3,1,1994,0,0,0,0,0,0,0,0,0,0
200298,0,1,1994,0,0,0,0,0,0,0,0,0,0
200298,1,1,1994,0,0,0,0,0,0,0,0,0,0
200299,1,1,1994,15,25,13,9,17,5,14,7,9,10
200299,2,1,1994,0,0,0,0,0,0,0,0,0,0
200300,1,1,1994,18,18,18,18,18,18,18,18,18,18
200301,1,1,1994,0,0,0,0,0,0,0,0,0,0
200301,2,1,1994,0,11,0,0,0,0,13,0,0,0
200302,1,1,1994,15,15,15,15,15,15,15,15,15,15
200302,2,1,1994,0,0,0,0,0,0,0,0,0,0
200303,1,1,1994,8,8,8,8,8,8,8,8,8,8
200303,2,1,1994,0,0,0,0,0,0,0,0,9,0
200304,1,1,1994,5,5,5,5,5,5,5,5,5,5
200305,1,1,1994,0,0,0,0,15,0,0,0,18,0
200305,2,1,1994,0,0,0,0,0,0,0,0,0,0
200305,3,1,1994,0,0,0,0,0,0,0,0,0,0
200306,1,1,1994,0,19,0,0,0,0,0,21,0,0
200306,2,1,1994,0,0,14,0,0,0,7,0,0,0
200307,1,1,1994,0,0,0,0,0,0,0,0,0,0
200307,2,1,1994,0,0,0,0,0,0,0,0,0,0
200308,1,1,1994,28,28,28,28,28,28,28,28,28,28
200308,2,1,1994,0,0,0,0,0,0,0,0,0,0
200309,1,1,1994,11,11,11,11,11,11,11,11,11,11
200310,1,1,1994,0,0,0,0,0,0,0,0,0,0
200310,2,1,1994,0,0,0,0,0,0,0,0,0,0
200311,1,1,1994,16,16,16,16,16,16,16,16,16,16
200312,1,1,1994,10,10,10,10,10,10,10,10,10,10
200313,1,1,1994,0,0,0,0,0,0,0,0,0,0
200314,1,1,1994,0,0,0,0,0,0,0,0,0,0
200316,1,1,1994,24,24,24,24,24,24,24,24,24,24
200317,1,1,1994,2,2,2,2,2,2,2,2,2,2
200318,0,1,1994,0,0,0,0,0,0,0,0,0,0
200318,1,1,1994,0,0,0,0,0,0,0,0,0,0
200318,2,1,1994,0,0,0,0,0,0,0,0,0,0
200319,1,1,1994,0,0,0,14,0,0,0,0,0,0
200320,1,1,1994,32,32,32,32,32,32,32,32,32,32
200321,1,1,1994,0,0,0,0,0,23,17,0,0,0
200321,2,1,1994,0,0,0,0,0,0,0,0,0,0
200322,1,1,1994,0,0,0,0,0,0,0,0,0,0
200322,2,1,1994,0,20,9,0,0,0,4,0,0,9
200323,1,1,1994,0,0,0,18,0,0,0,0,0,0
200323,2,1,1994,0,0,0,0,0,0,0,0,0,0
200324,1,1,1994,0,0,0,0,0,0,0,0,0,0
200324,2,1,1994,0,0,0,0,0,0,0,0,0,0
200325,1,1,1994,15,15,15,15,15,15,15,15,15,15
200326,0,1,1994,0,0,0,0,0,0,0,0,0,0
200326,1,1,1994,0,0,0,14,0,0,0,0,0,0
200327,1,1,1994,0,0,0,0,0,0,0,0,0,0
200327,2,1,1994,0,0,0,0,0,0,0,0,0,0
200328,0,1,1994,25,0,34,36,35,15,19,10,16,40
200328,1,1,1994,0,0,0,0,0,0,0,0,0,0
200328,2,1,1994,0,0,0,0,0,0,0,0,0,0
200329,1,1,1994,10,10,10,10,10,10,10,10,10,10
200330,1,1,1994,16,16,16,16,16,16,16,16,16,16
200331,1,1,1994,13,0,4,0,0,18,0,0,0,0
200331,2,1,1994,0,0,0,0,0,0,0,0,0,0
200332,1,1,1994,0,0,0,0,0,0,0,0,0,0
200332,2,1,1994,0,0,0,0,0,0,0,0,0,0
200333,1,1,1994,0,0,0,0,0,0,0,0,0,0
200334,1,1,1994,33,33,33,33,33,33,33,33,33,33
200334,2,1,1994,0,0,0,0,0,0,0,0,0,0
200335,1,1,1994,0,0,0,0,0,0,0,0,0,0
200336,1,1,1994,13,13,13,13,13,13,13,13,13,13
200337,1,1,1994,14,14,14,14,14,14,14,14,14,14
200338,1,1,1994,0,0,0,0,0,0,0,0,0,0
200339,1,1,1994,0,0,0,0,0,0,0,0,0,0
200339,2,1,1994,0,0,0,0,0,0,0,0,0,0
200340,1,1,1994,28,28,28,28,28,28,28,28,28,28
200340,2,1,1994,22,0,0,0,0,31,0,0,8,0
200341,1,1,1994,0,0,0,0,0,0,0,0,0,0
200341,2,1,1994,0,0,0,0,0,0,0,0,0,0
200341,3,1,1994,0,0,0,0,0,0,0,0,0,0
200342,1,1,1994,0,0,0,0,0,0,0,0,0,0
200342,2,1,1994,9,9,9,9,9,9,9,9,9,9
200343,1,1,1994,0,0,10,0,0,0,0,0,0,0
200343,2,1,1994,20,0,0,0,0,0,0,0,0,0
200344,1,1,1994,0,0,0,0,0,0,0,0,0,0
200344,2,1,1994,0,0,0,0,0,0,0,0,0,0
200345,1,1,1994,0,0,0,0,0,0,0,0,0,0
200345,2,1,1994,0,17,0,0,0,0,0,0,0,0
200346,1,1,1994,21,21,21,21,21,21,21,21,21,21
200347,1,1,1994,0,0,0,0,0,0,0,0,0,0
200347,2,1,1994,0,0,0,0,0,0,0,0,0,0
200348,1,1,1994,3,3,3,3,3,3,3,3,3,3
200349,1,1,1994,0,0,0,21,0,0,10,0,11,20
200349,2,1,1994,19,19,19,19,19,19,19,19,19,19
200350,1,1,1994,20,20,20,20,20,20,20,20,20,20
200351,1,1,1994,0,0,0,0,0,0,0,0,0,0
200352,1,1,1994,0,0,0,0,0,0,0,0,0,0
200353,0,1,1994,0,0,0,0,0,0,0,0,0,0
200353,1,1,1994,0,0,0,0,0,0,0,0,0,0
200353,2,1,1994,0,0,0,0,0,0,0,0,0,0
200354,1,1,1994,0,0,0,0,0,0,0,0,0,0
200355,1,1,1994,0,0,0,0,0,0,0,0,0,0
200355,2,1,1994,0,0,0,0,0,0,0,0,0,0
200356,1,1,1994,17,17,17,17,17,17,17,17,17,17
200357,1,1,1994,0,0,0,0,0,0,0,0,0,0
200357,2,1,1994,0,0,0,0,0,0,0,0,0,0
200358,1,1,1994,0,0,0,0,0,0,0,0,0,0
200358,2,1,1994,15,15,15,15,15,15,15,15,15,15
200359,1,1,1994,0,0,0,0,0,0,0,0,0,0
200359,2,1,1994,0,0,0,0,0,0,0,0,0,6
200360,1,1,1994,0,36,0,17,0,0,0,22,35,0
200361,1,1,1994,0,0,0,0,0,0,0,0,0,0
200361,2,1,1994,0,0,0,0,0,0,0,0,0,0
200362,1,1,1994,0,0,0,0,0,0,0,0,0,0
200362,2,1,1994,0,0,0,0,0,0,0,0,0,0
200363,1,1,1994,0,0,0,0,0,0,0,0,0,0
200364,1,1,1994,0,0,0,0,0,0,0,0,0,0
200365,1,1,1994,22,22,22,22,22,22,22,22,22,22
200365,2,1,1994,0,0,0,0,0,0,0,0,0,0
200366,1,1,1994,0,0,20,0,0,7,0,19,0,0
200366,2,1,1994,0,0,0,0,0,0,0,0,13,0
200367,1,1,1994,0,0,0,0,0,0,0,0,0,0
200368,1,1,1994,0,0,0,0,0,0,0,0,0,0
200369,1,1,1994,16,16,16,16,16,16,16,16,16,16
200369,2,1,1994,0,0,0,0,0,0,0,0,0,0
200370,1,1,1994,0,0,0,0,0,0,0,0,0,0
200371,1,1,1994,0,0,0,0,0,12,0,0,0,0
200371,2,1,1994,0,0,0,0,0,0,0,0,0,0
200371,3,1,1994,0,0,0,0,0,0,0,0,0,0
200372,1,1,1994,25,27,14,22,0,0,3,0,0,13
200373,1,1,1994,0,0,0,0,0,0,0,0,0,0
200373,2,1,1994,0,0,0,0,0,0,0,0,0,0
200374,1,1,1994,0,0,0,0,0,0,0,0,0,0
200375,1,1,1994,0,0,0,0,0,0,0,0,0,0
200375,2,1,1994,0,0,0,0,0,0,0,0,0,0
200376,1,1,1994,0,0,0,0,0,0,0,0,0,0
200377,1,1,1994,14,14,14,14,14,14,14,14,14,14
200378,1,1,1994,0,0,0,0,0,0,0,0,0,0
200378,2,1,1994,0,0,0,0,0,0,0,0,0,0
200379,1,1,1994,0,0,0,0,0,0,0,0,0,0
200379,2,1,1994,0,0,0,0,0,0,0,0,0,0
200380,1,1,1994,0,0,0,0,0,0,0,0,0,0
200380,2,1,1994,0,0,0,0,0,0,0,3,0,0
200381,1,1,1994,0,0,0,0,0,0,0,0,0,0
200381,2,1,1994,0,0,0,0,0,0,0,0,0,0
200382,1,1,1994,0,0,0,0,0,0,0,0,0,0
200382,2,1,1994,0,0,0,11,0,4,0,0,12,17
200383,1,1,1994,28,28,28,28,28,28,28,28,28,28
200384,1,1,1994,8,21,32,19,21,25,17,25,9,24
200385,0,1,1994,0,0,0,0,0,0,0,0,12,18
200385,0,2,1994,0,0,6,0,26,0,0,0,0,0
200385,1,1,1994,8,27,0,0,28,0,0,0,0,0
200386,1,1,1994,31,31,31,31,31,31,31,31,31,31
200387,1,1,1994,0,0,0,0,13,9,0,0,0,0
200388,1,1,1994,14,14,14,14,14,14,14,14,14,14
200389,1,1,1994,0,0,0,0,0,0,0,0,0,0
200389,2,1,1994,0,0,0,0,0,18,0,0,0,0
200389,3,1,1994,0,0,0,0,0,0,0,12,6,0
200390,1,1,1994,26,21,30,0,23,20,28,16,28,16
200391,1,1,1994,0,0,13,0,0,0,0,0,0,0
200391,2,1,1994,0,0,0,0,0,0,0,0,0,0
200392,1,1,1994,4,4,4,4,4,4,4,4,4,4
200392,2,1,1994,3,3,3,3,3,3,3,3,3,3
200393,1,1,1994,0,0,0,0,0,0,0,0,0,0
200393,2,1,1994,0,0,0,0,0,0,0,0,0,0
200394,1,1,1994,15,15,15,15,15,15,15,15,15,15
210001,1,1,1994,26,32,6,14,5,22,6,8,14,8
210001,2,1,1994,35,35,35,35,35,35,35,35,35,35
210002,1,1,1994,14,14,14,14,14,14,14,14,14,14
210003,1,1,1994,0,0,0,0,0,0,0,0,0,0
210004,1,1,1994,27,27,27,27,27,27,27,27,27,27
210005,1,1,1994,17,17,17,17,17,17,17,17,17,17
210005,2,1,1994,0,0,0,0,0,0,0,0,0,0
210006,0,1,1994,0,0,0,10,0,0,0,26,0,32
210006,1,1,1994,0,0,0,0,0,0,0,0,0,0
210006,2,1,1994,0,0,0,0,0,0,0,0,0,0
210007,1,1,1994,0,0,7,0,0,0,0,0,0,0
210007,2,1,1994,0,0,0,0,0,0,0,0,0,0
210008,1,1,1994,21,23,5,18,20,40,29,17,29,30
210009,0,1,1994,0,0,0,0,0,0,0,0,0,0
210009,1,1,1994,0,0,0,0,0,0,0,0,0,0
210010,1,1,1994,22,22,22,22,22,22,22,22,22,22
210011,1,1,1994,22,22,22,22,22,22,22,22,22,22
210011,2,1,1994,0,0,0,0,0,0,0,0,0,0
210012,1,1,1994,0,0,0,0,0,0,0,18,0,0
210012,2,1,1994,0,0,0,0,0,0,0,0,0,0
210012,3,1,1994,0,0,0,0,0,0,0,0,0,0
210013,1,1,1994,4,4,4,4,4,4,4,4,4,4
210013,2,1,1994,0,0,0,0,0,10,0,0,0,0
210014,1,1,1994,0,0,20,0,0,0,0,0,0,0
210014,2,1,1994,0,0,0,0,8,0,0,0,0,0
210015,1,1,1994,0,0,0,0,0,0,0,0,19,0
210015,2,1,1994,0,0,0,0,0,0,0,0,0,0
210015,3,1,1994,0,0,0,0,0,0,0,0,0,0
210016,1,1,1994,0,0,0,0,0,0,16,0,0,0
210017,0,1,1994,0,0,0,0,0,0,0,0,0,0
210017,1,1,1994,3,3,3,3,3,3,3,3,3,3
210018,0,1,1994,0,0,0,0,0,0,0,0,0,0
210018,1,1,1994,0,0,0,0,0,0,0,0,0,0
210019,1,1,1994,11,11,11,11,11,11,11,11,11,11
210020,0,1,1994,0,0,0,0,0,0,0,0,0,0
210020,1,1,1994,0,0,0,0,0,0,0,0,0,0
210021,1,1,1994,18,18,18,18,18,18,18,18,18,18
210022,0,1,1994,0,0,0,0,0,0,0,0,0,0
210022,1,1,1994,0,0,0,0,0,0,0,0,0,0
210023,1,1,1994,54,54,54,54,54,54,54,54,54,54
210023,2,1,1994,0,0,0,0,0,0,0,0,0,0
210024,1,1,1994,26,26,26,26,26,26,26,26,26,26
210025,1,1,1994,0,0,0,0,0,0,0,0,0,0
210025,2,1,1994,0,0,0,0,0,0,0,0,0,0
210026,1,1,1994,0,24,0,5,26,21,0,6,23,12
210026,2,1,1994,0,0,0,0,0,0,0,0,0,0
210027,1,1,1994,0,0,0,0,0,11,0,0,8,0
210027,2,1,1994,0,0,0,0,0,0,0,0,0,15
210028,1,1,1994,0,0,0,0,0,0,0,0,0,0
210028,2,1,1994,0,0,0,0,0,0,0,0,0,0
210029,1,1,1994,0,0,0,0,0,0,0,0,0,0
210030,1,1,1994,0,18,0,0,0,0,0,0,0,0
210030,2,1,1994,0,0,0,0,0,0,0,0,0,0
210030,3,1,1994,0,0,0,0,0,0,0,0,0,0
210030,4,1,1994,0,0,0,0,0,8,0,0,0,0
210031,1,1,1994,0,0,0,0,0,0,0,0,0,0
210031,2,1,1994,0,0,0,0,0,0,0,0,0,0
210031,3,1,1994,0,0,0,0,0,0,0,0,0,0
210032,1,1,1994,10,12,26,32,10,13,26,6,19,4
210032,2,1,1994,0,0,0,0,0,0,0,0,0,0
210033,1,1,1994,0,0,0,0,0,0,0,0,0,0
210033,2,1,1994,0,0,0,0,0,0,0,0,13,0
210034,1,1,1994,18,18,18,18,18,18,18,18,18,18
210035,1,1,1994,0,0,0,0,0,0,0,0,0,0
210035,2,1,1994,0,0,0,0,0,0,0,0,0,0
210036,1,1,1994,0,0,0,0,0,0,0,15,0,0
210037,1,1,1994,0,0,0,0,0,0,0,0,0,0
210037,2,1,1994,0,0,0,0,0,0,0,0,0,0
210038,1,1,1994,0,0,0,0,0,0,0,0,0,0
210038,2,1,1994,0,0,0,0,0,0,0,0,0,0
210039,1,1,1994,33,33,33,33,33,33,33,33,33,33
210040,0,1,1994,0,0,0,0,0,0,0,0,0,0
210040,1,1,1994,0,0,0,0,0,0,0,10,0,0
210041,1,1,1994,3,3,3,3,3,3,3,3,3,3
210042,1,1,1994,15,15,15,15,15,15,15,15,15,15
210043,1,1,1994,22,22,22,22,22,22,22,22,22,22
210044,1,1,1994,0,0,0,0,0,0,0,0,0,0
210045,1,1,1994,25,25,25,25,25,25,25,25,25,25
210046,0,1,1994,44,44,44,44,44,44,44,44,44,44
210046,1,1,1994,0,0,0,0,0,16,0,19,0,0
210047,1,1,1994,24,0,0,0,11,0,0,0,18,13
210048,1,1,1994,9,0,13,26,29,16,22,6,15,5
210049,1,1,1994,0,0,11,0,0,15,0,14,0,0
210050,1,1,1994,0,0,0,0,0,0,0,0,0,0
210051,0,1,1994,0,11,16,0,21,11,16,10,0,38
210051,0,2,1994,19,0,0,5,0,0,32,0,0,36
210051,1,1,1994,0,0,0,0,0,0,0,0,0,0
210052,1,1,1994,28,32,18,16,12,26,13,40,37,27
210053,0,1,1994,0,0,0,0,0,0,0,0,0,0
210053,1,1,1994,0,0,0,0,0,0,0,0,0,0
210054,1,1,1994,0,0,0,0,0,14,0,0,0,0
210054,2,1,1994,0,0,0,0,0,0,0,0,0,0
210055,1,1,1994,4,0,0,0,0,0,8,0,0,0
210055,2,1,1994,0,0,0,0,0,0,0,0,0,0
210056,1,1,1994,15,15,15,15,15,15,15,15,15,15
210056,2,1,1994,0,0,0,0,0,0,0,0,0,0
210057,1,1,1994,0,0,0,0,0,0,0,0,0,0
210057,2,1,1994,0,0,0,0,0,0,0,0,0,0
210058,0,1,1994,0,0,22,0,16,0,0,0,9,17
210058,1,1,1994,0,0,0,0,0,0,0,0,0,0
210058,2,1,1994,0,0,0,0,0,0,0,0,0,0
210059,0,1,1994,0,29,0,35,34,0,18,0,17,0
210059,1,1,1994,0,0,0,0,0,0,0,0,0,0
210060,1,1,1994,10,10,10,10,10,10,10,10,10,10
210060,2,1,1994,0,0,0,0,0,0,0,0,26,0
210061,1,1,1994,18,9,11,5,20,15,12,5,10,15
210062,1,1,1994,0,0,0,0,0,0,0,0,0,0
210062,2,1,1994,0,0,0,0,0,0,0,0,0,0
210063,1,1,1994,0,0,0,0,0,0,0,0,0,0
210063,2,1,1994,0,0,0,0,0,0,0,0,0,0
210064,1,1,1994,6,6,6,6,6,6,6,6,6,6
210064,2,1,1994,0,0,0,0,0,0,0,0,0,0
210065,1,1,1994,0,0,0,0,0,0,0,0,0,0
210065,2,1,1994,0,0,0,0,0,16,0,0,0,0
210066,1,1,1994,0,0,0,0,0,0,0,0,0,0
210066,2,1,1994,0,0,4,0,0,0,0,0,0,0
210067,1,1,1994,16,16,16,16,16,16,16,16,16,16
210067,2,1,1994,0,0,0,0,0,0,0,0,0,0
210068,1,1,1994,0,0,0,0,0,0,0,0,0,0
210068,2,1,1994,0,0,7,0,0,0,0,0,0,0
210069,1,1,1994,27,27,27,27,27,27,27,27,27,27
210069,2,1,1994,0,0,0,0,6,0,0,0,0,0
210070,1,1,1994,0,0,0,0,0,0,0,0,0,0
210070,2,1,1994,0,0,0,0,0,0,0,0,0,0
210071,1,1,1994,0,0,12,0,0,0,14,0,0,0
210072,1,1,1994,2,2,2,2,2,2,2,2,2,2
210073,1,1,1994,22,21,15,18,11,0,0,12,17,14
210074,0,1,1994,0,0,0,0,0,0,0,0,0,0
210074,1,1,1994,0,0,0,0,0,0,0,0,0,0
210075,1,1,1994,25,25,25,25,25,25,25,25,25,25
210076,1,1,1994,0,0,0,0,0,0,0,0,0,0
210077,1,1,1994,10,10,10,10,10,10,10,10,10,10
210078,1,1,1994,0,0,0,0,0,0,0,0,0,0
210079,0,1,1994,17,17,17,17,17,17,17,17,17,17
210079,1,1,1994,0,0,0,0,0,0,0,0,0,0
210080,1,1,1994,0,0,0,0,0,0,0,0,0,0
210081,1,1,1994,0,19,0,0,0,0,0,0,0,0
210082,1,1,1994,0,0,0,0,0,0,0,0,0,0
210083,0,1,1994,0,0,0,0,0,0,0,0,0,0
210083,1,1,1994,11,19,29,15,9,26,25,21,22,19
210084,1,1,1994,11,11,11,11,11,11,11,11,11,11
210085,1,1,1994,0,0,0,0,0,0,0,0,0,0
210085,2,1,1994,14,0,0,0,0,0,0,0,0,0
210085,3,1,1994,0,0,0,0,0,0,0,0,0,0
210085,4,1,1994,0,0,0,0,0,0,5,0,0,0
210086,1,1,1994,15,15,15,15,15,15,15,15,15,15
210087,1,1,1994,0,0,0,0,0,0,0,0,0,0
210087,2,1,1994,0,0,0,16,0,0,10,0,0,0
210088,1,1,1994,0,0,0,0,0,0,0,0,0,0
210088,2,1,1994,0,0,0,0,0,0,0,0,0,0
210089,1,1,1994,0,0,0,0,0,0,0,0,0,0
210089,2,1,1994,0,0,0,0,0,0,0,0,0,0
210090,1,1,1994,20,0,0,5,0,19,0,23,16,0
210091,1,1,1994,0,0,0,0,0,0,0,0,0,0
210091,2,1,1994,0,0,0,0,0,0,0,0,0,0
210092,1,1,1994,0,0,0,0,0,0,0,0,0,0
210092,2,1,1994,0,0,0,0,0,0,0,0,0,0
210093,1,1,1994,0,0,0,0,0,0,31,0,0,0
210094,1,1,1994,0,0,0,10,0,0,0,0,14,0
210095,1,1,1994,33,33,33,33,33,33,33,33,33,33
210096,1,1,1994,11,11,11,11,11,11,11,11,11,11
210097,1,1,1994,0,0,0,0,0,0,0,0,0,14
210097,2,1,1994,0,0,0,0,0,0,0,0,0,0
210097,3,1,1994,0,0,0,0,0,0,0,0,0,0
210098,1,1,1994,0,0,0,0,0,0,0,0,0,0
210098,2,1,1994,0,0,0,0,0,0,0,0,0,0
210099,1,1,1994,12,12,12,12,12,12,12,12,12,12
210099,2,1,1994,0,0,0,0,0,0,0,0,0,0
210099,3,1,1994,0,0,0,0,0,0,0,0,0,0
210099,4,1,1994,0,0,0,0,0,0,0,0,4,0
210100,1,1,1994,0,0,0,0,0,0,0,0,0,0
210100,2,1,1994,0,0,0,0,16,0,0,0,0,0
210101,1,1,1994,0,0,0,0,0,0,0,0,0,0
210101,2,1,1994,0,0,0,0,0,9,0,0,0,0
210102,1,1,1994,0,0,0,0,0,0,0,0,0,0
210102,2,1,1994,0,0,0,0,0,0,0,0,0,0
210102,3,1,1994,0,0,0,0,0,0,0,0,0,0
210103,1,1,1994,0,0,0,0,0,0,0,0,0,0
210103,2,1,1994,0,0,0,0,0,0,0,0,0,0
210104,1,1,1994,0,0,0,0,0,0,0,0,0,0
210104,2,1,1994,0,0,0,0,0,0,0,0,0,0
210106,1,1,1994,0,0,0,0,0,0,0,0,0,0
210106,2,1,1994,13,13,13,13,13,13,13,13,13,13
210107,1,1,1994,0,0,0,0,0,0,0,0,0,0
210107,2,1,1994,0,0,0,0,0,0,0,0,0,0
210108,1,1,1994,0,0,0,0,0,0,0,0,0,0
210108,2,1,1994,0,0,0,0,0,0,0,0,0,3
210109,1,1,1994,0,0,0,0,0,0,0,0,0,0
210109,2,1,1994,0,0,0,0,0,0,0,0,0,0
210110,1,1,1994,13,13,13,13,13,13,13,13,13,13
210110,2,1,1994,0,0,0,0,0,0,0,0,0,0
210111,1,1,1994,22,22,22,22,22,22,22,22,22,22
210111,2,1,1994,0,0,0,0,0,0,0,0,0,0
210112,1,1,1994,28,28,28,28,28,28,28,28,28,28
210112,2,1,1994,0,0,0,0,0,0,0,0,0,0
210113,1,1,1994,9,9,9,9,9,9,9,9,9,9
210113,2,1,1994,5,5,5,5,5,5,5,5,5,5
210114,1,1,1994,12,12,12,12,12,12,12,12,12,12
210114,2,1,1994,0,0,0,0,0,0,0,0,0,0
210115,1,1,1994,0,0,0,0,0,0,0,0,0,0
210115,2,1,1994,0,0,0,0,0,0,0,0,0,0
210116,1,1,1994,17,17,17,17,17,17,17,17,17,17
210116,2,1,1994,0,0,0,0,0,0,0,0,0,18
210117,1,1,1994,0,0,0,0,0,0,0,0,0,0
210117,2,1,1994,0,0,0,0,0,0,0,0,0,0