ST_CASE,VEH_NO,PER_NO,YEAR,P1,P2,P3,P4,P5,P6,P7,P8,P9,P10
260223,1,1,1994,42,42,42,42,42,42,42,42,42,42
260223,2,1,1994,0,0,0,0,0,0,0,0,0,0
260224,1,1,1994,25,25,25,25,25,25,25,25,25,25
260224,2,1,1994,4,4,4,4,4,4,4,4,4,4
260225,1,1,1994,0,0,24,0,0,0,0,0,0,0
260225,2,1,1994,0,0,0,0,0,0,0,0,0,0
260226,1,1,1994,20,20,20,20,20,20,20,20,20,20
260227,0,1,1994,25,25,25,25,25,25,25,25,25,25
260227,1,1,1994,0,0,0,0,0,0,0,0,0,0
260228,0,1,1994,0,0,0,0,0,0,0,0,0,0
260228,1,1,1994,0,0,0,0,0,0,0,0,0,0
260229,1,1,1994,24,24,24,24,24,24,24,24,24,24
260230,1,1,1994,19,19,19,19,19,19,19,19,19,19
260230,2,1,1994,0,0,0,0,0,0,0,0,0,0
260230,3,1,1994,0,0,0,0,0,0,0,0,0,0
260231,1,1,1994,0,0,0,0,0,0,29,0,0,0
260232,0,1,1994,0,0,0,0,0,0,0,0,0,0
260232,1,1,1994,0,0,0,0,0,0,0,0,0,0
260233,1,1,1994,0,0,0,0,0,0,0,0,0,0
260233,2,1,1994,14,14,14,14,14,14,14,14,14,14
260234,0,1,1994,0,0,0,0,0,0,0,0,0,0
260234,1,1,1994,0,0,0,0,0,0,0,0,0,0
260235,1,1,1994,0,0,0,0,0,0,0,0,0,0
260235,2,1,1994,0,0,0,0,0,0,0,0,0,0
260236,1,1,1994,0,0,0,0,0,0,0,0,0,0
260236,2,1,1994,0,0,0,0,0,0,0,0,0,0
260237,1,1,1994,0,0,0,0,0,0,0,0,7,0
260237,2,1,1994,0,0,0,0,0,0,0,0,10,0
260237,3,1,1994,0,0,23,0,0,0,0,0,0,0
260238,1,1,1994,0,4,0,0,0,0,0,22,0,0
260238,2,1,1994,0,0,0,0,0,0,0,0,0,0
260239,1,1,1994,0,0,0,0,0,0,0,0,0,0
260240,1,1,1994,0,0,0,0,0,0,0,0,0,0
260240,2,1,1994,0,0,0,0,0,0,0,0,0,0
260241,1,1,1994,26,26,26,26,26,26,26,26,26,26
260242,1,1,1994,28,20,8,64,17,17,45,25,27,23
260243,0,1,1994,0,0,0,0,0,0,0,0,0,0
260243,1,1,1994,0,14,0,0,0,0,0,0,0,0
260244,1,1,1994,0,0,0,0,0,0,0,0,0,0
260245,0,1,1994,0,0,0,0,0,0,0,0,0,0
260245,1,1,1994,0,0,0,0,0,0,0,0,0,0
260246,0,1,1994,26,0,16,0,30,22,0,22,0,0
260246,1,1,1994,10,0,0,0,0,19,0,0,10,0
260247,0,1,1994,0,0,0,0,0,0,0,0,0,0
260247,1,1,1994,16,0,0,0,0,0,0,0,0,0
260248,1,1,1994,26,11,31,0,0,0,21,0,0,0
260249,1,1,1994,22,22,22,22,22,22,22,22,22,22
260250,1,1,1994,13,13,13,13,13,13,13,13,13,13
260251,1,1,1994,19,19,19,19,19,19,19,19,19,19
260251,2,1,1994,0,0,0,0,0,0,0,0,0,0
260252,1,1,1994,8,0,16,0,32,0,0,0,12,0
260253,1,1,1994,22,22,22,22,22,22,22,22,22,22
260254,1,1,1994,0,0,0,0,0,0,0,0,0,0
260254,2,1,1994,0,0,0,0,0,32,0,0,14,0
260255,1,1,1994,4,14,10,11,5,35,9,24,17,8
260255,2,1,1994,1,5,0,21,20,6,11,0,15,0
260256,1,1,1994,13,13,13,13,13,13,13,13,13,13
260256,2,1,1994,0,0,0,0,0,7,0,0,0,0
260256,3,1,1994,0,0,0,0,0,0,0,0,0,0
260257,0,1,1994,5,5,5,5,5,5,5,5,5,5
260257,1,1,1994,2,2,2,2,2,2,2,2,2,2
260258,1,1,1994,0,0,0,8,0,0,0,0,0,0
260258,2,1,1994,0,0,0,0,0,0,0,0,0,0
260259,0,1,1994,30,30,30,30,30,30,30,30,30,30
260259,1,1,1994,12,18,0,0,0,35,17,10,9,18
260260,1,1,1994,0,0,0,0,0,0,0,0,0,0
260260,2,1,1994,0,0,0,0,0,0,0,0,0,0
260261,1,1,1994,23,23,23,23,23,23,23,23,23,23
260262,1,1,1994,35,35,35,35,35,35,35,35,35,35
260262,2,1,1994,0,0,0,0,0,0,0,0,0,0
260263,0,1,1994,11,11,11,11,11,11,11,11,11,11
260263,1,1,1994,0,0,13,0,0,0,0,0,0,0
260264,0,1,1994,30,30,30,30,30,30,30,30,30,30
260264,1,1,1994,0,0,0,0,0,0,0,0,0,0
260265,1,1,1994,0,0,0,0,0,0,0,0,0,0
260265,2,1,1994,0,0,0,3,0,0,0,0,0,0
260266,1,1,1994,0,0,0,0,0,0,0,0,0,0
260267,1,1,1994,9,9,9,9,9,9,9,9,9,9
260268,1,1,1994,0,0,0,0,0,0,0,0,0,0
260268,2,1,1994,0,0,0,0,0,0,0,0,0,0
260269,1,1,1994,0,0,0,0,0,0,0,0,0,0
260270,1,1,1994,17,17,17,17,17,17,17,17,17,17
260271,0,1,1994,0,0,13,0,0,0,0,0,0,0
260271,1,1,1994,0,0,0,0,0,0,0,0,0,0
260272,1,1,1994,0,0,0,0,0,0,0,0,0,25
260272,2,1,1994,0,0,0,0,0,0,0,0,0,0
260273,1,1,1994,0,13,0,0,0,0,0,0,0,0
260273,2,1,1994,0,0,0,0,0,0,0,0,0,0
260274,0,1,1994,0,0,0,0,0,0,0,0,0,0
260274,1,1,1994,0,0,0,0,0,0,0,0,0,0
260275,1,1,1994,2,2,2,2,2,2,2,2,2,2
260275,2,1,1994,0,0,0,0,0,0,0,0,0,0
260275,3,1,1994,0,0,10,0,0,0,0,0,0,0
260276,1,1,1994,0,0,0,0,0,0,0,0,0,0
260277,1,1,1994,10,10,10,10,10,10,10,10,10,10
260277,2,1,1994,0,0,0,0,0,0,0,0,0,0
260278,1,1,1994,0,0,0,0,0,0,0,0,0,0
260278,2,1,1994,0,0,0,0,0,0,0,0,0,0
260279,1,1,1994,0,0,0,0,0,0,0,0,0,0
260279,2,1,1994,0,0,5,0,0,0,0,0,0,0
260280,1,1,1994,0,0,0,0,0,0,0,0,0,0
260280,2,1,1994,0,0,0,0,0,0,0,0,0,0
260280,3,1,1994,0,0,0,0,0,0,0,0,0,0
260281,1,1,1994,0,0,0,0,0,0,0,0,0,0
260281,2,1,1994,0,0,0,0,0,0,0,0,0,0
260282,1,1,1994,1,1,1,1,1,1,1,1,1,1
260282,2,1,1994,21,21,21,21,21,21,21,21,21,21
260283,0,1,1994,0,0,0,0,0,0,0,0,0,0
260283,1,1,1994,0,0,0,0,0,0,0,0,0,0
260284,1,1,1994,3,3,3,3,3,3,3,3,3,3
260284,2,1,1994,0,0,0,0,0,0,0,0,0,0
260285,1,1,1994,20,20,20,20,20,20,20,20,20,20
260286,1,1,1994,14,14,14,14,14,14,14,14,14,14
260286,2,1,1994,0,0,0,0,0,0,0,0,0,0
260287,1,1,1994,0,0,0,0,0,0,0,0,0,0
260287,2,1,1994,0,0,0,0,0,0,0,0,24,0
260288,1,1,1994,0,0,0,0,0,0,0,0,0,0
260288,2,1,1994,0,0,0,0,0,0,0,0,0,0
260289,1,1,1994,0,0,0,0,0,0,0,0,0,0
260289,2,1,1994,0,0,0,9,0,0,0,0,0,8
260290,1,1,1994,14,14,14,14,14,14,14,14,14,14
260291,1,1,1994,0,13,0,0,7,0,0,0,0,0
260292,1,1,1994,0,0,0,0,0,0,0,0,0,0
260292,2,1,1994,0,0,0,0,11,0,0,0,0,0
260292,3,1,1994,0,28,0,0,0,0,0,0,0,0
260293,1,1,1994,13,0,0,0,0,0,0,0,0,0
260293,2,1,1994,0,0,0,0,0,0,0,0,0,0
260294,1,1,1994,0,0,0,0,0,0,0,0,0,0
260295,1,1,1994,0,0,0,0,0,0,0,0,0,0
260295,2,1,1994,0,0,0,0,0,0,0,0,0,0
260296,1,1,1994,29,29,29,29,29,29,29,29,29,29
260297,0,1,1994,0,0,0,0,0,0,0,0,0,0
260297,1,1,1994,0,0,0,0,0,0,0,6,6,0
260298,1,1,1994,13,13,13,13,13,13,13,13,13,13
260299,0,1,1994,0,0,0,0,0,0,0,0,0,0
260299,0,2,1994,29,0,7,0,0,0,12,8,0,0
260299,0,3,1994,0,0,0,0,0,0,28,0,0,0
260299,1,1,1994,0,0,0,0,0,0,0,0,0,0
260299,2,1,1994,2,2,2,2,2,2,2,2,2,2
260300,1,1,1994,12,12,12,12,12,12,12,12,12,12
260301,1,1,1994,0,0,0,0,0,0,0,0,0,0
260301,2,1,1994,0,0,0,0,0,0,0,0,0,0
260302,0,1,1994,0,0,0,0,0,0,0,0,0,0
260302,1,1,1994,0,0,0,0,0,0,0,0,0,0
260303,1,1,1994,0,0,0,22,20,0,0,0,0,0
260303,2,1,1994,0,0,0,0,0,0,0,0,0,0
260304,1,1,1994,0,0,0,0,0,0,0,0,0,0
260305,1,1,1994,0,0,0,0,0,0,0,26,0,0
260305,2,1,1994,0,0,0,0,0,0,0,0,0,0
260306,1,1,1994,15,15,15,15,15,15,15,15,15,15
260306,2,1,1994,0,22,0,0,0,0,0,21,0,0
260306,3,1,1994,0,0,0,0,0,0,0,0,0,4
260307,1,1,1994,19,22,14,32,15,37,38,12,15,15
260308,1,1,1994,3,3,3,3,3,3,3,3,3,3
260309,1,1,1994,0,0,0,0,0,0,0,24,0,0
260310,1,1,1994,22,22,22,22,22,22,22,22,22,22
260311,1,1,1994,8,11,16,16,12,18,12,0,14,18
260312,1,1,1994,0,0,0,0,0,0,0,0,0,0
260312,2,1,1994,0,0,0,0,0,0,0,0,0,0
260313,1,1,1994,0,0,0,0,0,0,0,0,0,0
260313,2,1,1994,0,0,0,0,0,0,0,0,0,0
260314,1,1,1994,0,0,0,0,0,0,0,0,0,0
260315,0,1,1994,31,31,31,31,31,31,31,31,31,31
260315,1,1,1994,0,0,0,0,0,0,0,0,0,0
260316,1,1,1994,0,0,0,0,0,0,0,0,0,0
260317,1,1,1994,20,20,20,20,20,20,20,20,20,20
260317,2,1,1994,14,14,14,14,14,14,14,14,14,14
260318,1,1,1994,0,0,0,0,0,0,0,0,0,0
260318,2,1,1994,0,0,0,0,0,0,0,0,0,0
260319,1,1,1994,31,31,31,31,31,31,31,31,31,31
260320,1,1,1994,0,0,0,0,0,2,0,0,0,0
260320,2,1,1994,0,0,0,0,0,0,0,0,0,0
260321,1,1,1994,0,0,0,0,0,0,0,0,0,0
260321,2,1,1994,0,0,0,0,0,0,0,0,0,0
260322,0,1,1994,0,0,0,0,0,0,0,0,0,0
260322,1,1,1994,0,0,0,8,0,0,0,0,0,0
260323,1,1,1994,18,18,18,18,18,18,18,18,18,18
260324,1,1,1994,0,0,0,0,0,0,0,0,0,0
260324,2,1,1994,0,0,0,0,0,0,0,0,0,0
260324,3,1,1994,0,0,0,0,0,0,0,0,0,0
260325,1,1,1994,0,0,0,0,0,0,0,0,0,0
260325,2,1,1994,0,0,0,0,0,0,0,0,0,0
260326,1,1,1994,0,0,0,0,0,0,0,0,0,0
260326,2,1,1994,0,0,0,0,0,0,0,0,0,0
260326,3,1,1994,0,0,0,0,0,0,0,0,0,0
260326,4,1,1994,0,0,0,0,0,0,0,0,0,0
260327,1,1,1994,0,0,0,0,0,23,0,0,0,0
260327,2,1,1994,0,0,0,0,0,0,0,0,0,0
260328,1,1,1994,0,0,0,0,0,0,0,0,0,0
260329,1,1,1994,0,0,0,0,0,0,0,0,0,0
260329,2,1,1994,0,0,0,0,0,0,0,0,0,0
260330,1,1,1994,8,8,8,8,8,8,8,8,8,8
260331,1,1,1994,0,0,0,0,0,0,0,0,0,0
260331,2,1,1994,0,0,0,12,0,0,0,0,0,0
260332,1,1,1994,19,19,19,19,19,19,19,19,19,19
260333,1,1,1994,21,21,21,21,21,21,21,21,21,21
260334,1,1,1994,0,0,0,0,0,0,0,0,0,0
260334,2,1,1994,0,0,0,0,0,0,0,0,0,0
260335,1,1,1994,16,16,16,16,16,16,16,16,16,16
260335,2,1,1994,0,0,0,0,0,0,0,0,0,0
260336,1,1,1994,0,0,0,0,0,0,0,0,0,0
260336,2,1,1994,0,0,0,0,0,0,0,0,0,0
260337,0,1,1994,0,0,0,0,31,0,0,0,0,0
260337,1,1,1994,0,0,0,0,0,0,0,0,0,0
260338,1,1,1994,0,0,0,0,0,0,0,0,0,0
260338,2,1,1994,0,0,0,0,0,0,0,0,0,0
260338,3,1,1994,0,0,0,0,0,0,0,0,0,0
260339,1,1,1994,2,2,2,2,2,2,2,2,2,2
260340,1,1,1994,11,11,11,11,11,11,11,11,11,11
260340,2,1,1994,0,0,0,0,0,0,0,0,0,0
260341,1,1,1994,0,0,0,0,0,0,0,0,0,0
260341,2,1,1994,4,0,0,0,0,15,0,0,0,0
260342,1,1,1994,0,0,0,0,0,0,0,0,0,0
260342,2,1,1994,0,0,0,0,0,0,0,0,0,0
260343,1,1,1994,0,0,0,0,0,0,0,0,0,0
260343,2,1,1994,19,19,19,19,19,19,19,19,19,19
260344,0,1,1994,9,9,9,9,9,9,9,9,9,9
260344,1,1,1994,0,0,0,0,0,0,0,0,0,0
260346,1,1,1994,0,0,0,0,0,0,0,0,0,0
260346,2,1,1994,0,0,0,0,0,0,0,0,0,0
260347,1,1,1994,19,19,19,19,19,19,19,19,19,19
260348,1,1,1994,0,0,0,0,0,0,0,0,0,0
260349,1,1,1994,14,14,14,14,14,14,14,14,14,14
260350,1,1,1994,0,0,0,0,0,0,5,0,14,0
260351,1,1,1994,21,23,17,9,12,35,13,15,9,27
260352,1,1,1994,0,0,16,0,0,0,9,16,7,14
260353,1,1,1994,0,0,0,0,0,0,0,0,0,0
260354,1,1,1994,15,15,15,15,15,15,15,15,15,15
260355,1,1,1994,0,0,0,0,0,0,0,0,0,0
260355,2,1,1994,0,10,0,0,0,19,0,0,0,0
260356,1,1,1994,0,0,0,0,0,0,0,0,0,0
260356,2,1,1994,0,0,0,0,0,0,0,0,0,0
260357,1,1,1994,0,0,0,4,0,0,0,0,0,0
260358,1,1,1994,0,0,25,14,0,0,0,0,0,0
260358,2,1,1994,0,0,0,0,0,0,0,0,0,0
260359,1,1,1994,0,0,0,0,0,0,0,0,0,0
260359,2,1,1994,0,0,0,0,0,0,0,0,0,0
260360,1,1,1994,0,18,17,0,22,12,23,10,16,9
260360,2,1,1994,0,0,0,0,0,0,0,0,0,0
260361,1,1,1994,0,0,0,0,0,0,0,0,0,0
260361,2,1,1994,0,0,0,0,0,0,0,0,0,0
260362,1,1,1994,11,11,11,11,11,11,11,11,11,11
260362,2,1,1994,0,0,0,0,0,0,0,0,0,0
260363,1,1,1994,0,0,0,0,0,0,0,0,0,0
260363,2,1,1994,0,0,0,0,0,0,0,0,0,0
260364,1,1,1994,8,8,8,8,8,8,8,8,8,8
260365,1,1,1994,0,0,0,0,0,0,0,0,0,0
260365,2,1,1994,0,9,0,0,0,0,0,0,0,0
260366,0,1,1994,16,16,16,16,16,16,16,16,16,16
260366,1,1,1994,0,0,0,0,0,27,0,0,0,0
260367,1,1,1994,17,17,17,17,17,17,17,17,17,17
260368,0,1,1994,0,0,0,0,0,0,0,0,0,0
260368,1,1,1994,0,0,0,0,0,0,0,0,0,0
260369,1,1,1994,0,0,0,0,0,0,0,0,0,0
260370,1,1,1994,9,9,9,9,9,9,9,9,9,9
260370,2,1,1994,0,0,0,0,0,0,0,0,0,0
260371,0,1,1994,9,9,9,9,9,9,9,9,9,9
260371,1,1,1994,0,0,12,0,0,0,0,0,0,0
260372,0,1,1994,0,0,0,0,0,0,0,0,0,0
260372,1,1,1994,4,4,4,4,4,4,4,4,4,4
260373,1,1,1994,0,0,0,0,0,0,0,0,0,0
260373,2,1,1994,0,0,0,0,0,0,0,0,0,0
260374,1,1,1994,27,27,27,27,27,27,27,27,27,27
260374,2,1,1994,0,0,0,0,0,0,0,0,0,0
260375,1,1,1994,0,0,0,0,0,0,0,0,0,0
260375,2,1,1994,0,0,0,0,0,0,0,0,0,0
260376,1,1,1994,0,0,0,0,0,0,0,0,0,0
260376,2,1,1994,0,0,0,0,0,0,0,0,0,0
260377,1,1,1994,0,0,0,0,0,0,0,0,0,0
260377,2,1,1994,0,0,0,0,16,0,0,0,0,0
260378,1,1,1994,15,15,15,15,15,15,15,15,15,15
260379,1,1,1994,0,0,0,0,0,0,0,0,0,0
260379,2,1,1994,10,0,0,0,0,0,0,0,0,0
260380,1,1,1994,0,0,0,0,0,0,0,0,0,0
260381,1,1,1994,20,11,18,12,13,19,8,18,27,34
260382,1,1,1994,12,0,0,15,0,24,42,0,0,0
260384,1,1,1994,38,3,24,12,33,28,27,24,21,10
260385,1,1,1994,0,0,0,0,0,0,0,0,0,0
260386,1,1,1994,0,0,23,0,0,0,0,10,0,18
260387,0,1,1994,0,0,0,0,0,0,0,0,0,0
260387,1,1,1994,14,14,14,14,14,14,14,14,14,14
260388,1,1,1994,0,0,0,0,0,0,0,0,0,0
260389,1,1,1994,0,0,0,0,0,0,0,0,0,0
260389,2,1,1994,21,0,0,0,0,0,0,0,0,0
260389,3,1,1994,0,0,0,0,0,0,0,0,0,0
260390,1,1,1994,0,0,0,0,0,0,0,0,0,0
260390,2,1,1994,0,0,0,0,0,0,0,0,0,0
260391,1,1,1994,14,13,11,14,25,10,14,18,36,37
260391,2,1,1994,0,0,0,0,0,0,0,0,0,0
260392,1,1,1994,10,9,25,11,21,13,27,36,16,8
260393,1,1,1994,19,19,19,19,19,19,19,19,19,19
260394,1,1,1994,18,18,18,18,18,18,18,18,18,18
260394,2,1,1994,0,0,0,0,0,0,0,0,0,0
260395,1,1,1994,17,17,17,17,17,17,17,17,17,17
260395,2,1,1994,0,0,0,0,0,0,0,0,0,0
260396,0,1,1994,19,0,15,17,0,34,16,8,0,8
260396,1,1,1994,0,0,0,0,0,0,0,0,0,0
260397,0,1,1994,0,0,0,0,0,0,0,0,0,0
260397,1,1,1994,0,0,0,0,0,0,0,0,0,0
260399,1,1,1994,0,0,0,0,0,0,0,0,0,0
260399,2,1,1994,0,0,0,0,0,0,0,0,0,0
260400,1,1,1994,0,0,0,0,0,0,0,0,0,0
260400,2,1,1994,0,0,0,0,0,0,0,0,0,0
260401,1,1,1994,0,0,0,0,0,0,0,0,0,0
260401,2,1,1994,0,0,0,0,0,0,0,0,0,0
260402,1,1,1994,0,0,0,0,0,0,0,0,0,0
260403,0,1,1994,0,0,0,0,0,0,0,0,0,0
260403,1,1,1994,0,0,0,0,0,0,0,0,0,0
260404,1,1,1994,0,0,0,0,0,0,0,0,0,0
260404,2,1,1994,10,10,10,10,10,10,10,10,10,10
260405,1,1,1994,27,0,0,0,0,0,0,0,0,0
260406,0,1,1994,0,0,0,0,0,0,0,0,0,0
260406,1,1,1994,0,24,22,6,0,4,0,18,0,21
260407,1,1,1994,0,0,0,0,0,0,0,0,0,0
260407,2,1,1994,0,0,0,0,0,0,0,0,0,0
260408,1,1,1994,0,0,0,0,0,0,0,0,0,0
260408,2,1,1994,0,0,0,0,0,0,0,0,0,0
260409,1,1,1994,12,12,12,12,12,12,12,12,12,12
260410,1,1,1994,0,0,14,24,27,13,0,14,25,13
260411,1,1,1994,16,16,16,16,16,16,16,16,16,16
260411,2,1,1994,0,0,0,0,0,0,0,0,0,0
260412,1,1,1994,0,0,0,0,0,0,0,0,0,0
260413,0,1,1994,0,14,0,0,0,0,0,18,0,0
260413,1,1,1994,0,0,0,0,0,0,0,0,0,0
260414,1,1,1994,0,0,0,0,0,0,0,0,0,0
260414,2,1,1994,0,0,0,0,0,0,0,0,0,0
260415,1,1,1994,0,0,0,0,0,0,0,0,0,0
260415,2,1,1994,0,0,0,0,0,0,0,0,0,0
260416,1,1,1994,0,0,0,0,0,0,0,0,0,0
260416,2,1,1994,0,0,0,0,0,0,0,0,0,0
260417,1,1,1994,0,0,0,0,0,0,0,0,0,0
260417,2,1,1994,0,0,0,0,0,0,0,0,0,0
260418,1,1,1994,0,0,0,0,0,0,0,0,0,0
260418,2,1,1994,18,18,18,18,18,18,18,18,18,18
260419,1,1,1994,0,0,0,0,0,0,0,0,0,15
260419,2,1,1994,2,2,2,2,2,2,2,2,2,2
260420,1,1,1994,0,0,0,0,0,0,0,0,0,0
260420,2,1,1994,0,0,0,0,0,13,12,0,0,0
260421,1,1,1994,19,19,10,22,35,28,29,28,24,22
260422,1,1,1994,24,24,24,24,24,24,24,24,24,24
260423,1,1,1994,0,0,0,0,0,0,0,0,0,0
260423,2,1,1994,0,0,0,0,0,0,0,0,0,0
260424,1,1,1994,0,0,0,0,0,0,0,0,0,0
260424,2,1,1994,12,12,12,12,12,12,12,12,12,12
260425,1,1,1994,0,0,0,0,0,0,0,0,0,0
260426,1,1,1994,18,18,18,18,18,18,18,18,18,18
260427,1,1,1994,9,9,9,9,9,9,9,9,9,9
260428,1,1,1994,0,0,0,0,0,0,0,0,0,0
260429,1,1,1994,5,5,5,5,5,5,5,5,5,5
260429,2,1,1994,0,0,0,0,0,0,0,0,0,0
260430,1,1,1994,0,0,0,0,0,0,0,0,0,0
260431,1,1,1994,27,27,27,27,27,27,27,27,27,27
260431,2,1,1994,0,0,0,0,0,0,0,0,0,0
260432,1,1,1994,29,29,29,29,29,29,29,29,29,29
260433,1,1,1994,0,0,0,0,0,0,0,0,0,0
260433,2,1,1994,0,0,0,0,0,0,0,0,0,0
260434,1,1,1994,12,9,18,8,2,28,9,19,24,19
260434,2,1,1994,0,21,25,36,11,19,11,16,15,22
260435,1,1,1994,18,18,18,18,18,18,18,18,18,18
260436,1,1,1994,0,0,0,0,0,0,0,0,0,0
260436,2,1,1994,0,0,0,0,30,0,0,0,0,0
260437,1,1,1994,0,0,0,0,0,0,0,0,0,0
260437,2,1,1994,0,0,0,0,0,0,0,0,0,0
260438,1,1,1994,19,19,19,19,19,19,19,19,19,19
260439,1,1,1994,0,0,0,0,0,0,0,0,0,0
260439,2,1,1994,0,0,0,0,0,0,0,0,0,0
260440,0,1,1994,0,16,0,20,0,17,0,0,28,10
260440,1,1,1994,0,0,0,0,0,0,0,0,0,0
260441,1,1,1994,0,0,0,0,0,0,0,0,0,0
260441,2,1,1994,0,0,0,0,0,10,0,0,0,0
260442,0,1,1994,24,24,24,24,24,24,24,24,24,24
260442,1,1,1994,0,0,0,0,0,0,0,0,0,0
260443,1,1,1994,0,0,0,8,0,0,0,0,0,0
260443,2,1,1994,0,0,0,0,0,0,0,0,0,0
260443,3,1,1994,0,0,0,0,0,0,0,0,0,0
260444,1,1,1994,13,13,13,13,13,13,13,13,13,13
260444,2,1,1994,0,0,0,0,0,0,0,0,0,0
260445,1,1,1994,4,4,4,4,4,4,4,4,4,4
260445,2,1,1994,2,2,2,2,2,2,2,2,2,2
260445,3,1,1994,28,18,10,0,0,0,14,0,9,0
260446,1,1,1994,24,24,24,24,24,24,24,24,24,24
260447,1,1,1994,6,6,6,6,6,6,6,6,6,6
260448,1,1,1994,10,15,26,2,10,7,12,15,18,0
260448,2,1,1994,0,0,0,0,0,0,0,0,0,0
260449,1,1,1994,0,0,0,0,0,0,0,0,0,0
260449,2,1,1994,0,0,0,0,0,0,0,0,0,0
260450,1,1,1994,0,0,0,0,0,0,0,0,0,0
260451,1,1,1994,0,0,0,0,0,0,0,0,0,0
260451,2,1,1994,0,0,0,0,0,0,0,0,0,0
260451,3,1,1994,0,0,0,0,0,0,0,0,0,0
260452,1,1,1994,15,27,31,16,24,19,17,21,14,20
260453,1,1,1994,0,0,0,0,0,0,0,0,0,0
260454,0,1,1994,0,0,0,0,0,0,0,0,0,0
260454,1,1,1994,0,0,0,0,0,0,0,0,0,0
260455,1,1,1994,0,0,0,0,0,0,0,0,11,0
260455,2,1,1994,0,0,0,0,0,0,0,0,0,0
260456,1,1,1994,0,0,0,0,0,0,0,0,0,0
260456,2,1,1994,0,0,0,0,0,0,0,0,0,0
260457,1,1,1994,8,8,8,8,8,8,8,8,8,8
260457,2,1,1994,14,0,0,0,0,0,0,0,0,0
260458,0,1,1994,0,0,0,0,0,15,0,0,0,0
260458,1,1,1994,0,0,0,0,0,0,0,0,0,0
260459,1,1,1994,0,0,0,0,0,0,0,0,0,0
260459,2,1,1994,0,0,0,0,0,0,0,0,0,0
260459,3,1,1994,0,0,0,11,0,0,0,0,0,0
260460,1,1,1994,0,0,0,0,0,0,0,0,0,0
260460,2,1,1994,0,0,0,0,0,0,0,0,0,0
260461,1,1,1994,14,14,14,14,14,14,14,14,14,14
260461,2,1,1994,0,0,0,0,0,0,0,0,0,0
260461,3,1,1994,0,0,0,0,0,0,0,0,0,0
260462,0,1,1994,0,0,13,17,2,10,0,15,0,23
260462,0,2,1994,0,0,0,0,0,0,14,0,0,0
260462,0,3,1994,12,21,9,0,3,0,0,8,0,22
260462,1,1,1994,9,16,9,10,25,23,13,19,23,8
260463,1,1,1994,15,15,15,15,15,15,15,15,15,15
260463,2,1,1994,0,0,0,0,0,0,0,0,0,0
260464,1,1,1994,13,13,13,13,13,13,13,13,13,13
260465,1,1,1994,33,33,33,33,33,33,33,33,33,33
260466,1,1,1994,0,0,0,0,0,0,0,0,0,0
260466,2,1,1994,0,0,0,0,0,0,0,0,0,0
260467,1,1,1994,3,3,3,3,3,3,3,3,3,3
260468,1,1,1994,19,19,19,19,19,19,19,19,19,19
260469,1,1,1994,18,18,18,18,18,18,18,18,18,18
260469,2,1,1994,0,0,0,0,0,10,0,0,0,0
260469,3,1,1994,0,0,0,0,0,0,0,0,0,0
260470,1,1,1994,0,0,0,0,0,0,0,0,0,0
260470,2,1,1994,0,0,0,0,0,0,0,0,0,0
260471,1,1,1994,18,18,18,18,18,18,18,18,18,18
260472,0,1,1994,0,0,0,0,0,0,0,0,0,0
260472,1,1,1994,0,0,0,0,0,0,0,0,0,0
260473,1,1,1994,0,0,0,0,0,0,0,0,0,0
260473,2,1,1994,13,13,13,13,13,13,13,13,13,13
260474,1,1,1994,15,15,15,15,15,15,15,15,15,15
260474,2,1,1994,18,0,0,0,0,0,0,0,0,0
260475,1,1,1994,0,0,0,0,0,0,0,0,0,0
260475,2,1,1994,0,0,0,0,0,0,0,9,0,0
260475,3,1,1994,0,0,0,16,0,0,0,0,17,0
260476,1,1,1994,0,0,0,0,0,0,0,0,0,0
260476,2,1,1994,0,0,14,0,0,0,0,0,0,0
260477,1,1,1994,14,0,20,9,6,26,18,12,15,36
260478,1,1,1994,0,0,0,0,0,0,0,0,0,0
260478,2,1,1994,0,0,0,0,0,0,0,0,0,0
260480,1,1,1994,17,17,17,17,17,17,17,17,17,17
260481,1,1,1994,0,0,0,0,0,0,0,0,0,0
260481,2,1,1994,0,0,0,0,0,0,0,0,0,0
260482,1,1,1994,0,0,0,0,0,0,0,0,0,0
260482,2,1,1994,0,0,0,0,0,0,0,0,0,0
260483,1,1,1994,5,5,5,5,5,5,5,5,5,5
260484,1,1,1994,0,0,0,0,0,0,0,0,0,0
260484,2,1,1994,0,0,0,0,0,0,0,0,0,0
260485,1,1,1994,0,0,0,0,0,0,0,0,0,0
260485,2,1,1994,0,0,0,0,0,0,0,0,0,0
260486,1,1,1994,0,0,0,0,0,0,0,0,0,0
260486,2,1,1994,0,0,0,0,0,0,0,0,0,0
260487,1,1,1994,0,0,0,0,0,0,0,0,0,0
260487,2,1,1994,0,0,0,0,0,0,0,0,0,0
260488,1,1,1994,0,0,0,0,0,0,0,0,0,0
260489,1,1,1994,0,0,0,0,0,0,0,0,0,0
260489,2,1,1994,0,0,0,0,0,0,0,0,0,0