ST_CASE,VEH_NO,PER_NO,YEAR,P1,P2,P3,P4,P5,P6,P7,P8,P9,P10
260490,1,1,1994,0,0,0,0,0,10,0,0,0,0
260490,2,1,1994,0,0,0,0,0,0,0,0,0,0
260490,3,1,1994,0,0,0,0,0,0,0,0,0,0
260491,1,1,1994,7,7,7,7,7,7,7,7,7,7
260491,2,1,1994,6,6,6,6,6,6,6,6,6,6
260492,1,1,1994,0,0,0,0,0,0,0,0,14,0
260493,1,1,1994,0,0,0,0,0,0,0,0,0,0
260493,2,1,1994,0,0,0,0,0,0,0,0,0,0
260493,3,1,1994,0,0,0,0,0,0,0,0,0,0
260494,1,1,1994,0,0,0,0,0,0,0,0,0,0
260494,2,1,1994,0,0,0,0,0,0,0,0,0,0
260494,3,1,1994,0,0,0,0,0,0,0,0,0,0
260495,1,1,1994,0,0,0,0,0,0,0,0,0,26
260495,2,1,1994,0,0,0,0,0,0,0,0,0,0
260496,1,1,1994,0,0,0,0,0,0,0,0,0,0
260496,2,1,1994,0,0,0,0,0,0,0,0,0,0
260497,1,1,1994,0,0,0,0,0,0,0,0,0,0
260498,1,1,1994,0,0,0,0,0,0,0,0,0,0
260498,2,1,1994,0,0,0,0,0,0,0,0,0,0
260499,0,1,1994,0,19,0,0,0,0,0,0,0,0
260499,1,1,1994,0,0,0,0,22,0,0,0,6,0
260501,1,1,1994,0,0,0,0,0,0,8,0,0,0
260501,2,1,1994,0,0,22,13,0,0,0,0,0,0
260502,1,1,1994,0,0,0,0,0,0,0,0,22,0
260502,2,1,1994,0,0,0,0,0,0,0,0,0,0
260503,1,1,1994,0,0,0,0,0,0,0,0,0,0
260504,1,1,1994,0,0,0,0,0,0,0,0,0,0
260504,2,1,1994,0,0,0,0,0,0,0,0,0,0
260505,1,1,1994,15,15,15,15,15,15,15,15,15,15
260506,1,1,1994,0,0,0,0,0,0,0,0,0,0
260506,2,1,1994,0,0,0,0,0,0,0,0,0,0
260506,3,1,1994,0,0,0,10,0,0,22,6,0,0
260507,1,1,1994,0,0,0,0,0,14,8,0,0,0
260507,2,1,1994,0,0,0,0,0,0,0,0,0,0
260508,1,1,1994,19,19,19,19,19,19,19,19,19,19
260509,1,1,1994,0,0,0,0,0,0,0,0,0,0
260509,2,1,1994,0,0,0,0,0,0,0,0,0,0
260509,3,1,1994,0,0,0,0,0,0,0,0,0,0
260510,1,1,1994,24,24,24,24,24,24,24,24,24,24
260510,2,1,1994,26,26,26,26,26,26,26,26,26,26
260511,1,1,1994,10,22,40,9,26,19,10,27,22,12
260512,1,1,1994,0,0,0,0,0,0,0,0,0,0
260512,2,1,1994,0,0,0,0,0,0,0,0,0,0
260513,1,1,1994,0,0,0,0,0,0,0,0,0,0
260513,2,1,1994,0,0,0,0,0,0,0,0,0,0
260514,0,1,1994,0,0,0,0,0,0,0,0,0,0
260514,1,1,1994,0,0,0,0,0,0,0,0,0,0
260515,0,1,1994,0,0,0,0,0,0,0,0,0,0
260515,1,1,1994,0,0,0,0,19,0,34,7,0,19
260516,1,1,1994,10,8,6,14,4,10,11,6,15,0
260516,2,1,1994,0,0,0,0,0,0,22,18,0,0
260517,0,1,1994,0,0,0,0,0,0,0,0,0,0
260517,1,1,1994,0,0,0,0,0,0,0,0,0,21
260518,1,1,1994,29,0,0,0,0,0,10,0,0,0
260519,1,1,1994,4,4,4,4,4,4,4,4,4,4
260520,1,1,1994,0,0,0,0,0,0,0,0,0,0
260521,1,1,1994,0,0,12,0,0,0,0,0,0,0
260522,1,1,1994,0,0,0,0,0,0,0,0,0,0
260522,2,1,1994,41,7,0,0,0,0,0,0,0,0
260523,0,1,1994,13,27,16,9,18,6,6,0,33,21
260523,1,1,1994,13,13,13,13,13,13,13,13,13,13
260524,1,1,1994,0,0,0,0,0,0,0,0,0,0
260524,2,1,1994,0,0,0,0,0,0,0,0,0,0
260524,3,1,1994,0,0,0,0,0,0,0,0,0,0
260525,1,1,1994,0,0,0,0,0,0,0,0,12,0
260525,2,1,1994,4,4,4,4,4,4,4,4,4,4
260525,3,1,1994,0,0,0,0,0,0,0,0,0,0
260526,1,1,1994,12,7,12,0,0,0,11,9,14,0
260527,1,1,1994,0,0,0,0,0,0,0,0,0,0
260527,2,1,1994,0,0,0,0,0,0,0,15,0,0
260527,3,1,1994,0,0,0,0,0,0,0,0,0,0
260528,1,1,1994,24,24,24,24,24,24,24,24,24,24
260528,2,1,1994,0,0,0,0,0,0,0,0,0,0
260529,1,1,1994,18,18,18,18,18,18,18,18,18,18
260530,1,1,1994,0,0,0,0,0,0,13,0,0,0
260530,2,1,1994,1,1,1,1,1,1,1,1,1,1
260531,1,1,1994,11,11,11,11,11,11,11,11,11,11
260532,1,1,1994,0,0,12,0,19,0,0,12,0,0
260533,0,1,1994,0,0,0,0,0,0,0,0,0,15
260533,1,1,1994,21,24,37,0,0,37,17,22,16,20
260533,2,1,1994,0,0,0,0,0,0,0,0,0,0
260534,1,1,1994,0,0,0,0,0,0,0,0,0,0
260534,2,1,1994,0,0,0,0,0,0,0,0,0,0
260535,1,1,1994,0,0,0,0,0,0,0,0,0,0
260535,2,1,1994,0,0,0,0,0,0,0,0,0,0
260536,1,1,1994,18,18,18,18,18,18,18,18,18,18
260537,1,1,1994,21,21,21,21,21,21,21,21,21,21
260538,1,1,1994,7,7,7,7,7,7,7,7,7,7
260539,0,1,1994,33,10,51,18,0,28,0,24,22,13
260539,1,1,1994,11,22,12,5,16,4,14,17,19,9
260540,1,1,1994,10,19,32,22,25,13,8,23,23,14
260541,1,1,1994,0,0,0,0,0,0,0,0,0,0
260541,2,1,1994,0,0,0,0,0,0,0,0,0,0
260542,1,1,1994,0,0,0,0,0,0,0,0,0,0
260543,1,1,1994,0,0,0,0,0,4,0,0,0,0
260543,2,1,1994,15,14,12,0,9,18,17,20,3,3
260544,1,1,1994,0,0,0,0,0,0,0,0,0,0
260545,1,1,1994,0,0,0,0,0,0,3,0,0,0
260546,1,1,1994,22,14,3,0,0,0,16,10,14,22
260546,2,1,1994,9,0,0,0,0,17,0,0,0,0
260547,1,1,1994,0,0,0,0,0,0,0,0,0,0
260547,2,1,1994,0,0,0,2,0,18,0,0,0,0
260547,3,1,1994,0,0,0,0,0,0,0,0,0,0
260548,1,1,1994,17,17,17,17,17,17,17,17,17,17
260549,1,1,1994,0,0,0,0,14,0,0,0,0,0
260549,2,1,1994,0,0,0,0,0,0,0,0,0,0
260550,1,1,1994,0,0,0,0,0,0,0,0,0,0
260550,2,1,1994,0,0,0,0,0,0,0,0,0,0
260551,1,1,1994,0,0,0,0,0,0,0,0,0,0
260551,2,1,1994,0,0,0,0,0,0,0,0,0,0
260552,1,1,1994,25,16,24,9,9,18,13,18,19,27
260553,1,1,1994,0,0,0,0,0,0,0,0,0,0
260553,2,1,1994,0,0,0,0,0,0,0,0,0,0
260553,3,1,1994,0,0,0,0,0,0,0,0,0,0
260554,1,1,1994,0,0,0,0,0,0,0,0,0,0
260554,2,1,1994,0,0,0,0,0,0,0,0,0,0
260555,0,1,1994,0,12,0,0,0,0,0,26,28,0
260555,1,1,1994,0,0,0,0,0,0,0,0,0,0
260556,1,1,1994,13,13,13,13,13,13,13,13,13,13
260556,2,1,1994,0,0,0,0,0,0,0,0,0,0
260557,1,1,1994,0,0,0,0,0,0,0,0,0,0
260558,1,1,1994,25,25,25,25,25,25,25,25,25,25
260559,1,1,1994,9,9,9,9,9,9,9,9,9,9
260560,1,1,1994,0,0,0,0,0,0,0,0,0,0
260561,0,1,1994,42,25,16,32,46,25,21,11,27,17
260561,1,1,1994,17,21,13,28,0,21,0,13,14,14
260562,1,1,1994,0,0,0,0,0,0,0,0,0,0
260562,2,1,1994,0,0,0,0,0,0,0,0,0,0
260563,1,1,1994,0,0,0,0,0,0,0,0,0,0
260563,2,1,1994,0,0,0,0,0,0,0,0,0,0
260563,3,1,1994,0,0,8,0,0,0,0,0,0,0
260564,1,1,1994,0,0,0,0,0,0,0,0,0,0
260564,2,1,1994,0,0,0,0,0,0,0,0,0,0
260565,1,1,1994,10,10,10,10,10,10,10,10,10,10
260566,1,1,1994,0,0,0,0,0,0,0,0,20,0
260566,2,1,1994,0,0,0,0,0,0,0,0,0,0
260567,1,1,1994,0,0,0,0,0,0,0,0,0,0
260567,2,1,1994,0,0,0,0,0,0,0,0,0,0
260567,3,1,1994,0,0,0,11,0,0,0,0,0,0
260568,0,1,1994,0,0,0,0,0,0,0,0,0,0
260568,1,1,1994,0,0,0,0,0,0,0,0,0,0
260569,1,1,1994,0,0,0,0,0,0,0,0,0,0
260569,2,1,1994,0,0,0,0,0,0,0,0,0,0
260570,1,1,1994,14,0,8,0,0,0,0,0,0,0
260571,1,1,1994,28,28,28,28,28,28,28,28,28,28
260572,1,1,1994,0,0,0,0,0,0,0,0,0,0
260572,2,1,1994,0,0,0,0,0,0,0,0,0,0
260573,1,1,1994,25,25,25,25,25,25,25,25,25,25
260574,1,1,1994,13,13,13,13,13,13,13,13,13,13
260575,1,1,1994,0,0,0,0,0,0,0,0,0,0
260576,1,1,1994,7,0,3,19,0,13,6,25,19,32
260576,2,1,1994,22,3,6,16,10,5,13,8,0,9
260577,1,1,1994,0,0,0,0,0,0,0,0,0,0
260577,2,1,1994,0,0,0,0,17,0,0,0,0,0
260578,1,1,1994,6,6,6,6,6,6,6,6,6,6
260578,2,1,1994,0,0,0,0,0,0,0,0,0,0
260579,0,1,1994,0,0,0,0,0,0,0,0,0,0
260579,1,1,1994,0,0,0,0,0,0,0,0,0,0
260580,1,1,1994,19,19,19,19,19,19,19,19,19,19
260581,1,1,1994,0,0,0,0,0,0,0,0,0,0
260582,0,1,1994,0,0,0,0,0,0,0,0,0,0
260582,1,1,1994,0,0,0,0,0,0,0,0,0,0
260583,1,1,1994,19,25,4,3,0,0,0,0,0,0
260583,2,1,1994,0,0,0,0,0,0,0,0,0,0
260584,1,1,1994,10,10,10,10,10,10,10,10,10,10
260585,1,1,1994,0,0,0,15,16,16,0,0,13,17
260585,2,1,1994,7,7,7,7,7,7,7,7,7,7
260586,1,1,1994,0,0,0,0,0,0,0,0,0,0
260586,2,1,1994,0,0,0,0,0,0,0,0,0,0
260587,1,1,1994,13,13,13,13,13,13,13,13,13,13
260587,2,1,1994,21,8,13,11,10,4,17,15,12,0
260587,4,1,1994,0,0,0,0,0,0,0,0,0,0
260588,0,1,1994,0,0,0,0,0,0,0,0,0,0
260588,1,1,1994,0,0,0,0,0,0,0,0,0,0
260589,0,1,1994,18,18,18,18,18,18,18,18,18,18
260589,1,1,1994,0,0,0,0,0,0,0,0,0,0
260590,1,1,1994,0,0,0,10,0,0,0,0,0,0
260590,2,1,1994,0,0,0,0,0,0,0,0,0,0
260591,1,1,1994,0,0,0,0,0,0,0,0,0,0
260591,2,1,1994,0,0,0,0,0,0,0,0,0,0
260592,1,1,1994,19,19,19,19,19,19,19,19,19,19
260593,1,1,1994,0,0,0,0,0,0,0,0,0,0
260593,2,1,1994,0,0,0,0,0,0,0,0,0,0
260594,1,1,1994,7,7,7,7,7,7,7,7,7,7
260594,2,1,1994,0,0,0,0,0,0,0,0,0,0
260595,1,1,1994,20,20,20,20,20,20,20,20,20,20
260596,1,1,1994,12,12,12,12,12,12,12,12,12,12
260597,1,1,1994,7,10,0,15,8,18,10,2,11,14
260598,0,1,1994,0,0,0,0,0,0,0,0,0,0
260598,1,1,1994,11,11,11,11,11,11,11,11,11,11
260599,1,1,1994,0,0,0,0,0,0,0,0,0,0
260600,1,1,1994,14,17,31,6,10,15,5,18,20,17
260600,2,1,1994,0,0,0,0,0,0,0,0,0,0
260600,3,1,1994,0,0,0,0,0,20,11,0,0,0
260601,1,1,1994,0,0,0,0,0,0,0,0,0,0
260601,2,1,1994,0,0,0,0,0,0,0,0,0,0
260602,1,1,1994,14,14,14,14,14,14,14,14,14,14
260602,2,1,1994,13,15,15,14,15,15,6,8,19,14
260603,0,1,1994,0,0,0,0,0,0,0,0,11,0
260603,1,1,1994,0,0,0,0,9,0,0,0,0,0
260604,0,1,1994,0,0,0,0,0,0,0,0,0,0
260604,1,1,1994,0,0,0,0,0,0,0,0,0,0
260605,1,1,1994,0,0,0,0,0,0,0,0,0,0
260605,2,1,1994,0,11,0,0,0,0,0,0,0,0
260606,1,1,1994,0,0,10,0,0,0,0,0,0,0
260607,1,1,1994,0,0,0,0,0,0,0,0,0,0
260607,2,1,1994,0,0,0,0,0,0,0,0,0,0
260607,3,1,1994,0,0,0,0,0,12,0,0,0,0
260608,1,1,1994,0,0,0,0,0,0,0,0,0,0
260608,2,1,1994,0,0,0,0,0,0,0,0,0,0
260609,1,1,1994,0,0,13,0,0,0,0,0,0,29
260609,2,1,1994,0,0,0,0,0,0,0,0,0,0
260610,1,1,1994,0,0,0,0,0,0,0,0,0,0
260610,2,1,1994,7,0,0,0,0,0,0,0,0,0
260611,1,1,1994,13,0,0,0,0,0,0,0,0,0
260612,1,1,1994,23,23,23,23,23,23,23,23,23,23
260613,1,1,1994,0,0,0,0,0,0,0,0,0,0
260613,2,1,1994,0,0,0,0,0,0,0,0,0,0
260613,3,1,1994,0,0,0,0,0,0,0,5,0,0
260614,1,1,1994,0,0,0,0,0,12,0,0,0,0
260614,2,1,1994,0,0,0,0,0,0,0,0,0,0
260615,1,1,1994,20,20,20,20,20,20,20,20,20,20
260616,1,1,1994,0,0,0,0,0,0,0,0,0,0
260616,2,1,1994,0,0,0,0,0,0,4,0,0,0
260617,1,1,1994,23,23,23,23,23,23,23,23,23,23
260618,1,1,1994,0,0,0,0,0,0,0,0,0,0
260618,2,1,1994,0,0,25,0,0,0,0,0,0,9
260619,1,1,1994,0,0,0,0,0,0,0,0,0,0
260619,2,1,1994,0,0,0,0,0,0,0,0,0,0
260619,3,1,1994,0,0,0,0,0,0,0,0,0,0
260620,1,1,1994,0,0,0,0,0,0,0,0,0,0
260620,2,1,1994,0,0,0,0,0,0,0,0,0,0
260621,1,1,1994,0,0,0,0,0,0,0,0,0,0
260621,2,1,1994,0,0,0,0,0,0,0,0,0,0
260622,1,1,1994,0,33,0,0,0,0,0,23,0,20
260622,2,1,1994,0,0,0,0,0,0,0,0,0,0
260623,1,1,1994,0,0,0,0,0,0,0,0,0,0
260624,1,1,1994,0,0,0,0,0,0,0,0,0,0
260624,2,1,1994,0,0,0,0,0,0,0,0,0,0
260625,1,1,1994,0,0,0,0,0,0,0,0,0,0
260625,2,1,1994,0,0,0,0,0,0,0,0,0,0
260626,0,1,1994,0,0,13,0,0,0,0,0,0,0
260626,0,2,1994,1,1,1,1,1,1,1,1,1,1
260626,0,3,1994,6,0,0,0,0,0,9,21,22,16
260626,1,1,1994,15,15,15,15,15,15,15,15,15,15
260627,1,1,1994,0,0,0,0,0,0,0,0,0,0
260627,2,1,1994,0,0,0,0,0,0,0,0,0,0
260628,1,1,1994,0,0,0,0,0,0,0,0,0,0
260628,2,1,1994,0,0,0,0,0,0,0,0,0,34
260629,1,1,1994,18,18,18,18,18,18,18,18,18,18
260630,0,1,1994,0,0,0,0,0,0,0,0,0,0
260630,1,1,1994,0,0,0,0,0,0,0,0,0,0
260631,1,1,1994,25,25,25,25,25,25,25,25,25,25
260632,1,1,1994,0,0,0,0,0,0,0,7,0,0
260632,2,1,1994,0,0,14,0,0,0,0,0,0,0
260633,1,1,1994,1,1,1,1,1,1,1,1,1,1
260634,1,1,1994,2,2,2,2,2,2,2,2,2,2
260634,2,1,1994,0,0,0,0,0,0,0,0,0,0
260635,1,1,1994,0,0,0,0,0,0,0,0,0,0
260636,1,1,1994,0,0,0,0,0,0,0,0,0,0
260636,2,1,1994,0,0,0,0,0,0,0,0,0,0
260637,1,1,1994,0,0,0,0,0,0,0,0,0,0
260637,2,1,1994,0,0,0,0,0,0,0,0,0,0
260638,1,1,1994,0,0,0,0,0,0,0,0,0,0
260638,2,1,1994,0,0,0,0,0,0,0,0,0,0
260639,1,1,1994,17,17,17,17,17,17,17,17,17,17
260639,2,1,1994,0,0,0,0,0,0,0,0,0,0
260640,1,1,1994,0,0,0,0,0,0,0,0,0,0
260641,1,1,1994,0,0,0,0,0,0,0,0,0,0
260641,2,1,1994,0,11,0,0,22,0,32,29,0,22
260642,0,1,1994,0,0,0,0,0,0,0,0,0,0
260642,1,1,1994,0,0,0,0,0,0,0,0,0,0
260643,1,1,1994,9,9,9,9,9,9,9,9,9,9
260644,1,1,1994,0,0,43,0,0,0,0,0,0,0
260645,1,1,1994,20,20,20,20,20,20,20,20,20,20
260646,1,1,1994,0,0,0,0,0,0,0,0,0,0
260646,2,1,1994,0,0,0,0,0,0,0,0,0,0
260647,1,1,1994,0,0,0,0,0,0,0,0,12,0
260647,2,1,1994,0,0,0,0,0,0,0,0,0,0
260647,3,1,1994,0,0,0,0,0,0,0,0,0,0
260648,1,1,1994,18,18,18,18,18,18,18,18,18,18
260649,0,1,1994,0,0,0,0,0,0,0,0,0,0
260649,1,1,1994,0,0,0,0,0,0,0,0,0,0
260650,1,1,1994,23,23,23,23,23,23,23,23,23,23
260651,1,1,1994,0,0,0,0,0,0,0,0,0,0
260651,2,1,1994,16,0,0,0,0,0,0,0,0,0
260652,1,1,1994,18,18,18,18,18,18,18,18,18,18
260654,1,1,1994,30,30,30,30,30,30,30,30,30,30
260654,2,1,1994,23,23,23,23,23,23,23,23,23,23
260655,1,1,1994,17,17,17,17,17,17,17,17,17,17
260655,2,1,1994,0,0,0,0,0,0,0,0,0,0
260656,1,1,1994,0,0,0,0,0,0,0,0,0,0
260657,1,1,1994,11,11,11,11,11,11,11,11,11,11
260658,1,1,1994,0,0,0,0,0,0,0,0,0,0
260658,2,1,1994,0,0,0,0,0,0,0,0,0,0
260659,1,1,1994,20,20,20,20,20,20,20,20,20,20
260660,1,1,1994,0,0,0,0,0,0,0,0,0,0
260661,1,1,1994,0,0,0,0,0,0,0,0,0,0
260661,2,1,1994,0,0,0,0,5,0,0,0,0,0
260662,1,1,1994,0,0,0,0,0,0,0,0,0,0
260662,2,1,1994,0,0,0,0,0,0,0,0,0,0
260662,3,1,1994,0,0,0,0,0,0,0,0,0,0
260663,1,1,1994,15,25,12,16,16,13,33,13,21,17
260664,1,1,1994,0,0,0,0,0,0,0,0,0,0
260665,1,1,1994,20,20,20,20,20,20,20,20,20,20
260666,1,1,1994,36,36,36,36,36,36,36,36,36,36
260666,2,1,1994,0,0,0,0,0,0,0,0,0,0
260667,1,1,1994,14,14,14,14,14,14,14,14,14,14
260668,0,1,1994,26,0,0,0,0,0,0,0,0,0
260668,1,1,1994,0,0,0,0,0,0,0,0,0,0
260669,1,1,1994,0,0,0,0,0,0,0,0,0,0
260669,2,1,1994,0,0,0,0,0,0,0,7,0,0
260670,0,1,1994,19,0,0,0,0,14,0,0,24,0
260670,1,1,1994,0,0,0,0,0,0,0,0,0,0
260671,1,1,1994,14,14,14,14,14,14,14,14,14,14
260672,1,1,1994,0,0,0,0,0,0,0,0,0,0
260673,1,1,1994,0,0,0,0,12,0,0,0,0,0
260673,2,1,1994,4,4,4,4,4,4,4,4,4,4
260674,1,1,1994,0,0,0,0,0,0,0,0,0,0
260675,1,1,1994,0,20,0,0,0,0,0,0,0,0
260676,1,1,1994,0,0,0,0,0,0,0,0,0,0
260677,1,1,1994,0,0,0,0,0,0,0,0,0,0
260678,1,1,1994,4,4,4,4,4,4,4,4,4,4
260679,1,1,1994,0,0,0,0,0,0,0,0,0,0
260680,1,1,1994,0,17,0,14,0,0,0,0,0,0
260681,1,1,1994,21,21,17,11,12,13,29,14,26,46
260682,0,1,1994,0,0,0,0,0,0,0,0,0,0
260682,0,2,1994,0,0,12,0,0,0,0,0,0,0
260682,1,1,1994,0,0,0,0,0,0,0,0,0,0
260683,1,1,1994,0,0,0,0,0,0,0,0,0,0
260683,2,1,1994,0,0,0,0,0,0,0,0,0,0
260683,3,1,1994,0,0,0,0,0,0,3,0,0,0
260684,0,1,1994,35,0,0,0,11,21,0,13,0,0
260684,0,2,1994,23,0,20,0,0,17,19,0,12,14
260684,0,3,1994,15,0,21,15,11,0,0,21,22,22
260684,1,1,1994,5,5,5,5,5,5,5,5,5,5
260685,1,1,1994,17,17,17,17,17,17,17,17,17,17
260685,2,1,1994,0,0,0,0,0,0,0,0,0,0
260686,1,1,1994,19,19,19,19,19,19,19,19,19,19
260687,1,1,1994,0,0,0,0,0,0,0,0,0,0
260687,2,1,1994,0,0,0,0,0,0,0,0,0,0
260688,1,1,1994,22,22,22,22,22,22,22,22,22,22
260689,1,1,1994,16,0,0,0,0,19,0,7,17,23
260689,2,1,1994,35,0,0,0,9,19,0,0,0,7
260690,1,1,1994,0,0,0,0,0,20,18,0,0,0
260691,1,1,1994,0,0,0,0,0,0,0,0,0,0
260692,0,1,1994,18,7,20,28,0,6,19,9,16,0
260692,1,1,1994,5,5,5,5,5,5,5,5,5,5
260692,2,1,1994,0,0,0,0,0,0,0,0,0,0
260692,3,1,1994,0,5,0,0,0,23,0,0,13,0
260693,1,1,1994,0,0,0,0,0,0,0,0,7,0
260694,1,1,1994,0,0,0,0,0,0,0,0,0,0
260694,2,1,1994,0,0,0,0,0,0,0,0,0,0
260695,1,1,1994,6,6,6,6,6,6,6,6,6,6
260696,1,1,1994,0,0,14,0,0,0,0,0,0,0
260696,2,1,1994,0,0,0,0,0,0,0,0,0,0
260697,0,1,1994,0,0,0,12,10,14,0,0,0,0
260697,0,2,1994,0,0,0,0,0,0,0,0,0,0
260697,1,1,1994,0,0,0,0,0,0,0,0,0,0
260698,1,1,1994,29,29,29,29,29,29,29,29,29,29
260699,1,1,1994,0,0,0,0,11,0,0,0,0,0
260700,1,1,1994,0,0,0,0,0,0,0,0,0,0
260700,2,1,1994,0,0,0,0,0,0,0,0,0,0
260701,1,1,1994,17,17,17,17,17,17,17,17,17,17
260702,1,1,1994,0,0,0,0,0,0,0,0,0,0
260702,2,1,1994,0,0,0,0,0,0,0,0,0,0
260703,0,1,1994,0,0,0,0,0,0,0,0,0,0
260703,1,1,1994,0,0,0,0,0,0,0,0,0,0
260704,1,1,1994,26,13,9,15,15,11,10,16,13,10
260705,1,1,1994,0,0,0,0,0,0,0,0,0,0
260705,2,1,1994,0,0,0,0,0,0,0,0,0,0
260706,1,1,1994,16,16,16,16,16,16,16,16,16,16
260706,2,1,1994,0,0,0,0,0,0,0,0,0,0
260706,3,1,1994,0,0,0,0,0,0,0,0,0,0
260707,0,1,1994,0,0,0,0,0,0,0,0,0,0
260707,1,1,1994,0,0,0,0,0,0,0,0,16,0
260708,1,1,1994,0,0,0,0,0,0,0,0,0,0
260708,2,1,1994,0,0,0,0,0,0,0,0,0,0
260709,1,1,1994,29,29,29,29,29,29,29,29,29,29
260709,2,1,1994,0,0,0,0,0,0,0,0,0,0
260710,1,1,1994,0,0,0,0,0,0,0,0,0,0
260711,1,1,1994,0,0,0,0,0,0,0,0,0,0
260711,2,1,1994,0,0,0,0,0,0,0,0,0,0
260712,1,1,1994,3,2,3,2,8,15,27,0,12,19
260712,2,1,1994,0,0,0,0,0,0,0,0,0,0
260713,0,1,1994,0,0,0,0,0,0,0,0,0,0
260713,1,1,1994,0,0,0,0,0,0,0,0,0,0
260714,0,1,1994,23,23,23,23,23,23,23,23,23,23
260714,1,1,1994,0,0,0,0,0,0,0,0,0,0
260715,0,1,1994,12,30,0,15,56,0,18,34,0,20
260715,1,1,1994,0,0,28,0,0,0,0,0,0,0
260716,1,1,1994,0,0,0,15,9,29,0,0,0,6
260716,2,1,1994,0,31,10,0,0,0,0,12,0,0
260717,1,1,1994,0,0,0,0,0,0,0,0,0,0
260718,1,1,1994,17,17,17,17,17,17,17,17,17,17
260719,1,1,1994,7,7,7,7,7,7,7,7,7,7
260720,1,1,1994,23,23,23,23,23,23,23,23,23,23
260720,2,1,1994,0,0,0,0,0,5,0,0,0,12
260721,1,1,1994,0,0,0,0,0,0,0,25,0,0
260722,1,1,1994,0,0,0,0,0,0,0,0,0,0
260723,1,1,1994,0,0,0,0,0,0,0,0,0,0
260723,2,1,1994,0,0,0,0,0,0,0,11,0,0
260724,0,1,1994,19,19,19,19,19,19,19,19,19,19
260724,1,1,1994,5,6,0,15,24,12,13,7,8,13
260725,1,1,1994,0,0,0,0,10,0,0,0,0,0
260725,2,1,1994,0,0,0,0,0,0,16,0,0,0
260726,1,1,1994,11,11,11,11,11,11,11,11,11,11
260727,1,1,1994,23,23,23,23,23,23,23,23,23,23
260728,1,1,1994,0,0,0,0,0,0,0,0,0,0
260728,2,1,1994,0,0,0,0,0,0,0,0,0,0
260729,1,1,1994,12,12,12,12,12,12,12,12,12,12
260730,1,1,1994,8,8,8,8,8,8,8,8,8,8
260731,1,1,1994,21,21,21,21,21,21,21,21,21,21
260731,2,1,1994,15,15,15,15,15,15,15,15,15,15
260732,1,1,1994,0,0,0,0,0,0,0,0,0,0
260732,2,1,1994,0,0,0,0,0,0,0,0,0,0
260732,3,1,1994,0,0,0,0,0,0,0,0,0,0
260733,1,1,1994,13,13,13,13,13,13,13,13,13,13
260734,0,1,1994,0,0,0,0,0,0,0,0,0,0
260734,1,1,1994,0,0,0,0,0,0,0,0,0,0
260735,0,1,1994,0,0,0,0,0,0,0,0,0,0
260735,1,1,1994,0,0,0,0,0,0,0,0,0,0
260737,1,1,1994,0,0,0,0,0,0,0,0,0,0
260737,2,1,1994,0,0,0,0,0,32,0,0,0,0
260738,0,1,1994,0,0,6,0,0,0,11,0,0,0
260738,1,1,1994,0,19,0,0,0,0,0,0,0,0
260739,1,1,1994,9,9,9,9,9,9,9,9,9,9
260740,1,1,1994,8,12,20,0,0,20,5,16,18,0
260741,1,1,1994,0,0,0,0,0,0,0,0,0,0
260741,2,1,1994,0,0,0,7,0,0,20,0,0,9
260742,1,1,1994,19,19,19,19,19,19,19,19,19,19
260743,1,1,1994,12,12,12,12,12,12,12,12,12,12
260744,0,1,1994,14,14,14,14,14,14,14,14,14,14
260744,1,1,1994,20,20,20,20,20,20,20,20,20,20
260745,0,1,1994,31,0,0,0,25,0,0,0,0,0
260745,1,1,1994,0,20,0,0,15,0,17,0,0,18
260746,0,1,1994,0,0,0,0,0,0,0,0,0,0
260746,1,1,1994,0,0,0,0,0,0,0,0,0,0
260747,1,1,1994,0,0,0,0,0,0,0,0,0,0
260747,2,1,1994,23,23,23,23,23,23,23,23,23,23
260748,1,1,1994,0,0,0,0,0,0,0,0,0,0
260748,2,1,1994,0,0,0,0,0,0,0,0,0,0
260749,1,1,1994,29,29,29,29,29,29,29,29,29,29
260749,2,1,1994,0,0,0,0,0,0,0,0,0,0
260750,1,1,1994,0,0,0,0,0,0,0,0,0,0
260750,2,1,1994,0,0,0,0,0,0,0,0,0,0
260751,1,1,1994,0,0,0,0,0,0,0,0,0,0
260752,1,1,1994,0,0,0,0,12,0,5,0,0,0
260752,2,1,1994,0,0,0,0,0,0,0,0,0,0
260753,1,1,1994,0,0,0,0,0,0,0,0,0,0
260753,2,1,1994,0,0,0,0,0,0,0,0,0,0
260754,0,1,1994,14,0,7,0,0,0,0,0,0,15
260754,1,1,1994,8,8,8,8,8,8,8,8,8,8
260755,1,1,1994,0,0,0,0,0,12,0,10,0,0
260755,2,1,1994,0,0,0,0,0,0,0,0,0,0
260756,1,1,1994,0,0,0,0,0,0,0,0,14,0
260756,2,1,1994,16,0,0,23,34,0,0,0,0,0
260756,3,1,1994,9,0,0,0,0,6,0,0,0,0
260757,1,1,1994,15,15,15,15,15,15,15,15,15,15