ST_CASE,VEH_NO,PER_NO,YEAR,P1,P2,P3,P4,P5,P6,P7,P8,P9,P10
270550,1,1,1994,7,7,7,7,7,7,7,7,7,7
270550,2,1,1994,0,0,15,0,12,0,0,0,8,0
270550,3,1,1994,0,0,0,0,0,0,0,0,0,0
270551,1,1,1994,0,0,21,20,0,9,7,18,0,0
270551,2,1,1994,22,0,0,16,12,0,0,0,10,19
270552,1,1,1994,0,0,0,0,0,0,0,0,0,0
270552,2,1,1994,15,0,0,14,26,25,0,26,5,0
270553,1,1,1994,0,0,0,0,0,0,0,0,0,0
270554,1,1,1994,16,16,16,16,16,16,16,16,16,16
270555,1,1,1994,20,20,20,20,20,20,20,20,20,20
270556,1,1,1994,8,8,8,8,8,8,8,8,8,8
270557,1,1,1994,0,0,0,0,0,0,0,0,0,0
270557,2,1,1994,0,0,0,0,0,0,0,0,0,0
270558,1,1,1994,23,23,23,23,23,23,23,23,23,23
270558,2,1,1994,0,0,7,0,0,0,0,0,0,0
270559,1,1,1994,0,0,0,0,0,0,0,0,0,0
270559,2,1,1994,0,0,0,0,0,0,0,0,0,0
270560,1,1,1994,0,18,0,0,0,0,6,0,0,0
270560,2,1,1994,0,0,0,0,0,0,0,0,7,0
270561,1,1,1994,19,29,0,0,8,9,32,25,0,0
270562,1,1,1994,0,0,0,0,0,0,0,0,0,0
270562,2,1,1994,0,0,0,0,0,0,0,0,0,0
270563,1,1,1994,0,0,0,0,0,0,0,0,0,0
270563,2,1,1994,0,0,0,0,0,0,0,0,0,0
270564,1,1,1994,28,21,17,33,24,0,12,13,14,14
270564,2,1,1994,0,0,0,0,0,0,0,0,0,0
270565,1,1,1994,0,0,0,0,0,0,0,0,0,0
270565,2,1,1994,0,11,0,0,0,0,12,0,0,0
270566,1,1,1994,17,0,0,0,0,0,0,0,0,0
270567,1,1,1994,16,16,16,16,16,16,16,16,16,16
280001,1,1,1994,17,17,17,17,17,17,17,17,17,17
280003,1,1,1994,17,17,17,17,17,17,17,17,17,17
280004,1,1,1994,7,7,7,7,7,7,7,7,7,7
280004,2,1,1994,0,0,0,0,0,0,0,0,0,0
280004,3,1,1994,12,25,17,17,11,0,21,0,0,14
280005,1,1,1994,0,0,0,0,0,0,0,0,0,0
280005,2,1,1994,0,0,0,0,0,0,0,0,0,0
280006,1,1,1994,0,0,0,0,0,0,0,0,0,0
280006,2,1,1994,10,0,0,0,0,0,5,0,0,0
280007,0,1,1994,0,0,0,0,0,0,0,0,0,0
280007,1,1,1994,0,0,0,0,0,0,0,0,0,0
280008,1,1,1994,0,0,0,0,0,0,0,0,0,0
280008,2,1,1994,0,0,0,0,0,0,0,0,0,0
280009,1,1,1994,0,0,0,0,0,0,0,0,0,0
280010,1,1,1994,0,0,0,0,0,0,0,0,0,0
280011,1,1,1994,2,2,2,2,2,2,2,2,2,2
280012,1,1,1994,0,0,0,0,0,0,0,0,0,0
280012,2,1,1994,0,0,0,0,0,0,0,0,0,0
280013,1,1,1994,13,13,13,13,13,13,13,13,13,13
280014,1,1,1994,0,0,0,0,0,0,0,0,0,0
280014,2,1,1994,0,0,0,0,0,0,0,0,0,0
280015,0,1,1994,24,24,24,24,24,24,24,24,24,24
280015,1,1,1994,0,0,16,0,0,0,0,0,0,0
280016,1,1,1994,0,0,0,0,0,0,0,7,0,0
280016,2,1,1994,17,23,0,0,0,0,0,22,0,0
280017,1,1,1994,15,15,15,15,15,15,15,15,15,15
280018,1,1,1994,13,13,13,13,13,13,13,13,13,13
280019,1,1,1994,0,0,0,0,0,0,0,0,0,0
280019,2,1,1994,0,0,0,10,0,0,0,0,0,0
280019,3,1,1994,0,0,0,0,0,0,0,0,0,0
280020,1,1,1994,0,0,0,0,0,0,26,0,18,0
280020,2,1,1994,0,0,0,0,0,0,0,0,0,0
280020,3,1,1994,0,0,0,0,0,0,0,0,0,0
280021,1,1,1994,5,5,5,5,5,5,5,5,5,5
280022,1,1,1994,0,0,0,0,0,0,0,0,0,0
280022,2,1,1994,23,23,23,23,23,23,23,23,23,23
280023,1,1,1994,19,19,19,19,19,19,19,19,19,19
280023,2,1,1994,0,0,0,0,0,0,0,0,0,0
280024,1,1,1994,13,13,13,13,13,13,13,13,13,13
280025,1,1,1994,0,0,0,0,0,0,0,0,0,0
280027,1,1,1994,0,0,0,0,0,0,0,0,0,0
280027,2,1,1994,3,3,3,3,3,3,3,3,3,3
280028,1,1,1994,0,0,0,0,0,0,0,0,0,0
280029,1,1,1994,8,8,8,8,8,8,8,8,8,8
280030,1,1,1994,2,2,2,2,2,2,2,2,2,2
280031,1,1,1994,17,0,0,0,0,0,0,0,0,0
280031,2,1,1994,11,11,11,11,11,11,11,11,11,11
280032,1,1,1994,0,0,0,0,0,0,0,0,0,0
280032,2,1,1994,0,0,0,0,0,0,0,0,0,0
280033,1,1,1994,0,0,0,0,0,0,0,0,0,0
280033,2,1,1994,0,0,0,0,0,0,0,0,0,0
280034,1,1,1994,25,25,25,25,25,25,25,25,25,25
280035,1,1,1994,15,15,15,15,15,15,15,15,15,15
280036,1,1,1994,0,0,0,0,0,0,0,0,0,0
280036,2,1,1994,0,0,0,0,0,0,0,0,0,0
280037,1,1,1994,20,20,21,21,22,0,13,0,17,26
280038,1,1,1994,0,0,0,0,0,0,0,0,0,0
280038,2,1,1994,0,0,0,0,0,0,0,0,0,0
280039,1,1,1994,0,0,0,0,0,0,0,0,0,0
280039,2,1,1994,25,25,25,25,25,25,25,25,25,25
280040,1,1,1994,0,0,0,0,0,0,0,0,0,0
280041,1,1,1994,27,21,27,30,27,17,14,0,33,0
280042,1,1,1994,0,0,0,0,0,0,0,0,0,0
280042,2,1,1994,0,0,0,0,0,0,0,0,0,0
280043,0,1,1994,14,14,14,14,14,14,14,14,14,14
280043,1,1,1994,0,0,0,0,0,0,0,0,0,0
280044,1,1,1994,0,0,0,0,0,0,0,0,0,0
280045,1,1,1994,0,0,0,0,17,0,0,0,2,0
280046,1,1,1994,6,6,6,6,6,6,6,6,6,6
280047,1,1,1994,0,0,0,0,0,0,0,0,0,0
280047,2,1,1994,29,29,29,29,29,29,29,29,29,29
280048,1,1,1994,0,0,0,0,0,0,0,0,0,0
280048,2,1,1994,0,0,0,0,0,0,0,0,0,0
280048,3,1,1994,0,0,0,0,0,0,0,0,0,0
280049,1,1,1994,0,0,0,0,0,0,0,0,0,0
280049,2,1,1994,0,0,0,0,0,0,0,8,0,0
280049,3,1,1994,0,0,0,0,0,0,0,0,0,0
280050,1,1,1994,0,0,0,0,0,0,0,0,0,0
280050,2,1,1994,19,0,0,0,0,21,9,0,0,0
280051,1,1,1994,0,0,0,0,0,0,0,0,0,0
280051,2,1,1994,0,0,19,0,0,0,0,0,0,0
280052,1,1,1994,0,0,0,0,0,0,0,0,0,0
280053,1,1,1994,13,18,0,0,12,11,0,0,0,0
280054,1,1,1994,29,0,0,0,0,0,0,0,0,0
280054,2,1,1994,0,0,0,0,0,0,0,0,0,0
280055,1,1,1994,0,0,0,0,0,0,0,0,0,0
280055,2,1,1994,0,0,0,0,0,0,0,0,0,0
280056,1,1,1994,14,18,0,0,0,0,24,0,0,0
280057,1,1,1994,28,28,28,28,28,28,28,28,28,28
280057,2,1,1994,0,0,0,0,0,0,0,0,0,0
280058,1,1,1994,0,0,0,0,0,10,0,20,0,0
280059,1,1,1994,24,0,0,0,0,0,0,0,17,0
280060,0,1,1994,0,0,0,0,0,0,0,0,0,0
280060,1,1,1994,0,0,0,0,0,0,0,0,0,0
280061,1,1,1994,0,0,0,0,0,0,0,0,0,0
280061,2,1,1994,7,7,7,7,7,7,7,7,7,7
280062,1,1,1994,0,0,0,0,15,0,0,0,0,0
280062,2,1,1994,0,6,21,0,22,0,26,0,15,0
280063,1,1,1994,0,0,0,0,0,0,0,0,0,0
280063,2,1,1994,0,0,0,0,0,0,0,0,0,0
280064,1,1,1994,0,0,0,0,4,0,0,0,0,0
280064,2,1,1994,0,0,0,0,0,0,0,0,0,0
280065,1,1,1994,0,0,15,17,0,24,6,30,20,10
280066,1,1,1994,24,24,24,24,24,24,24,24,24,24
280067,1,1,1994,0,0,0,0,0,0,9,0,0,0
280068,1,1,1994,28,28,28,28,28,28,28,28,28,28
280069,1,1,1994,0,0,0,0,0,0,0,0,0,0
280070,1,1,1994,34,34,34,34,34,34,34,34,34,34
280071,0,1,1994,0,0,0,20,0,0,36,0,0,17
280071,1,1,1994,0,0,0,0,0,0,0,0,0,0
280072,1,1,1994,0,0,0,0,0,0,0,0,0,0
280072,2,1,1994,0,0,28,0,0,0,18,0,21,0
280073,1,1,1994,2,2,2,2,2,2,2,2,2,2
280074,1,1,1994,0,0,0,0,0,0,33,0,0,18
280075,1,1,1994,13,13,13,13,13,13,13,13,13,13
280076,1,1,1994,13,13,13,13,13,13,13,13,13,13
280077,1,1,1994,3,3,3,3,3,3,3,3,3,3
280078,1,1,1994,0,0,0,0,0,0,0,0,0,0
280078,2,1,1994,17,0,0,0,0,0,0,0,6,0
280079,0,1,1994,9,12,38,0,12,29,0,0,23,0
280079,1,1,1994,0,19,0,0,15,0,0,0,0,0
280080,0,1,1994,36,36,36,36,36,36,36,36,36,36
280080,1,1,1994,2,0,0,0,0,0,0,0,0,14
280081,1,1,1994,0,0,0,0,0,0,0,0,0,0
280081,2,1,1994,26,0,0,0,0,0,9,0,0,0
280082,1,1,1994,27,27,27,27,27,27,27,27,27,27
280083,1,1,1994,0,0,0,0,0,0,0,0,0,0
280084,0,1,1994,1,1,1,1,1,1,1,1,1,1
280084,1,1,1994,0,0,0,0,0,0,0,0,0,0
280085,1,1,1994,0,0,0,11,4,0,0,0,0,9
280085,2,1,1994,0,0,0,0,0,0,0,0,0,0
280086,1,1,1994,21,21,21,21,21,21,21,21,21,21
280087,1,1,1994,0,0,0,0,0,0,0,0,0,0
280087,2,1,1994,0,0,0,0,0,0,0,0,0,0
280088,1,1,1994,0,0,0,0,0,0,0,0,0,0
280088,2,1,1994,0,0,0,0,0,0,0,0,0,0
280089,1,1,1994,0,0,9,12,0,0,0,6,23,16
280089,2,1,1994,0,0,0,0,0,0,0,0,0,0
280090,0,1,1994,6,6,6,6,6,6,6,6,6,6
280090,1,1,1994,0,0,0,0,0,0,0,0,0,0
280091,1,1,1994,26,26,26,26,26,26,26,26,26,26
280092,0,1,1994,0,0,0,0,0,0,0,0,0,0
280092,1,1,1994,0,0,0,0,0,0,0,0,0,0
280093,1,1,1994,0,0,0,0,0,0,0,0,0,0
280093,2,1,1994,0,0,0,0,0,0,0,0,0,0
280094,1,1,1994,0,0,0,0,0,0,0,0,0,0
280095,1,1,1994,15,29,7,9,27,0,16,0,67,8
280096,1,1,1994,12,0,0,0,0,0,0,0,0,0
280096,2,1,1994,0,0,0,0,0,0,0,0,0,0
280096,3,1,1994,0,0,0,0,0,0,0,0,0,0
280096,4,1,1994,9,0,0,0,0,0,0,0,0,0
280096,5,1,1994,0,0,0,0,0,0,0,0,0,0
280097,1,1,1994,0,0,0,4,0,0,6,0,37,9
280097,2,1,1994,0,0,0,0,0,0,0,0,0,0
280098,1,1,1994,14,14,14,14,14,14,14,14,14,14
280099,1,1,1994,0,0,0,0,0,0,0,0,0,0
280100,1,1,1994,0,0,0,0,0,0,0,0,0,0
280100,2,1,1994,0,0,0,0,0,0,0,0,0,0
280100,3,1,1994,0,0,0,0,0,0,0,0,0,22
280100,4,1,1994,0,0,0,0,0,0,6,14,0,0
280101,1,1,1994,0,18,0,0,21,0,0,0,0,0
280101,2,1,1994,0,0,0,0,0,0,0,0,0,0
280102,1,1,1994,8,8,8,8,8,8,8,8,8,8
280103,1,1,1994,18,18,18,18,18,18,18,18,18,18
280104,1,1,1994,0,0,0,0,0,0,0,0,0,0
280105,1,1,1994,18,18,18,18,18,18,18,18,18,18
280106,1,1,1994,0,0,31,10,0,25,30,24,8,24
280107,1,1,1994,0,0,4,0,0,0,0,0,0,0
280108,1,1,1994,0,0,0,0,0,0,0,0,0,0
280109,1,1,1994,11,11,11,11,11,11,11,11,11,11
280110,1,1,1994,13,13,13,13,13,13,13,13,13,13
280111,1,1,1994,0,0,13,0,31,18,17,0,0,0
280111,2,1,1994,4,4,4,4,4,4,4,4,4,4
280112,1,1,1994,10,33,15,0,20,52,26,23,25,29
280112,2,1,1994,0,0,0,0,0,0,0,0,0,0
280113,1,1,1994,5,5,5,5,5,5,5,5,5,5
280114,1,1,1994,0,4,0,0,0,0,19,23,0,0
280114,2,1,1994,0,0,0,0,0,0,0,0,0,0
280115,1,1,1994,21,21,21,21,21,21,21,21,21,21
280115,2,1,1994,0,0,0,0,20,0,34,16,10,0
280116,1,1,1994,0,0,0,0,0,0,0,0,0,0
280117,1,1,1994,0,0,0,0,0,0,0,0,0,0
280117,2,1,1994,0,0,0,0,0,0,0,0,0,0
280117,3,1,1994,0,0,0,0,0,11,0,0,0,0
280118,1,1,1994,16,16,16,16,16,16,16,16,16,16
280118,2,1,1994,0,16,0,16,12,10,0,16,24,0
280119,0,1,1994,0,0,0,0,0,0,0,0,0,0
280119,1,1,1994,0,0,0,0,0,0,0,0,0,7
280120,0,1,1994,23,23,23,23,23,23,23,23,23,23
280120,1,1,1994,0,0,0,15,0,0,9,0,8,0
280121,1,1,1994,0,0,0,0,0,0,0,0,0,0
280121,2,1,1994,0,0,0,0,0,0,0,0,0,0
280122,1,1,1994,23,23,23,23,23,23,23,23,23,23
280123,1,1,1994,0,0,0,0,0,0,0,0,0,0
280123,2,1,1994,20,0,0,0,0,11,0,0,7,0
280123,3,1,1994,9,9,9,9,9,9,9,9,9,9
280124,1,1,1994,0,0,0,0,0,0,0,0,0,0
280125,1,1,1994,0,0,0,0,12,0,14,0,0,0
280125,2,1,1994,0,0,0,0,0,0,19,0,0,15
280126,1,1,1994,5,0,0,0,30,0,0,0,0,0
280126,2,1,1994,0,0,0,0,0,0,0,0,0,0
280127,1,1,1994,0,0,18,0,0,0,0,0,0,0
280128,1,1,1994,6,6,6,6,6,6,6,6,6,6
280128,2,1,1994,5,0,29,0,27,21,0,29,15,0
280129,1,1,1994,18,18,18,18,18,18,18,18,18,18
280129,2,1,1994,15,0,15,0,0,12,12,0,10,0
280130,1,1,1994,19,0,0,0,0,0,0,0,5,0
280130,2,1,1994,28,0,16,0,0,0,21,17,25,27
280130,3,1,1994,0,0,0,0,0,0,0,0,0,18
280131,1,1,1994,10,10,10,10,10,10,10,10,10,10
280131,2,1,1994,0,0,0,0,0,0,0,0,0,0
280132,1,1,1994,0,0,0,0,0,0,0,0,0,0
280132,2,1,1994,0,0,0,0,0,0,0,0,0,0
280133,1,1,1994,0,0,0,0,0,0,0,0,0,0
280133,2,1,1994,0,0,0,0,0,0,0,4,0,10
280134,1,1,1994,0,0,0,0,0,0,0,0,0,0
280134,2,1,1994,23,23,23,23,23,23,23,23,23,23
280135,1,1,1994,14,14,14,14,14,14,14,14,14,14
280136,1,1,1994,0,20,10,19,13,3,0,0,9,0
280136,2,1,1994,21,21,21,21,21,21,21,21,21,21
280137,0,1,1994,33,33,33,33,33,33,33,33,33,33
280137,1,1,1994,0,0,0,0,0,0,0,0,8,0
280138,1,1,1994,0,0,0,0,0,0,0,0,0,0
280139,1,1,1994,19,16,27,7,28,27,37,14,0,23
280139,2,1,1994,20,20,20,20,20,20,20,20,20,20
280141,1,1,1994,0,0,0,31,13,0,21,0,23,13
280141,2,1,1994,11,0,14,14,15,21,0,16,0,0
280141,3,1,1994,0,0,0,0,0,17,17,15,0,0
280141,4,1,1994,21,0,0,0,0,38,0,0,0,0
280142,1,1,1994,0,0,3,0,6,0,0,0,0,9
280142,2,1,1994,0,14,0,6,17,21,0,0,17,0
280142,3,1,1994,0,0,0,0,3,23,0,0,13,0
280143,1,1,1994,0,0,0,0,0,0,0,0,0,0
280143,2,1,1994,14,14,14,14,14,14,14,14,14,14
280144,1,1,1994,12,0,0,0,0,0,22,17,19,0
280144,2,1,1994,0,0,0,0,0,0,0,0,0,0
280144,3,1,1994,0,0,0,0,0,0,0,0,0,0
280144,4,1,1994,0,0,0,0,0,0,0,0,5,0
280145,1,1,1994,0,0,0,14,19,18,0,20,0,0
280145,2,1,1994,0,0,0,0,0,0,0,0,0,0
280146,1,1,1994,0,0,0,0,0,0,0,0,0,0
280147,1,1,1994,0,0,0,0,0,0,0,0,0,0
280148,1,1,1994,0,0,0,0,0,0,0,0,0,0
280148,2,1,1994,0,0,0,0,0,0,0,0,0,0
280149,0,1,1994,0,0,0,0,0,0,0,0,0,0
280149,0,2,1994,0,0,0,0,0,0,0,0,0,0
280149,1,1,1994,0,0,0,0,0,0,0,0,0,0
280150,1,1,1994,0,0,0,11,0,1,0,0,0,0
280151,1,1,1994,0,0,30,0,0,0,0,0,18,26
280151,2,1,1994,0,0,0,0,0,0,12,0,0,24
280152,1,1,1994,27,27,27,27,27,27,27,27,27,27
280153,1,1,1994,0,0,0,0,0,0,0,0,0,0
280154,1,1,1994,0,0,0,0,0,0,0,0,0,0
280155,1,1,1994,0,0,0,0,0,0,0,0,0,0
280156,1,1,1994,0,0,0,0,0,0,0,0,0,0
280157,1,1,1994,9,23,0,33,9,7,0,24,31,0
280158,1,1,1994,0,0,0,0,0,0,0,0,0,0
280158,2,1,1994,35,24,16,4,23,3,8,0,18,0
280159,1,1,1994,0,0,0,0,0,0,0,0,0,0
280159,2,1,1994,14,14,14,14,14,14,14,14,14,14
280160,1,1,1994,0,0,0,0,0,0,0,0,0,0
280161,1,1,1994,9,9,9,9,9,9,9,9,9,9
280161,2,1,1994,12,12,12,12,12,12,12,12,12,12
280162,1,1,1994,15,15,15,15,15,15,15,15,15,15
280163,1,1,1994,25,25,25,25,25,25,25,25,25,25
280164,1,1,1994,0,10,0,0,0,0,0,0,0,0
280166,1,1,1994,0,0,0,0,0,0,0,0,0,0
280166,2,1,1994,38,0,0,0,0,0,17,0,0,0
280167,1,1,1994,0,0,0,0,16,0,0,0,16,0
280167,2,1,1994,0,0,0,0,7,0,0,0,0,0
280168,0,1,1994,0,0,5,26,31,0,0,26,31,16
280168,1,1,1994,0,0,0,0,0,0,0,0,0,0
280169,1,1,1994,0,0,0,0,0,0,0,0,0,0
280169,2,1,1994,5,5,5,5,5,5,5,5,5,5
280170,1,1,1994,4,13,0,0,0,0,0,0,0,0
280170,2,1,1994,0,0,0,0,14,0,0,0,13,0
280171,1,1,1994,19,19,19,19,19,19,19,19,19,19
280172,1,1,1994,0,0,0,0,0,0,0,0,0,0
280173,1,1,1994,0,0,0,0,0,0,0,0,0,0
280173,2,1,1994,0,0,0,0,0,0,0,0,0,0
280174,1,1,1994,22,22,22,22,22,22,22,22,22,22
280175,1,1,1994,0,0,0,0,0,0,0,0,0,0
280175,2,1,1994,18,0,0,8,14,0,0,0,0,0
280176,1,1,1994,15,19,0,0,0,0,0,8,0,0
280177,1,1,1994,0,0,0,0,0,0,0,0,0,0
280177,2,1,1994,0,17,0,0,0,0,0,0,0,0
280178,1,1,1994,0,0,0,0,0,0,0,0,0,0
280178,2,1,1994,13,13,13,13,13,13,13,13,13,13
280179,1,1,1994,0,0,0,0,0,0,0,0,6,0
280179,2,1,1994,0,0,0,0,0,0,0,0,0,0
280180,1,1,1994,11,11,11,11,11,11,11,11,11,11
280180,2,1,1994,0,0,0,0,0,0,15,0,28,0
280181,0,1,1994,27,27,27,27,27,27,27,27,27,27
280181,1,1,1994,24,0,0,0,13,22,13,16,13,11
280182,1,1,1994,0,23,0,0,0,0,0,0,11,0
280182,2,1,1994,32,15,8,35,22,22,19,17,20,17
280183,1,1,1994,0,0,0,0,13,0,0,0,14,0
280183,2,1,1994,17,0,0,21,0,3,2,0,5,0
280184,1,1,1994,5,0,0,0,0,0,15,0,0,0
280185,1,1,1994,0,0,0,0,0,0,0,0,0,0
280185,2,1,1994,0,0,0,0,0,17,0,0,0,0
280186,1,1,1994,0,0,0,0,0,0,0,0,0,0
280187,1,1,1994,0,0,0,0,0,15,19,0,0,0
280187,2,1,1994,0,0,0,0,0,0,0,0,0,0
280188,1,1,1994,0,0,0,0,0,0,0,0,0,0
280188,2,1,1994,0,0,0,0,0,0,0,0,0,0
280189,0,1,1994,0,0,0,0,0,0,0,0,0,0
280189,1,1,1994,12,12,12,12,12,12,12,12,12,12
280190,1,1,1994,0,0,0,0,0,0,0,0,0,0
280191,1,1,1994,27,27,27,27,27,27,27,27,27,27
280191,2,1,1994,0,0,0,0,0,0,0,0,0,0
280192,1,1,1994,0,0,0,0,0,0,0,0,0,0
280192,2,1,1994,0,0,0,0,0,0,0,0,0,0
280193,1,1,1994,19,20,0,0,23,0,0,0,17,4
280193,2,1,1994,17,17,17,17,17,17,17,17,17,17
280194,1,1,1994,0,0,0,0,0,0,0,0,0,0
280195,1,1,1994,0,0,0,0,0,0,16,0,0,0
280196,1,1,1994,0,0,0,0,0,0,0,0,0,0
280196,2,1,1994,0,0,0,0,0,0,0,0,0,0
280197,1,1,1994,0,0,0,0,0,0,0,0,0,0
280197,2,1,1994,0,0,0,0,0,0,0,0,0,0
280198,1,1,1994,15,15,15,15,15,15,15,15,15,15
280199,1,1,1994,7,7,7,7,7,7,7,7,7,7
280199,2,1,1994,28,28,28,28,28,28,28,28,28,28
280200,1,1,1994,16,16,16,16,16,16,16,16,16,16
280201,1,1,1994,0,0,0,0,0,0,0,0,0,0
280201,2,1,1994,0,0,0,0,13,0,0,0,17,0
280202,1,1,1994,23,23,23,23,23,23,23,23,23,23
280202,2,1,1994,0,0,0,0,0,0,0,0,0,0
280203,1,1,1994,0,0,0,0,0,0,0,0,0,0
280203,2,1,1994,0,17,0,0,0,0,0,0,0,0
280204,1,1,1994,18,18,18,18,18,18,18,18,18,18
280205,1,1,1994,9,0,0,0,0,0,0,0,0,0
280205,2,1,1994,0,0,0,0,0,0,0,0,0,0
280206,1,1,1994,0,0,0,0,17,0,19,4,34,0
280207,1,1,1994,0,0,0,0,0,0,0,0,0,0
280207,2,1,1994,0,0,0,0,0,0,0,0,0,0
280207,3,1,1994,0,0,0,0,0,0,0,0,0,0
280208,1,1,1994,0,0,0,0,0,0,0,0,0,0
280209,1,1,1994,15,15,15,15,15,15,15,15,15,15
280209,2,1,1994,12,12,12,12,12,12,12,12,12,12
280210,1,1,1994,0,0,0,0,0,0,0,0,0,0
280210,2,1,1994,0,0,2,28,3,0,0,8,10,11
280211,1,1,1994,0,0,0,0,0,0,0,0,0,0
280212,1,1,1994,0,0,12,15,0,0,19,0,0,0
280213,1,1,1994,0,0,0,0,0,0,0,0,0,0
280213,2,1,1994,0,0,0,0,0,0,0,0,0,0
280214,1,1,1994,0,0,0,0,0,0,0,0,0,0
280214,2,1,1994,0,0,0,0,0,0,0,0,0,0
280215,1,1,1994,0,0,0,0,0,0,0,0,0,0
280216,0,1,1994,30,30,30,30,30,30,30,30,30,30
280216,1,1,1994,0,0,0,0,0,0,0,0,0,0
280217,0,1,1994,0,0,0,0,0,0,0,0,0,0
280217,1,1,1994,0,0,0,0,0,0,0,0,0,0
280218,1,1,1994,6,0,0,0,0,0,0,0,0,0
280218,2,1,1994,0,0,0,0,0,0,0,0,0,0
280219,1,1,1994,0,0,0,0,0,0,0,0,0,0
280219,2,1,1994,0,0,0,0,0,0,0,0,0,0
280220,1,1,1994,0,0,0,0,0,0,0,0,0,0
280221,1,1,1994,0,0,0,0,0,15,0,0,0,0
280221,2,1,1994,0,0,0,0,0,23,0,0,0,0
280222,1,1,1994,7,7,7,7,7,7,7,7,7,7
280222,2,1,1994,0,0,0,0,0,0,0,0,0,0
280223,1,1,1994,18,18,18,18,18,18,18,18,18,18
280224,1,1,1994,29,29,29,29,29,29,29,29,29,29
280225,1,1,1994,0,0,0,0,6,0,25,7,0,5
280226,1,1,1994,11,11,11,11,11,11,11,11,11,11
280227,1,1,1994,0,0,0,0,0,0,0,0,0,0
280227,2,1,1994,0,0,0,0,0,0,0,0,0,0
280228,1,1,1994,0,0,0,17,0,0,0,0,0,0
280229,1,1,1994,0,0,0,0,0,0,0,0,0,0
280229,2,1,1994,0,0,0,0,0,0,0,0,0,0
280230,1,1,1994,1,1,1,1,1,1,1,1,1,1
280231,1,1,1994,0,0,0,0,0,0,0,0,0,0
280231,2,1,1994,0,0,0,0,0,0,0,0,0,0
280232,0,1,1994,0,0,0,0,0,0,0,0,0,0
280232,1,1,1994,0,0,0,0,0,0,0,0,0,0
280233,1,1,1994,0,0,0,0,10,0,20,0,0,0
280233,2,1,1994,0,0,0,0,0,0,0,0,0,0
280234,0,1,1994,6,6,6,6,6,6,6,6,6,6
280234,0,2,1994,0,19,20,25,18,28,19,4,37,16
280234,1,1,1994,0,0,0,0,0,0,0,0,0,21
280235,1,1,1994,17,17,17,17,17,17,17,17,17,17
280236,1,1,1994,0,0,0,15,0,10,30,0,7,3
280237,1,1,1994,0,0,0,0,0,0,0,0,0,0
280237,2,1,1994,0,0,0,0,0,0,0,0,13,0
280238,1,1,1994,0,0,44,0,15,0,0,16,16,24
280239,1,1,1994,0,0,0,0,0,11,5,0,18,8
280240,1,1,1994,0,0,0,0,0,0,11,0,0,0
280240,2,1,1994,0,0,0,0,0,0,0,0,0,0
280241,1,1,1994,0,0,0,0,0,0,0,0,0,0
280241,2,1,1994,0,0,0,0,0,0,0,0,0,0
280242,1,1,1994,10,0,20,13,16,0,0,0,0,0
280243,1,1,1994,0,0,0,0,0,11,23,0,0,0
280243,2,1,1994,0,0,0,0,7,0,0,0,0,0
280244,0,1,1994,0,0,0,0,0,5,22,26,0,0
280244,1,1,1994,23,23,23,23,23,23,23,23,23,23
280245,1,1,1994,41,10,14,4,0,0,0,27,0,21
280246,1,1,1994,0,0,0,0,0,0,0,0,0,0
280246,2,1,1994,0,0,0,0,0,0,0,0,0,0
280247,1,1,1994,0,0,0,0,0,0,0,0,0,0
280248,1,1,1994,0,14,16,27,0,0,0,0,0,23
280248,2,1,1994,0,0,0,0,0,0,0,0,0,0
280249,1,1,1994,21,21,21,21,21,21,21,21,21,21
280250,1,1,1994,0,0,25,0,0,13,0,39,23,0
280251,1,1,1994,0,21,0,24,0,0,9,0,0,0
280251,2,1,1994,0,0,0,0,0,0,0,0,0,0
280252,1,1,1994,0,0,0,0,0,0,0,0,0,0
280253,1,1,1994,18,18,18,18,18,18,18,18,18,18
280254,1,1,1994,0,0,0,0,0,0,12,0,0,10
280254,2,1,1994,12,12,12,12,12,12,12,12,12,12
280255,1,1,1994,0,0,0,0,0,0,0,0,0,0
280255,2,1,1994,0,0,0,0,0,0,0,0,0,0
280256,1,1,1994,31,0,22,26,19,20,23,23,15,24
280257,1,1,1994,0,0,0,0,0,0,0,0,0,0
280257,2,1,1994,0,0,0,0,0,0,0,0,0,0
280258,1,1,1994,0,0,0,0,17,0,0,0,0,0
280259,0,1,1994,1,1,1,1,1,1,1,1,1,1
280259,1,1,1994,0,0,0,0,0,0,0,0,0,0
280260,1,1,1994,0,0,0,0,0,0,0,0,0,0
280261,1,1,1994,0,0,9,16,0,0,16,0,0,22
280262,1,1,1994,0,10,0,0,0,0,0,0,0,0
280263,1,1,1994,0,0,0,0,0,0,0,0,0,0
280263,2,1,1994,0,0,0,0,0,0,0,0,0,0
280264,1,1,1994,0,0,0,0,0,0,0,0,0,0
280264,2,1,1994,13,13,13,13,13,13,13,13,13,13