ST_CASE,VEH_NO,PER_NO,YEAR,P1,P2,P3,P4,P5,P6,P7,P8,P9,P10
340402,1,1,1994,0,0,0,0,0,0,0,0,0,0
340403,0,1,1994,0,0,0,0,0,0,0,0,0,0
340403,1,1,1994,18,18,18,18,18,18,18,18,18,18
340404,1,1,1994,15,15,15,15,15,15,15,15,15,15
340404,2,1,1994,10,10,10,10,10,10,10,10,10,10
340405,1,1,1994,0,0,0,0,0,0,0,0,0,15
340406,1,1,1994,23,23,23,23,23,23,23,23,23,23
340408,1,1,1994,0,6,0,13,6,9,0,0,0,0
340409,0,1,1994,0,0,0,0,0,0,0,0,0,0
340409,1,1,1994,16,0,0,0,7,0,0,0,0,0
340410,1,1,1994,4,4,4,4,4,4,4,4,4,4
340411,0,1,1994,17,17,17,17,17,17,17,17,17,17
340411,1,1,1994,0,8,0,0,0,0,0,24,0,0
340412,0,1,1994,0,0,0,0,0,0,0,0,0,0
340412,1,1,1994,0,0,0,0,0,0,0,0,0,11
340413,0,1,1994,0,0,0,0,0,0,0,0,0,0
340413,1,1,1994,0,0,0,0,0,0,0,0,0,0
340414,0,1,1994,0,0,0,0,0,0,0,0,0,0
340414,1,1,1994,0,0,0,0,0,0,0,0,0,0
340415,1,1,1994,0,0,0,0,0,0,0,0,0,0
340415,2,1,1994,0,0,0,0,0,0,0,0,0,0
340416,0,1,1994,0,0,0,0,0,0,0,0,0,0
340416,1,1,1994,0,0,0,0,9,0,0,0,0,0
340417,0,1,1994,20,20,20,20,20,20,20,20,20,20
340417,1,1,1994,0,0,0,0,0,0,0,0,0,0
340418,1,1,1994,0,0,0,0,0,0,0,0,0,0
340419,1,1,1994,0,0,0,0,0,0,0,0,0,0
340420,1,1,1994,24,24,24,24,24,24,24,24,24,24
340421,0,1,1994,35,35,35,35,35,35,35,35,35,35
340421,1,1,1994,0,0,0,0,0,0,0,0,0,0
340422,1,1,1994,7,7,7,7,7,7,7,7,7,7
340422,2,1,1994,9,9,9,9,9,9,9,9,9,9
340423,1,1,1994,0,27,0,21,47,0,0,0,0,0
340424,1,1,1994,0,0,0,0,0,0,0,0,0,0
340424,2,1,1994,0,0,0,0,0,0,0,0,0,0
340425,1,1,1994,0,0,0,0,0,0,0,0,0,0
340425,2,1,1994,0,0,0,0,0,0,0,0,0,0
340425,3,1,1994,0,0,0,0,0,0,0,0,0,0
340426,0,1,1994,0,0,0,0,0,0,0,0,0,0
340426,0,2,1994,0,0,0,0,0,0,0,0,0,0
340426,1,1,1994,0,0,0,0,0,0,0,0,0,0
340427,1,1,1994,0,0,0,0,0,0,0,0,0,0
340427,2,1,1994,0,0,0,0,0,0,0,0,0,0
340428,1,1,1994,0,0,0,0,0,0,0,0,0,0
340428,2,1,1994,0,0,0,0,0,0,0,0,0,0
340430,1,1,1994,22,22,22,22,22,22,22,22,22,22
340431,1,1,1994,0,0,0,0,0,0,0,0,0,0
340432,0,1,1994,28,28,28,28,28,28,28,28,28,28
340432,1,1,1994,0,0,3,0,0,0,0,0,0,0
340433,1,1,1994,0,0,0,0,0,0,0,0,0,0
340433,2,1,1994,0,0,0,0,0,0,0,0,0,0
340435,1,1,1994,0,0,0,0,0,0,0,0,0,0
340435,2,1,1994,0,0,0,0,0,0,0,0,0,0
340436,0,1,1994,0,0,0,0,0,0,0,0,0,0
340436,1,1,1994,0,0,0,0,0,0,0,0,0,0
340437,1,1,1994,0,0,0,0,0,0,0,0,0,0
340438,1,1,1994,0,0,0,0,0,0,0,0,0,0
340439,1,1,1994,13,13,13,13,13,13,13,13,13,13
340440,1,1,1994,0,0,0,0,0,0,0,0,0,5
340441,1,1,1994,0,0,0,5,0,0,0,0,0,0
340442,0,1,1994,0,0,0,0,0,0,0,0,0,0
340442,1,1,1994,0,0,9,11,0,14,0,0,0,0
340442,2,1,1994,0,0,0,0,33,20,0,0,17,0
340444,1,1,1994,0,0,18,0,0,0,0,0,0,0
340444,2,1,1994,0,0,0,0,0,0,0,0,0,0
340445,0,1,1994,0,0,0,0,0,0,0,0,0,0
340445,1,1,1994,0,0,0,0,0,0,0,0,0,0
340447,1,1,1994,0,0,0,0,0,0,0,0,0,0
340447,2,1,1994,0,0,0,0,0,0,0,0,0,0
340448,1,1,1994,0,0,0,0,0,0,0,0,0,0
340448,2,1,1994,0,0,0,0,0,0,0,0,0,0
340448,3,1,1994,0,0,5,0,0,0,0,0,0,20
340448,4,1,1994,0,0,0,0,0,0,0,0,0,0
340449,1,1,1994,0,0,0,0,0,0,0,0,0,0
340449,2,1,1994,0,0,0,0,14,0,0,0,0,0
340450,1,1,1994,34,34,34,34,34,34,34,34,34,34
340451,1,1,1994,0,0,0,0,0,0,0,0,0,0
340452,1,1,1994,13,13,13,13,13,13,13,13,13,13
340453,1,1,1994,0,0,0,0,0,0,0,0,0,0
340453,2,1,1994,19,19,19,19,19,19,19,19,19,19
340454,1,1,1994,24,24,24,24,24,24,24,24,24,24
340455,1,1,1994,0,0,0,0,0,0,0,0,0,17
340455,2,1,1994,0,0,0,0,0,0,0,0,0,0
340456,0,1,1994,0,0,0,0,0,0,0,0,0,0
340456,1,1,1994,0,0,0,0,0,0,0,0,0,0
340457,0,1,1994,14,14,14,14,14,14,14,14,14,14
340457,1,1,1994,10,0,0,0,0,0,18,0,0,8
340458,1,1,1994,12,12,12,12,12,12,12,12,12,12
340459,1,1,1994,25,25,25,25,25,25,25,25,25,25
340460,0,1,1994,30,30,30,30,30,30,30,30,30,30
340460,1,1,1994,0,0,0,0,0,0,0,0,0,0
340461,1,1,1994,0,0,0,0,35,0,0,0,0,0
340461,2,1,1994,0,0,0,0,0,30,0,0,0,0
340462,0,1,1994,22,22,22,22,22,22,22,22,22,22
340463,1,1,1994,0,0,0,0,0,0,0,0,0,0
340464,1,1,1994,10,10,10,10,10,10,10,10,10,10
340465,1,1,1994,0,0,0,0,0,0,0,0,0,0
340466,1,1,1994,0,0,0,0,0,0,0,0,0,0
340467,0,1,1994,27,27,27,27,27,27,27,27,27,27
340467,1,1,1994,0,0,0,0,0,0,0,0,0,0
340470,1,1,1994,0,0,21,0,0,15,0,0,0,0
340471,1,1,1994,0,0,0,0,0,0,0,0,0,0
340471,2,1,1994,0,0,0,0,0,0,0,0,0,0
340472,1,1,1994,27,27,27,27,27,27,27,27,27,27
340473,1,1,1994,0,0,0,0,0,0,0,0,0,0
340473,2,1,1994,0,0,0,0,0,0,0,0,0,0
340475,0,1,1994,31,21,40,0,0,9,0,25,9,40
340475,1,1,1994,21,10,0,0,23,0,0,0,0,7
340476,0,1,1994,0,0,0,0,0,0,14,0,0,0
340476,1,1,1994,0,0,0,0,0,0,0,0,18,11
340477,1,1,1994,0,0,0,0,0,0,0,0,0,0
340478,1,1,1994,0,0,0,0,0,0,0,0,0,0
340478,2,1,1994,16,16,16,16,16,16,16,16,16,16
340479,1,1,1994,18,18,18,18,18,18,18,18,18,18
340479,2,1,1994,0,0,0,0,0,0,0,0,0,0
340480,0,1,1994,0,0,0,0,0,0,0,0,0,0
340480,1,1,1994,0,0,0,0,0,0,0,0,0,0
340481,1,1,1994,25,11,0,0,11,17,30,0,0,0
340481,2,1,1994,0,8,11,14,10,0,14,20,17,23
340482,0,1,1994,23,23,23,23,23,23,23,23,23,23
340482,1,1,1994,5,12,0,0,8,0,0,0,14,0
340484,1,1,1994,33,33,33,33,33,33,33,33,33,33
340485,1,1,1994,30,30,30,30,30,30,30,30,30,30
340485,2,1,1994,0,0,0,0,0,0,0,0,0,0
340486,0,1,1994,0,0,0,0,0,0,0,0,0,0
340486,1,1,1994,0,0,0,0,0,0,0,0,0,0
340487,0,1,1994,0,0,0,0,0,0,0,0,0,0
340487,1,1,1994,0,0,0,0,0,0,0,0,0,0
340488,1,1,1994,14,0,0,0,0,0,0,0,24,0
340488,2,1,1994,0,0,0,0,0,0,0,0,0,0
340489,1,1,1994,2,2,2,2,2,2,2,2,2,2
340490,0,1,1994,0,0,0,0,0,0,0,0,0,0
340490,1,1,1994,0,0,0,0,0,20,0,0,0,0
340491,1,1,1994,13,13,13,13,13,13,13,13,13,13
340492,1,1,1994,0,0,0,0,0,0,0,0,0,0
340492,2,1,1994,0,0,0,0,0,0,0,0,0,0
340492,3,1,1994,0,0,0,0,3,0,0,0,0,0
340493,1,1,1994,25,25,25,25,25,25,25,25,25,25
340494,1,1,1994,0,0,0,0,0,0,0,0,0,0
340494,2,1,1994,0,0,0,0,0,0,0,0,0,0
340494,3,1,1994,0,0,0,0,0,0,0,0,0,0
340495,1,1,1994,17,17,17,17,17,17,17,17,17,17
340495,2,1,1994,0,0,0,7,0,0,0,0,0,0
340496,1,1,1994,0,0,0,0,17,0,0,13,0,0
340496,2,1,1994,0,0,0,25,0,0,0,0,3,0
340497,1,1,1994,0,0,0,0,0,0,0,0,0,0
340498,1,1,1994,0,0,0,0,0,0,0,0,0,0
340498,2,1,1994,27,27,27,27,27,27,27,27,27,27
340498,3,1,1994,0,0,0,0,0,0,0,0,0,0
340500,1,1,1994,29,36,0,0,0,0,27,13,0,0
340501,1,1,1994,0,0,0,0,0,0,0,17,0,0
340502,1,1,1994,3,3,3,3,3,3,3,3,3,3
340502,2,1,1994,0,0,0,0,0,0,0,0,0,0
340503,1,1,1994,0,0,0,0,0,0,0,0,0,0
340503,2,1,1994,14,14,14,14,14,14,14,14,14,14
340504,1,1,1994,24,24,24,24,24,24,24,24,24,24
340505,1,1,1994,0,0,0,0,0,0,0,0,0,0
340505,2,1,1994,0,0,0,0,0,0,0,0,0,0
340506,1,1,1994,0,0,0,0,0,0,0,0,0,0
340506,2,1,1994,0,0,0,0,0,0,0,0,0,0
340507,0,1,1994,0,0,0,0,0,0,0,0,0,0
340507,1,1,1994,0,0,0,0,0,0,0,0,0,0
340508,0,1,1994,0,0,0,0,0,0,0,0,0,0
340508,1,1,1994,0,0,0,0,4,0,0,6,0,0
340509,0,1,1994,0,0,0,0,0,0,0,0,0,0
340509,1,1,1994,0,0,0,0,0,0,0,0,0,12
340510,1,1,1994,0,0,0,0,0,0,0,0,0,0
340511,1,1,1994,0,0,0,0,0,0,0,0,0,0
340512,0,1,1994,0,0,0,0,0,0,0,0,0,0
340512,1,1,1994,0,0,0,0,0,0,0,0,0,0
340514,1,1,1994,20,20,20,20,20,20,20,20,20,20
340515,1,1,1994,0,0,0,0,0,0,0,0,0,0
340515,2,1,1994,0,0,0,0,0,0,0,0,0,0
340516,1,1,1994,0,0,0,0,0,0,0,0,0,0
340516,2,1,1994,0,0,0,0,0,0,0,0,0,0
340516,3,1,1994,0,12,0,0,0,0,0,0,0,0
340521,1,1,1994,2,2,2,2,2,2,2,2,2,2
340522,0,1,1994,16,16,16,16,16,16,16,16,16,16
340522,1,1,1994,0,0,3,0,0,0,3,0,0,0
340523,1,1,1994,0,0,0,0,0,6,0,0,0,30
340524,1,1,1994,0,0,0,0,0,0,0,0,0,0
340524,2,1,1994,0,0,0,0,0,0,0,0,0,0
340525,0,1,1994,0,0,0,0,0,0,0,0,0,0
340525,1,1,1994,0,0,0,0,0,0,0,0,0,0
340526,0,1,1994,0,0,0,0,0,0,0,0,0,0
340526,0,2,1994,0,0,0,0,0,0,0,0,0,0
340526,1,1,1994,0,0,0,0,0,0,0,0,0,0
340527,0,1,1994,0,0,0,0,0,0,0,0,0,0
340527,1,1,1994,0,0,0,0,0,0,0,0,0,0
340528,1,1,1994,0,0,0,0,0,0,0,0,0,0
340529,0,1,1994,0,0,0,0,0,0,0,0,0,0
340529,0,2,1994,0,0,0,0,0,0,0,0,0,0
340529,1,1,1994,0,0,0,0,0,0,0,0,0,0
340530,1,1,1994,16,16,16,16,16,16,16,16,16,16
340530,2,1,1994,0,0,0,0,0,0,0,0,0,0
340530,3,1,1994,3,3,3,3,3,3,3,3,3,3
340531,1,1,1994,0,0,0,0,0,5,17,0,0,10
340532,1,1,1994,0,0,0,0,0,0,0,0,0,0
340532,2,1,1994,0,0,0,0,0,0,0,0,0,0
340533,1,1,1994,0,0,0,0,0,0,0,0,0,0
340533,2,1,1994,0,0,0,0,0,0,0,0,0,0
340533,3,1,1994,0,0,0,0,0,0,0,0,0,0
340534,1,1,1994,0,0,0,0,0,17,17,20,10,0
340535,1,1,1994,17,17,17,17,17,17,17,17,17,17
340536,0,1,1994,0,0,0,0,0,0,0,0,0,0
340536,1,1,1994,0,0,0,0,14,0,0,0,0,0
340537,1,1,1994,0,0,0,0,0,0,0,0,0,0
340537,2,1,1994,0,0,0,0,0,0,0,0,0,0
340538,1,1,1994,0,0,0,0,0,0,0,0,0,0
340539,1,1,1994,0,0,0,0,0,0,0,0,0,0
340539,2,1,1994,0,0,0,0,0,0,0,0,0,0
340540,1,1,1994,0,0,0,0,0,0,0,0,0,0
340540,2,1,1994,0,0,0,0,0,0,0,0,0,0
340541,0,1,1994,0,0,0,0,0,0,0,0,0,13
340541,1,1,1994,0,0,21,0,29,0,23,0,0,0
340542,1,1,1994,0,0,0,0,0,0,0,0,0,0
340543,1,1,1994,0,0,0,0,0,0,0,0,0,0
340543,2,1,1994,0,0,0,0,0,0,0,0,0,0
340544,0,1,1994,25,25,25,25,25,25,25,25,25,25
340544,1,1,1994,23,0,0,19,6,22,0,0,0,0
340545,0,1,1994,0,0,0,0,0,0,0,0,0,0
340545,1,1,1994,0,0,0,0,0,0,0,0,0,0
340546,0,1,1994,0,0,0,11,0,0,0,0,0,0
340546,0,2,1994,0,0,0,0,0,15,15,0,0,0
340546,0,3,1994,24,0,21,0,0,10,17,0,0,15
340546,1,1,1994,0,0,0,0,0,0,0,0,0,0
340546,2,1,1994,0,0,0,14,0,0,0,0,0,0
340547,0,1,1994,38,38,38,38,38,38,38,38,38,38
340547,1,1,1994,0,0,0,0,0,0,0,0,0,0
340548,1,1,1994,0,0,0,0,0,0,0,0,0,0
340548,2,1,1994,0,0,0,0,0,0,0,0,0,0
340549,1,1,1994,17,23,0,6,29,17,0,0,0,0
340550,1,1,1994,13,13,13,13,13,13,13,13,13,13
340551,1,1,1994,0,0,0,0,0,0,0,0,0,0
340552,0,1,1994,0,13,0,0,0,0,4,0,14,0
340552,1,1,1994,0,0,0,0,0,0,0,0,0,0
340553,1,1,1994,13,13,13,13,13,13,13,13,13,13
340554,0,1,1994,0,30,0,29,44,0,0,0,0,11
340554,1,1,1994,0,0,0,0,0,0,0,16,0,12
340555,1,1,1994,0,0,10,10,0,0,0,0,0,0
340556,1,1,1994,14,14,14,14,14,14,14,14,14,14
340557,1,1,1994,0,0,0,0,0,0,0,0,0,0
340557,2,1,1994,0,0,0,0,0,0,0,0,0,0
340558,1,1,1994,0,0,0,0,0,0,0,18,0,0
340559,1,1,1994,0,0,0,0,0,0,0,0,0,0
340559,2,1,1994,0,0,0,0,0,0,0,0,0,0
340559,3,1,1994,0,0,0,0,0,0,0,0,0,0
340560,1,1,1994,19,19,19,19,19,19,19,19,19,19
340561,1,1,1994,0,0,0,0,0,0,0,0,0,0
340561,2,1,1994,10,20,0,0,0,24,11,0,0,0
340562,1,1,1994,0,0,0,0,0,0,0,0,0,0
340563,1,1,1994,0,0,0,0,0,0,0,0,0,0
340563,2,1,1994,0,0,0,0,0,0,0,0,0,0
340564,0,1,1994,22,22,22,22,22,22,22,22,22,22
340564,1,1,1994,0,0,10,0,0,0,0,0,0,0
340565,1,1,1994,0,0,0,0,0,0,0,0,0,0
340565,2,1,1994,0,0,0,0,0,0,0,0,0,0
340566,0,1,1994,0,0,0,0,0,0,0,0,0,0
340566,1,1,1994,0,0,0,0,0,0,0,0,0,0
340567,1,1,1994,0,7,0,5,20,0,0,0,11,0
340567,2,1,1994,0,0,0,0,0,0,0,0,0,0
340568,1,1,1994,0,0,0,0,0,0,0,0,0,0
340568,2,1,1994,0,0,0,0,0,0,0,0,0,0
340568,3,1,1994,0,0,0,0,0,0,0,0,0,0
340568,4,1,1994,0,0,0,0,0,0,0,0,0,0
340569,0,1,1994,0,0,0,0,0,0,0,0,0,0
340569,1,1,1994,0,0,0,0,18,0,0,0,0,0
340570,1,1,1994,0,0,28,0,0,24,0,0,0,0
340570,2,1,1994,0,0,0,0,0,0,0,0,0,0
340571,1,1,1994,0,0,0,0,0,0,0,0,0,0
340571,2,1,1994,0,0,0,0,0,0,0,0,0,0
340572,1,1,1994,0,0,23,0,0,0,0,13,0,0
340572,2,1,1994,0,0,0,0,0,0,0,0,0,0
340573,1,1,1994,0,0,0,0,0,0,0,0,0,0
340573,2,1,1994,0,0,0,0,0,18,0,0,0,18
340574,1,1,1994,18,18,18,18,18,18,18,18,18,18
340574,2,1,1994,0,0,6,0,16,0,0,0,0,0
340575,1,1,1994,0,0,8,0,0,0,0,0,0,0
340575,2,1,1994,0,0,7,0,0,0,4,0,10,0
340575,3,1,1994,0,0,0,0,0,0,0,0,0,0
340576,1,1,1994,1,1,1,1,1,1,1,1,1,1
340576,2,1,1994,0,0,0,0,0,0,0,0,0,0
340577,1,1,1994,0,0,0,0,0,0,0,0,0,0
340577,2,1,1994,0,0,0,0,0,0,0,0,0,0
340578,0,1,1994,1,1,1,1,1,1,1,1,1,1
340578,1,1,1994,0,0,0,24,0,0,0,14,15,22
340579,1,1,1994,0,0,0,0,0,0,0,0,0,0
340581,1,1,1994,0,0,0,0,0,0,0,0,0,0
340581,2,1,1994,11,11,11,11,11,11,11,11,11,11
340582,0,1,1994,17,17,17,17,17,17,17,17,17,17
340582,1,1,1994,0,0,0,0,0,0,0,0,0,0
340583,1,1,1994,0,0,0,0,0,0,0,0,0,0
340583,2,1,1994,0,0,0,0,0,0,0,0,0,11
340584,1,1,1994,0,0,0,0,0,0,0,0,0,0
340584,2,1,1994,0,0,0,0,0,0,0,0,0,0
340585,1,1,1994,0,0,0,3,0,0,0,0,0,6
340586,1,1,1994,0,0,0,0,0,0,0,0,0,21
340587,1,1,1994,7,7,7,7,7,7,7,7,7,7
340588,1,1,1994,23,0,26,0,0,27,0,0,21,0
340589,1,1,1994,0,0,0,0,0,0,0,0,0,0
340589,2,1,1994,0,0,0,0,0,0,0,14,0,0
340590,0,1,1994,0,0,0,0,0,0,0,0,0,0
340590,1,1,1994,0,0,0,0,0,0,9,0,0,0
340591,1,1,1994,0,0,0,0,0,0,0,0,0,0
340591,2,1,1994,0,0,0,0,0,0,0,0,0,0
340592,1,1,1994,0,0,0,0,0,0,0,0,0,0
340593,1,1,1994,0,0,0,0,0,0,0,0,0,0
340594,0,1,1994,0,14,0,0,0,0,35,0,0,0
340594,1,1,1994,0,0,0,0,0,0,0,0,0,0
340595,1,1,1994,19,19,19,19,19,19,19,19,19,19
340596,1,1,1994,20,0,0,0,0,13,18,35,21,0
340596,2,1,1994,0,0,0,0,0,0,0,0,0,0
340598,1,1,1994,0,0,0,0,0,0,0,0,0,0
340598,2,1,1994,0,0,0,0,0,0,0,0,0,0
340599,1,1,1994,0,0,0,0,0,0,0,0,0,0
340600,1,1,1994,22,22,22,22,22,22,22,22,22,22
340601,1,1,1994,0,0,0,0,0,0,0,0,0,0
340601,2,1,1994,0,0,0,0,0,0,0,0,0,0
340601,3,1,1994,0,0,0,0,0,0,0,0,0,0
340602,0,1,1994,0,0,0,0,0,0,0,0,0,0
340602,0,2,1994,18,0,9,0,0,0,25,0,26,0
340602,1,1,1994,0,0,0,0,0,0,0,0,0,0
340603,1,1,1994,0,0,0,0,0,0,0,0,0,0
340603,2,1,1994,0,0,0,0,0,0,0,0,0,0
340604,1,1,1994,0,0,0,0,0,0,0,0,0,0
340605,1,1,1994,21,21,21,21,21,21,21,21,21,21
340606,1,1,1994,0,0,0,0,0,0,0,0,0,0
340607,1,1,1994,0,0,0,0,0,0,0,0,0,0
340607,2,1,1994,0,8,0,0,0,0,0,0,0,0
340608,0,1,1994,0,0,0,0,0,0,0,0,0,0
340608,0,2,1994,0,0,0,0,0,0,0,0,0,0
340608,1,1,1994,0,0,0,0,0,0,0,0,0,0
340609,0,1,1994,0,0,0,0,0,0,0,0,0,0
340609,1,1,1994,0,0,0,8,0,10,0,9,19,8
340611,1,1,1994,23,23,23,23,23,23,23,23,23,23
340612,1,1,1994,0,0,0,0,0,0,0,0,0,0
340612,2,1,1994,0,0,0,0,0,0,0,0,0,0
340613,0,1,1994,11,11,11,11,11,11,11,11,11,11
340613,1,1,1994,0,0,0,0,0,0,0,16,0,0
340614,1,1,1994,0,0,0,0,0,0,0,7,0,0
340614,2,1,1994,0,0,0,0,0,0,0,0,0,0
340615,1,1,1994,0,0,0,0,0,0,0,0,0,0
340615,2,1,1994,7,0,0,0,0,0,0,0,13,0
340616,1,1,1994,0,0,0,0,0,0,0,0,0,0
340616,2,1,1994,0,0,0,0,0,0,0,0,0,0
340617,1,1,1994,21,21,21,21,21,21,21,21,21,21
340618,0,1,1994,0,0,0,0,0,0,0,0,0,0
340618,1,1,1994,0,0,0,0,0,0,0,0,0,0
340619,1,1,1994,0,0,9,0,0,0,0,0,0,0
340620,0,1,1994,0,0,0,0,0,0,0,0,0,0
340620,1,1,1994,14,0,0,0,0,0,0,0,0,0
340621,0,1,1994,0,0,0,0,0,0,0,0,0,0
340621,1,1,1994,0,0,0,0,0,0,0,0,0,0
340622,0,1,1994,0,0,0,0,0,0,0,0,0,0
340622,1,1,1994,0,0,0,0,0,0,20,0,0,0
340624,1,1,1994,0,15,0,0,0,0,0,0,0,0
340624,2,1,1994,0,22,0,0,0,0,0,0,0,0
340625,1,1,1994,0,0,0,0,0,0,0,0,0,0
340625,2,1,1994,16,16,16,16,16,16,16,16,16,16
340626,1,1,1994,0,5,0,0,0,0,0,0,0,0
340628,1,1,1994,22,22,22,22,22,22,22,22,22,22
340629,1,1,1994,0,0,0,0,0,0,0,0,0,0
340629,2,1,1994,0,0,0,0,0,0,0,0,0,0
340630,1,1,1994,0,0,0,0,0,0,0,0,0,0
340630,2,1,1994,0,0,0,0,0,0,0,0,0,0
340630,3,1,1994,0,0,0,0,0,0,0,0,0,0
340631,1,1,1994,21,0,0,0,0,0,0,0,0,0
340631,2,1,1994,0,0,0,0,0,0,0,0,0,0
340632,1,1,1994,0,0,0,0,0,0,0,0,0,0
340632,2,1,1994,0,0,0,11,0,11,0,0,0,0
340633,1,1,1994,0,0,0,19,0,0,13,5,0,0
340633,2,1,1994,0,0,0,0,0,0,11,9,0,0
340633,3,1,1994,13,0,0,0,0,0,0,7,0,11
340634,1,1,1994,0,0,0,0,0,0,0,0,0,0
340634,2,1,1994,0,0,0,0,0,0,0,0,0,0
340635,0,1,1994,23,23,23,23,23,23,23,23,23,23
340635,1,1,1994,5,5,5,5,5,5,5,5,5,5
340636,1,1,1994,0,0,0,0,0,10,0,0,0,0
340636,2,1,1994,0,0,0,0,0,0,0,0,0,0
340637,1,1,1994,0,0,0,0,0,0,0,0,0,0
340638,1,1,1994,16,16,16,16,16,16,16,16,16,16
340639,0,1,1994,11,0,27,14,20,34,0,13,20,12
340639,1,1,1994,22,0,0,0,0,0,0,0,0,0
340640,0,1,1994,0,0,0,0,0,0,0,0,0,0
340640,1,1,1994,0,0,0,0,0,0,0,0,0,0
340641,1,1,1994,0,0,0,0,0,0,0,0,0,0
340642,0,1,1994,0,0,0,0,0,0,0,0,0,0
340642,1,1,1994,0,0,0,0,0,0,0,19,0,0
340644,1,1,1994,22,22,22,22,22,22,22,22,22,22
340644,2,1,1994,0,0,0,0,0,0,0,0,0,0
340645,0,1,1994,0,0,0,0,0,0,0,0,0,0
340645,1,1,1994,0,0,0,0,0,0,4,0,0,0
340646,1,1,1994,0,0,0,7,0,0,11,0,0,0
340646,2,1,1994,0,0,0,0,0,0,0,0,0,0
340646,3,1,1994,19,0,0,0,0,0,0,0,17,19
340646,4,1,1994,0,0,0,17,0,7,8,13,31,17
340647,0,1,1994,0,0,0,0,0,0,0,0,0,0
340647,1,1,1994,0,0,0,0,0,0,0,0,0,0
340648,1,1,1994,0,21,0,0,0,0,0,0,0,0
340648,2,1,1994,0,0,0,0,0,0,0,0,0,0
340648,3,1,1994,0,0,0,0,0,0,0,0,16,0
340648,4,1,1994,0,0,0,0,0,0,0,0,0,0
340648,5,1,1994,0,0,0,0,0,0,0,0,0,0
340648,6,1,1994,0,0,0,0,0,0,0,0,0,0
340648,7,1,1994,0,0,0,0,0,0,0,0,0,0
340648,8,1,1994,0,0,0,0,0,0,0,0,20,0
340649,0,1,1994,7,0,31,0,0,0,0,0,0,0
340649,1,1,1994,0,0,0,0,0,0,0,0,0,0
340650,0,1,1994,0,0,0,0,0,0,0,0,0,0
340650,1,1,1994,0,0,0,0,0,0,0,0,0,0
340651,1,1,1994,0,0,0,0,0,0,0,0,0,0
340652,0,1,1994,5,5,5,5,5,5,5,5,5,5
340652,1,1,1994,0,0,0,0,0,0,0,0,0,0
340653,0,1,1994,17,17,17,17,17,17,17,17,17,17
340653,1,1,1994,0,0,0,0,19,0,0,0,26,0
340654,1,1,1994,0,0,0,0,0,0,0,0,0,0
340655,1,1,1994,0,0,0,0,0,0,0,0,0,0
340656,0,1,1994,0,0,0,0,0,0,0,0,0,0
340656,1,1,1994,0,6,0,0,11,0,0,10,0,0
340657,1,1,1994,10,23,22,6,11,11,0,19,3,20
340660,1,1,1994,0,0,17,0,0,0,0,0,0,0
340660,2,1,1994,8,0,0,16,0,0,0,0,0,0
340661,0,1,1994,0,0,0,0,0,0,0,0,0,0
340661,1,1,1994,0,4,17,0,4,22,0,0,0,0
340662,0,1,1994,13,13,13,13,13,13,13,13,13,13
340662,1,1,1994,0,0,0,0,0,0,0,0,0,0
340664,0,1,1994,11,0,7,0,0,7,0,21,17,0
340664,1,1,1994,0,15,0,0,0,0,7,0,0,0
340666,1,1,1994,0,0,0,0,0,0,0,0,0,0
340667,1,1,1994,25,25,25,25,25,25,25,25,25,25
340669,0,1,1994,27,27,27,27,27,27,27,27,27,27
340669,1,1,1994,0,4,0,0,0,0,0,0,0,0
340670,0,1,1994,22,0,0,9,13,17,0,15,0,24
340670,1,1,1994,0,0,0,0,0,0,0,0,0,0
340677,0,1,1994,0,0,0,15,0,29,0,0,0,0
340677,1,1,1994,0,21,0,0,0,0,17,0,0,0
340679,1,1,1994,0,0,21,0,0,0,28,0,0,0
340679,2,1,1994,0,0,0,0,0,0,0,0,0,0
340679,3,1,1994,0,0,0,0,0,0,0,0,0,0
340681,0,1,1994,0,0,0,0,0,0,0,0,0,0
340681,1,1,1994,0,0,0,6,0,0,0,0,0,21
340684,0,1,1994,0,0,0,0,0,0,0,0,0,0
340684,1,1,1994,0,0,0,0,0,0,0,0,0,0
340687,0,1,1994,0,0,0,0,0,0,0,0,0,0
340687,1,1,1994,0,0,0,0,0,0,0,0,0,0
340688,0,1,1994,0,0,0,0,0,0,0,0,0,0
340688,1,1,1994,0,14,0,0,0,4,18,0,0,0
340689,0,1,1994,18,18,18,18,18,18,18,18,18,18
340689,1,1,1994,0,0,0,0,0,0,0,0,0,0
340691,1,1,1994,0,0,0,0,0,0,0,0,0,0
340691,2,1,1994,23,23,23,23,23,23,23,23,23,23
340698,0,1,1994,0,0,0,0,0,0,0,0,0,0
340698,1,1,1994,0,0,0,0,0,0,0,0,0,0
340699,1,1,1994,0,0,0,0,0,0,0,0,0,0
340699,2,1,1994,0,0,0,0,0,0,0,0,0,0
340700,1,1,1994,0,0,0,0,0,0,0,0,0,0
340700,2,1,1994,0,0,0,0,0,0,0,0,0,0
340703,1,1,1994,0,0,0,0,0,0,0,0,0,0
340703,2,1,1994,0,0,0,0,0,0,0,0,0,0
340705,1,1,1994,0,0,0,0,0,0,0,0,0,0
340705,2,1,1994,0,0,0,0,0,0,0,0,0,0
340706,1,1,1994,0,0,0,0,0,0,0,0,0,0
340706,2,1,1994,0,0,0,0,0,0,0,0,0,0
340708,1,1,1994,0,0,0,0,0,0,0,0,0,0