ST_CASE,VEH_NO,PER_NO,YEAR,P1,P2,P3,P4,P5,P6,P7,P8,P9,P10
340709,1,1,1994,0,0,0,0,0,0,0,0,0,0
340709,2,1,1994,13,13,13,13,13,13,13,13,13,13
340710,1,1,1994,0,14,0,0,0,0,0,0,0,0
340710,2,1,1994,0,0,0,0,0,0,0,0,0,0
340710,3,1,1994,0,11,22,0,0,2,0,0,13,0
340711,1,1,1994,0,0,0,0,0,0,0,0,0,0
340711,2,1,1994,0,0,0,0,0,0,0,0,8,17
340712,1,1,1994,0,0,0,0,0,0,0,0,0,0
340712,2,1,1994,0,0,0,0,0,0,0,0,0,0
340713,1,1,1994,0,0,0,0,0,0,0,0,0,7
340714,0,1,1994,0,0,0,0,0,0,0,0,0,0
340714,1,1,1994,0,0,0,0,0,0,0,0,0,0
340716,1,1,1994,0,0,0,0,0,0,0,0,0,0
340716,2,1,1994,0,0,0,0,0,0,0,0,0,0
340717,0,1,1994,0,0,0,11,0,0,0,0,0,0
340717,1,1,1994,17,17,17,17,17,17,17,17,17,17
340720,0,1,1994,0,0,0,0,0,0,0,0,0,0
340720,1,1,1994,16,0,15,0,0,0,0,8,21,8
340721,0,5,1994,0,14,6,13,0,0,0,11,0,13
340721,1,1,1994,23,23,23,23,23,23,23,23,23,23
340722,1,1,1994,3,3,3,3,3,3,3,3,3,3
340723,1,1,1994,16,16,16,16,16,16,16,16,16,16
340724,1,1,1994,0,18,0,0,0,0,0,14,27,0
340725,1,1,1994,6,6,6,6,6,6,6,6,6,6
340726,1,1,1994,20,20,20,20,20,20,20,20,20,20
340727,1,1,1994,0,0,0,0,0,0,0,0,0,0
340728,1,1,1994,0,0,0,0,0,0,0,0,0,0
340729,1,1,1994,14,14,14,14,14,14,14,14,14,14
340730,1,1,1994,0,0,0,0,0,0,0,0,0,0
340731,1,1,1994,0,0,0,0,0,0,0,0,0,0
340732,1,1,1994,6,6,6,6,6,6,6,6,6,6
340735,1,1,1994,0,0,23,0,0,0,0,0,0,0
340735,2,1,1994,0,0,0,0,0,0,0,0,0,0
340736,1,1,1994,14,14,14,14,14,14,14,14,14,14
340737,1,1,1994,0,0,0,0,0,0,0,19,0,0
340738,1,1,1994,13,13,13,13,13,13,13,13,13,13
340739,1,1,1994,0,0,0,0,0,0,0,0,0,0
340740,1,1,1994,0,0,0,0,0,0,0,0,0,0
340740,2,1,1994,0,0,0,0,18,0,0,0,0,0
340742,0,1,1994,29,29,29,29,29,29,29,29,29,29
340742,1,1,1994,0,0,0,0,0,0,0,0,0,0
340742,2,1,1994,0,0,0,0,0,0,0,0,0,0
340744,1,1,1994,0,10,23,0,0,0,0,0,0,0
340744,2,1,1994,7,7,7,7,7,7,7,7,7,7
340745,0,1,1994,7,7,7,7,7,7,7,7,7,7
340745,1,1,1994,0,0,0,0,0,0,0,0,0,0
340746,0,1,1994,0,0,0,0,0,0,0,0,0,0
340746,1,1,1994,0,0,0,0,0,0,0,0,0,0
340747,1,1,1994,0,0,0,0,0,0,0,0,0,0
340748,0,1,1994,13,22,29,0,40,8,12,8,12,1
340748,1,1,1994,0,0,0,0,0,0,0,0,0,0
340749,1,1,1994,0,0,0,0,0,0,0,0,0,0
340749,2,1,1994,0,0,0,0,0,0,0,0,0,0
340749,3,1,1994,0,0,0,0,0,0,0,20,0,0
340751,1,1,1994,0,0,0,0,0,0,0,0,0,0
340751,2,1,1994,0,0,0,0,0,0,0,0,0,0
340752,1,1,1994,0,0,0,0,0,0,0,0,0,0
340752,2,1,1994,0,0,0,0,0,0,0,0,0,0
340753,1,1,1994,0,0,0,0,11,0,0,9,0,25
340753,2,1,1994,0,0,0,0,0,15,25,0,0,0
340753,3,1,1994,0,0,0,0,18,2,0,0,8,14
340754,0,1,1994,0,0,18,0,0,0,0,0,0,0
340754,1,1,1994,0,0,0,0,24,0,0,0,0,0
340755,1,1,1994,21,21,21,21,21,21,21,21,21,21
340756,0,1,1994,19,0,13,0,0,0,0,0,17,0
340756,1,1,1994,0,0,0,0,0,0,0,0,0,0
340757,1,1,1994,0,17,0,32,0,0,6,0,0,15
340757,2,1,1994,0,0,0,20,0,0,0,0,0,0
340758,1,1,1994,0,0,0,0,0,13,14,35,0,0
340759,1,1,1994,0,0,0,0,0,0,0,0,0,0
340760,1,1,1994,0,0,0,0,0,0,0,0,0,0
340760,2,1,1994,0,0,0,0,0,0,0,0,0,0
340761,1,1,1994,0,0,0,0,0,0,0,0,0,0
340761,2,1,1994,0,0,0,0,0,0,0,0,0,0
340762,1,1,1994,0,0,0,0,0,0,0,0,0,0
340763,1,1,1994,0,0,0,0,0,0,0,0,0,0
340763,2,1,1994,0,0,11,0,0,0,0,0,0,0
340764,1,1,1994,0,0,0,0,0,0,0,0,0,0
340764,2,1,1994,0,0,0,0,0,0,0,0,0,0
340766,0,1,1994,0,0,0,0,0,0,0,0,0,0
340766,1,1,1994,13,13,10,21,11,0,0,0,10,13
340767,0,1,1994,28,28,28,28,28,28,28,28,28,28
340767,1,1,1994,0,0,0,0,0,3,0,0,0,0
340768,1,1,1994,0,0,0,0,0,0,0,0,0,0
340768,2,1,1994,1,1,1,1,1,1,1,1,1,1
340769,0,1,1994,0,0,0,0,0,0,0,0,0,0
340769,1,1,1994,0,0,0,0,0,0,0,0,0,0
340769,2,1,1994,0,0,0,0,0,0,0,0,0,0
350001,1,1,1994,0,0,0,0,0,0,0,0,18,0
350001,2,1,1994,0,0,0,0,0,0,0,0,0,0
350002,1,1,1994,21,21,21,21,21,21,21,21,21,21
350003,1,1,1994,15,15,15,15,15,15,15,15,15,15
350004,1,1,1994,0,0,0,0,0,0,0,0,0,0
350004,2,1,1994,0,0,0,0,0,0,0,0,0,0
350005,1,1,1994,24,24,24,24,24,24,24,24,24,24
350006,1,1,1994,9,18,0,0,16,14,9,0,7,27
350007,1,1,1994,21,35,20,25,27,22,0,26,37,14
350008,0,1,1994,0,0,0,0,0,0,0,0,0,0
350008,1,1,1994,0,0,0,0,0,0,0,0,0,0
350009,1,1,1994,23,23,23,23,23,23,23,23,23,23
350010,1,1,1994,12,12,12,12,12,12,12,12,12,12
350011,1,1,1994,0,0,0,0,0,0,0,0,0,0
350011,2,1,1994,12,12,12,12,12,12,12,12,12,12
350012,1,1,1994,0,0,0,7,0,0,0,0,0,0
350012,2,1,1994,0,0,0,0,0,0,0,0,0,0
350013,0,1,1994,2,2,2,2,2,2,2,2,2,2
350013,1,1,1994,15,20,19,10,27,18,29,3,18,9
350014,1,1,1994,17,0,17,31,17,0,11,4,3,0
350015,1,1,1994,22,22,22,22,22,22,22,22,22,22
350016,1,1,1994,0,0,0,0,0,0,0,0,0,0
350017,0,1,1994,20,20,20,20,20,20,20,20,20,20
350017,1,1,1994,8,27,0,0,27,0,0,0,3,27
350018,1,1,1994,0,0,0,0,0,0,0,0,0,0
350019,1,1,1994,22,22,22,22,22,22,22,22,22,22
350020,1,1,1994,23,23,23,23,23,23,23,23,23,23
350021,1,1,1994,4,6,18,17,10,10,12,12,10,27
350021,2,1,1994,0,0,0,0,0,0,4,8,6,0
350022,1,1,1994,10,8,18,21,18,11,28,20,21,31
350023,1,1,1994,8,8,8,8,8,8,8,8,8,8
350024,1,1,1994,0,0,6,0,0,0,0,0,0,0
350024,2,1,1994,0,0,0,0,0,0,0,0,0,0
350025,0,1,1994,27,27,27,27,27,27,27,27,27,27
350025,1,1,1994,0,0,0,0,0,0,0,0,0,0
350026,0,1,1994,38,38,38,38,38,38,38,38,38,38
350026,1,1,1994,0,0,0,0,0,0,0,0,0,0
350027,0,1,1994,20,20,20,20,20,20,20,20,20,20
350027,1,1,1994,14,15,11,5,6,6,16,16,28,11
350028,1,1,1994,27,27,27,27,27,27,27,27,27,27
350029,1,1,1994,11,11,11,11,11,11,11,11,11,11
350030,0,1,1994,45,45,45,45,45,45,45,45,45,45
350030,1,1,1994,0,0,0,0,0,0,0,0,0,0
350031,0,1,1994,18,18,18,18,18,18,18,18,18,18
350031,1,1,1994,24,0,8,15,0,0,0,7,0,0
350032,1,1,1994,27,25,0,35,0,15,0,0,0,17
350033,1,1,1994,0,0,0,0,0,12,12,18,0,0
350034,1,1,1994,0,0,0,0,0,0,0,0,0,0
350035,1,1,1994,0,0,0,0,0,0,0,0,0,0
350036,1,1,1994,0,0,0,0,0,0,0,0,0,0
350036,2,1,1994,0,0,0,0,0,0,0,0,5,0
350037,1,1,1994,5,5,5,5,5,5,5,5,5,5
350038,1,1,1994,0,0,0,0,0,0,0,0,0,0
350039,1,1,1994,16,16,16,16,16,16,16,16,16,16
350039,2,1,1994,0,0,0,0,0,0,0,0,0,0
350040,1,1,1994,38,38,38,38,38,38,38,38,38,38
350040,2,1,1994,0,0,0,0,0,0,0,0,0,0
350041,0,1,1994,0,0,0,0,0,0,0,0,0,0
350041,1,1,1994,0,0,0,0,0,0,0,0,0,0
350042,1,1,1994,19,19,19,19,19,19,19,19,19,19
350043,1,1,1994,0,0,0,0,0,0,0,0,0,0
350044,1,1,1994,0,0,0,7,0,0,0,0,0,0
350044,2,1,1994,0,0,0,0,0,0,0,0,0,0
350044,3,1,1994,17,0,0,0,0,0,0,0,0,0
350045,0,1,1994,9,9,9,9,9,9,9,9,9,9
350045,1,1,1994,0,0,0,0,0,0,0,0,0,0
350046,0,1,1994,0,0,0,0,0,0,0,0,0,0
350046,0,2,1994,14,0,18,0,0,2,15,12,0,16
350046,0,3,1994,6,0,0,0,0,0,0,7,0,0
350046,1,1,1994,29,0,12,30,0,4,12,28,20,21
350047,1,1,1994,35,35,35,35,35,35,35,35,35,35
350048,1,1,1994,10,10,10,10,10,10,10,10,10,10
350049,1,1,1994,22,7,16,13,0,16,11,9,3,0
350050,1,1,1994,0,0,0,0,0,0,0,0,0,0
350050,2,1,1994,0,0,0,0,0,0,0,0,0,0
350051,1,1,1994,0,0,0,0,0,0,0,0,0,0
350052,1,1,1994,0,0,0,0,0,0,0,0,0,0
350053,1,1,1994,22,22,22,22,22,22,22,22,22,22
350054,1,1,1994,0,0,0,0,0,0,0,0,0,0
350055,0,1,1994,31,31,31,31,31,31,31,31,31,31
350055,1,1,1994,0,0,0,0,0,0,0,0,0,0
350057,1,1,1994,27,27,27,27,27,27,27,27,27,27
350057,2,1,1994,3,0,0,0,0,0,0,0,5,0
350058,1,1,1994,0,0,0,0,0,0,0,0,0,0
350059,1,1,1994,0,0,0,0,0,0,13,0,0,0
350060,1,1,1994,0,0,0,0,0,0,0,0,0,0
350061,1,1,1994,0,0,0,0,0,0,0,0,0,0
350061,2,1,1994,0,0,0,0,0,0,0,0,0,0
350062,0,1,1994,0,0,0,0,0,0,0,0,0,0
350062,0,2,1994,11,21,12,0,4,8,3,13,0,23
350062,1,1,1994,15,12,16,7,15,14,34,6,41,23
350063,1,1,1994,0,0,0,0,0,0,0,0,0,0
350064,0,1,1994,0,0,0,0,0,0,0,0,0,0
350064,1,1,1994,0,0,0,0,0,0,0,0,0,0
350065,1,1,1994,38,38,38,38,38,38,38,38,38,38
350066,1,1,1994,21,0,0,0,0,0,0,0,12,0
350066,2,1,1994,0,0,0,0,0,0,0,19,0,0
350066,3,1,1994,0,0,0,0,0,0,0,0,0,0
350066,4,1,1994,0,0,0,0,0,0,0,0,0,0
350067,0,1,1994,18,18,18,18,18,18,18,18,18,18
350067,1,1,1994,0,0,0,0,0,0,0,0,0,0
350068,1,1,1994,11,7,16,37,0,0,12,17,13,16
350069,0,1,1994,20,20,20,20,20,20,20,20,20,20
350069,1,1,1994,0,0,0,0,0,0,0,0,0,0
350070,1,1,1994,0,0,5,0,0,0,0,19,0,0
350071,1,1,1994,0,0,0,0,0,0,0,0,0,0
350072,1,1,1994,0,0,0,0,0,0,0,0,0,0
350073,1,1,1994,24,24,24,24,24,24,24,24,24,24
350074,1,1,1994,0,0,0,0,0,0,0,0,0,0
350075,1,1,1994,0,0,0,0,0,0,0,0,0,0
350075,2,1,1994,0,0,0,0,0,0,0,0,0,0
350076,1,1,1994,31,0,0,0,0,0,0,0,0,11
350077,1,1,1994,0,0,0,0,0,0,0,0,0,0
350077,2,1,1994,0,0,0,0,0,0,0,0,0,0
350078,1,1,1994,0,0,0,0,0,0,0,0,0,0
350078,2,1,1994,12,12,12,12,12,12,12,12,12,12
350079,1,1,1994,0,0,0,0,0,0,0,0,0,0
350080,1,1,1994,0,0,0,0,0,0,0,0,0,0
350081,1,1,1994,0,0,0,0,0,0,0,0,0,0
350081,2,1,1994,0,0,0,0,0,0,0,0,0,0
350082,1,1,1994,28,28,28,28,28,28,28,28,28,28
350083,0,1,1994,0,0,0,0,0,0,0,0,0,33
350083,1,1,1994,0,0,0,0,0,0,0,0,0,0
350084,1,1,1994,0,0,0,0,0,0,0,0,0,0
350084,2,1,1994,0,0,0,0,0,0,0,0,0,0
350085,1,1,1994,0,0,0,0,0,0,0,0,0,0
350085,2,1,1994,7,7,7,7,7,7,7,7,7,7
350085,3,1,1994,0,0,0,0,0,0,0,0,0,0
350086,1,1,1994,0,0,0,0,0,0,0,0,0,0
350087,1,1,1994,0,0,0,0,0,0,0,0,17,0
350088,1,1,1994,0,0,0,0,0,0,0,0,0,0
350089,0,1,1994,0,0,0,0,0,0,0,0,0,0
350089,1,1,1994,0,0,0,0,0,0,5,0,0,8
350090,1,1,1994,0,0,0,0,0,0,0,0,0,0
350090,2,1,1994,0,0,0,0,0,0,0,0,0,0
350091,1,1,1994,0,0,0,0,0,0,0,7,0,0
350092,0,1,1994,20,20,20,20,20,20,20,20,20,20
350092,1,1,1994,0,0,0,0,0,0,0,0,0,0
350093,1,1,1994,5,5,5,5,5,5,5,5,5,5
350094,1,1,1994,0,20,23,15,21,16,10,0,10,24
350094,2,1,1994,0,0,0,0,0,0,0,0,0,0
350095,1,1,1994,8,17,23,25,20,16,15,19,31,11
350096,1,1,1994,20,20,20,20,20,20,20,20,20,20
350097,1,1,1994,0,0,0,0,0,0,0,0,0,0
350098,0,1,1994,21,21,21,21,21,21,21,21,21,21
350098,1,1,1994,15,17,28,21,16,15,37,13,21,28
350099,1,1,1994,0,0,7,0,0,0,0,6,0,0
350099,2,1,1994,0,0,0,0,0,0,0,0,0,0
350100,1,1,1994,0,0,0,0,0,0,0,0,0,0
350100,2,1,1994,14,0,0,0,0,0,11,15,0,4
350101,1,1,1994,0,0,33,0,0,0,0,0,10,0
350102,0,1,1994,0,0,0,0,0,0,0,0,0,0
350102,1,1,1994,0,0,0,0,0,0,0,0,0,0
350103,1,1,1994,0,0,0,0,0,0,10,0,0,0
350104,1,1,1994,18,18,18,18,18,18,18,18,18,18
350105,1,1,1994,24,24,24,24,24,24,24,24,24,24
350105,2,1,1994,0,0,0,0,8,15,0,0,14,0
350106,1,1,1994,0,0,0,0,0,0,0,0,0,0
350107,1,1,1994,25,25,25,25,25,25,25,25,25,25
350108,1,1,1994,35,35,35,35,35,35,35,35,35,35
350108,2,1,1994,0,0,0,0,0,0,0,0,0,0
350109,0,1,1994,10,10,10,10,10,10,10,10,10,10
350109,1,1,1994,0,0,0,0,0,0,0,0,0,0
350110,0,1,1994,0,0,0,0,0,0,0,0,0,0
350110,0,2,1994,0,0,0,0,0,0,0,0,0,0
350110,1,1,1994,20,0,0,0,0,0,26,27,25,18
350111,1,1,1994,0,0,0,17,0,0,0,0,0,0
350112,1,1,1994,0,0,0,0,0,0,0,0,0,0
350113,1,1,1994,0,0,0,0,0,0,0,0,0,0
350114,0,1,1994,0,0,0,0,0,0,0,0,0,0
350114,1,1,1994,0,0,0,0,0,0,0,0,0,0
350115,0,1,1994,26,26,26,26,26,26,26,26,26,26
350115,1,1,1994,0,0,0,0,0,0,0,0,0,0
350116,1,1,1994,0,0,0,0,0,0,0,0,0,0
350116,2,1,1994,0,0,0,0,0,0,0,0,0,0
350117,1,1,1994,25,25,25,25,25,25,25,25,25,25
350118,1,1,1994,0,0,0,0,0,0,0,0,0,0
350119,1,1,1994,0,0,0,0,0,0,0,0,0,0
350119,2,1,1994,0,0,0,0,0,0,0,0,0,0
350120,1,1,1994,0,0,0,0,0,0,0,0,0,0
350120,2,1,1994,0,0,0,0,0,0,0,0,0,0
350121,1,1,1994,2,2,2,2,2,2,2,2,2,2
350122,1,1,1994,0,0,0,0,0,0,0,0,0,0
350122,2,1,1994,6,6,6,6,6,6,6,6,6,6
350123,0,1,1994,29,29,29,29,29,29,29,29,29,29
350123,1,1,1994,0,0,0,0,0,0,0,0,0,0
350124,1,1,1994,11,11,18,6,8,10,10,0,10,9
350124,2,1,1994,0,0,0,0,0,0,0,0,0,0
350125,0,1,1994,0,0,0,0,0,0,0,0,0,0
350125,1,1,1994,0,11,0,0,0,0,16,8,0,9
350125,2,1,1994,22,22,22,22,22,22,22,22,22,22
350125,3,1,1994,0,0,0,0,0,0,0,0,0,0
350126,1,1,1994,0,0,0,0,0,0,0,0,0,0
350126,2,1,1994,9,0,0,0,0,24,0,0,0,0
350127,0,1,1994,44,0,15,51,9,17,34,29,21,32
350127,1,1,1994,0,0,0,0,0,0,20,0,8,0
350128,1,1,1994,19,19,19,19,19,19,19,19,19,19
350129,1,1,1994,27,7,0,39,9,21,16,8,10,0
350130,1,1,1994,0,0,0,0,0,0,0,0,0,0
350130,2,1,1994,0,0,0,0,0,0,0,0,0,0
350131,1,1,1994,0,0,0,13,0,0,0,0,0,16
350132,1,1,1994,0,0,0,0,0,0,0,0,0,0
350132,2,1,1994,0,0,0,0,0,0,0,0,0,0
350132,3,1,1994,0,0,0,0,0,0,0,0,0,0
350133,1,1,1994,0,0,6,0,0,0,0,0,0,0
350134,0,1,1994,16,16,16,16,16,16,16,16,16,16
350134,1,1,1994,0,0,0,0,0,0,0,0,0,0
350135,1,1,1994,27,29,8,24,28,11,6,17,19,21
350135,2,1,1994,8,8,8,8,8,8,8,8,8,8
350136,1,1,1994,0,0,0,0,0,0,0,0,0,0
350136,2,1,1994,0,0,0,0,0,0,0,0,0,0
350136,3,1,1994,0,0,0,0,0,0,0,0,0,0
350137,1,1,1994,0,0,0,0,0,0,0,0,0,0
350137,2,1,1994,0,0,0,0,0,0,0,0,0,0
350138,1,1,1994,0,0,0,0,12,7,0,17,0,0
350139,1,1,1994,0,0,0,0,0,0,0,0,0,0
350140,1,1,1994,4,4,4,4,4,4,4,4,4,4
350141,0,1,1994,0,0,0,0,0,0,0,0,0,0
350141,0,2,1994,0,0,0,0,0,0,0,0,0,10
350141,1,1,1994,0,0,0,0,0,0,0,0,0,0
350142,1,1,1994,0,0,0,0,0,0,0,0,0,0
350142,2,1,1994,0,0,0,0,0,0,0,0,0,19
350143,0,1,1994,0,0,0,0,0,0,0,0,0,0
350143,1,1,1994,0,0,0,0,0,0,0,0,0,0
350143,2,1,1994,0,0,0,7,0,0,0,0,0,0
350144,1,1,1994,0,0,0,0,0,0,0,0,0,0
350144,2,1,1994,0,0,0,0,0,0,0,0,0,0
350145,1,1,1994,0,0,0,0,0,0,0,0,0,0
350145,2,1,1994,13,24,33,2,0,33,16,17,22,13
350146,1,1,1994,0,0,0,0,0,0,0,0,0,0
350147,1,1,1994,8,16,13,20,17,8,16,18,23,19
350148,1,2,1994,0,0,0,0,0,18,12,0,0,19
350149,0,1,1994,0,0,0,0,0,0,0,0,0,0
350149,0,2,1994,0,13,29,0,7,13,0,13,0,20
350149,1,1,1994,27,17,27,6,11,13,10,11,5,13
350149,2,1,1994,0,0,0,6,0,0,7,0,9,11
350150,0,1,1994,0,0,0,0,0,0,0,0,0,0
350150,1,1,1994,0,0,0,0,0,0,0,0,0,0
350151,1,1,1994,15,5,9,0,0,20,4,0,18,6
350152,1,1,1994,0,0,0,0,0,0,0,0,0,0
350153,1,1,1994,21,21,21,21,21,21,21,21,21,21
350154,1,1,1994,11,18,13,25,29,26,31,13,17,20
350155,1,1,1994,15,0,0,0,0,0,0,0,0,0
350155,2,1,1994,0,0,0,0,0,0,0,0,0,0
350156,0,1,1994,25,25,25,25,25,25,25,25,25,25
350156,1,1,1994,0,0,0,0,0,12,0,0,0,0
350157,0,1,1994,0,0,0,0,0,0,0,0,0,0
350157,1,1,1994,0,0,0,0,0,7,0,11,23,0
350158,1,1,1994,0,0,0,0,0,0,0,0,0,0
350159,1,1,1994,0,0,0,0,0,0,0,10,0,0
350160,1,1,1994,0,0,0,0,0,0,0,0,0,0
350161,1,1,1994,24,24,24,24,24,24,24,24,24,24
350162,1,1,1994,8,8,8,8,8,8,8,8,8,8
350163,1,1,1994,11,11,11,11,11,11,11,11,11,11
350164,0,1,1994,0,0,0,0,0,0,0,0,0,0
350164,1,1,1994,17,17,17,17,17,17,17,17,17,17
350165,1,1,1994,0,0,0,0,0,0,0,0,0,0
350165,2,1,1994,24,24,24,24,24,24,24,24,24,24
350166,1,1,1994,29,29,29,29,29,29,29,29,29,29
350167,1,1,1994,0,0,0,0,0,0,0,8,0,0
350167,2,1,1994,23,19,31,14,20,15,21,16,27,16
350168,1,1,1994,0,0,0,0,0,0,0,0,0,0
350169,1,1,1994,19,19,19,19,19,19,19,19,19,19
350170,1,1,1994,0,0,0,0,0,0,0,0,0,0
350171,1,1,1994,25,25,25,25,25,25,25,25,25,25
350172,1,1,1994,9,0,0,9,6,0,0,0,0,0
350173,1,1,1994,19,19,19,19,19,19,19,19,19,19
350173,2,1,1994,0,0,0,0,0,0,0,0,0,0
350174,0,1,1994,0,0,0,0,0,0,0,0,0,0
350174,1,1,1994,16,16,16,16,16,16,16,16,16,16
350175,1,1,1994,24,24,24,24,24,24,24,24,24,24
350175,2,1,1994,0,0,0,0,0,0,0,0,0,0
350176,1,1,1994,10,10,10,10,10,10,10,10,10,10
350177,1,1,1994,0,0,0,0,0,0,0,0,0,0
350177,2,1,1994,20,7,0,22,0,0,0,0,0,0
350178,1,1,1994,20,20,20,20,20,20,20,20,20,20
350179,0,1,1994,28,28,28,28,28,28,28,28,28,28
350179,1,1,1994,0,0,0,0,0,0,0,0,0,0
350180,1,1,1994,32,32,32,32,32,32,32,32,32,32
350181,1,1,1994,17,17,17,17,17,17,17,17,17,17
350182,1,1,1994,0,0,0,0,0,0,0,0,0,0
350183,1,1,1994,0,0,7,0,0,0,0,0,0,0
350184,0,1,1994,0,0,0,0,0,0,0,0,0,0
350184,1,1,1994,0,0,0,0,0,0,0,0,0,0
350185,1,1,1994,40,40,40,40,40,40,40,40,40,40
350186,1,1,1994,20,20,20,20,20,20,20,20,20,20
350187,1,1,1994,20,20,20,20,20,20,20,20,20,20
350187,2,1,1994,9,0,0,11,0,0,0,0,0,0
350188,1,1,1994,13,13,13,13,13,13,13,13,13,13
350189,1,1,1994,26,26,26,26,26,26,26,26,26,26
350190,1,1,1994,0,0,0,0,0,0,0,0,0,0
350191,1,1,1994,0,0,0,0,0,0,0,0,0,0
350192,1,1,1994,0,3,32,15,0,6,9,9,5,20
350192,2,1,1994,0,0,0,0,0,0,0,0,0,0
350192,3,1,1994,0,0,0,0,0,0,0,0,0,0
350193,1,1,1994,6,6,6,6,6,6,6,6,6,6
350193,2,1,1994,0,0,0,0,0,0,0,0,0,0
350195,1,1,1994,26,26,26,26,26,26,26,26,26,26
350196,0,1,1994,8,8,8,8,8,8,8,8,8,8
350196,1,1,1994,0,0,0,0,0,0,0,0,0,0
350197,1,1,1994,15,15,9,0,15,13,10,8,29,0
350198,1,1,1994,4,9,11,0,0,0,32,0,31,5
350199,0,1,1994,22,22,22,22,22,22,22,22,22,22
350199,1,1,1994,0,0,0,0,0,0,0,11,14,0
350200,1,1,1994,0,0,0,0,0,0,0,0,0,0
350200,2,1,1994,31,31,31,31,31,31,31,31,31,31
350201,1,1,1994,18,18,18,18,18,18,18,18,18,18
350201,2,1,1994,0,0,0,0,0,0,0,0,0,0
350202,1,1,1994,20,20,20,20,20,20,20,20,20,20
350202,2,1,1994,0,0,0,13,0,0,0,0,0,0
350203,1,1,1994,0,0,0,0,0,0,0,0,0,0
350204,1,1,1994,0,0,0,0,0,0,0,0,0,0
350205,1,1,1994,0,0,0,0,0,0,0,0,0,0
350206,1,1,1994,18,0,19,8,12,17,9,0,8,6
350207,1,1,1994,12,12,12,12,12,12,12,12,12,12
350208,0,1,1994,1,1,1,1,1,1,1,1,1,1
350208,1,1,1994,0,0,0,0,0,0,0,0,0,0
350209,1,1,1994,15,15,15,15,15,15,15,15,15,15
350210,1,1,1994,6,6,6,6,6,6,6,6,6,6
350211,0,1,1994,14,14,14,14,14,14,14,14,14,14
350211,1,1,1994,0,0,0,0,0,0,0,0,0,0
350211,2,1,1994,0,0,0,0,0,0,0,0,0,0
350212,1,1,1994,16,16,16,16,16,16,16,16,16,16
350212,2,1,1994,0,5,0,0,0,0,0,0,0,0
350213,1,1,1994,0,0,0,0,0,0,0,0,0,14
350213,2,1,1994,0,0,0,0,0,0,0,0,0,0
350213,3,1,1994,0,0,0,0,0,0,0,0,0,0
350214,0,1,1994,1,1,1,1,1,1,1,1,1,1
350214,1,1,1994,0,0,0,0,0,0,0,0,0,0
350215,1,1,1994,0,7,22,35,19,4,25,18,7,11
350215,2,1,1994,0,0,0,0,0,0,0,0,0,0
350216,1,1,1994,29,29,29,29,29,29,29,29,29,29
350217,1,1,1994,28,28,28,28,28,28,28,28,28,28
350218,1,1,1994,13,13,13,13,13,13,13,13,13,13
350219,1,1,1994,23,23,23,23,23,23,23,23,23,23
350219,2,1,1994,0,0,0,33,9,0,5,0,5,0
350220,1,1,1994,23,23,23,23,23,23,23,23,23,23
350221,1,1,1994,23,23,23,23,23,23,23,23,23,23
350222,1,1,1994,0,0,0,0,0,0,0,0,0,0
350223,0,1,1994,0,0,0,0,0,0,0,0,0,0
350223,1,1,1994,0,0,0,0,0,0,0,0,0,0
350224,1,1,1994,0,0,0,0,0,0,0,0,0,0
350224,2,1,1994,0,0,0,0,0,0,0,0,0,0
350225,1,1,1994,34,34,34,34,34,34,34,34,34,34
350226,1,1,1994,0,0,0,0,0,0,0,0,0,0
350227,1,1,1994,21,0,0,9,11,7,0,0,0,21
350228,1,1,1994,0,0,0,7,0,0,0,0,0,0
350229,1,1,1994,0,0,0,0,0,0,0,0,0,0
350229,2,1,1994,0,0,0,0,0,0,0,0,0,0
350230,0,1,1994,0,0,0,0,0,0,0,0,0,0
350230,1,1,1994,0,0,0,0,0,0,0,0,0,0
350231,1,1,1994,0,0,0,0,0,0,0,0,0,0
350232,0,1,1994,0,0,0,0,0,0,0,0,0,0
350232,1,1,1994,25,25,25,25,25,25,25,25,25,25
350233,1,1,1994,0,0,0,0,0,0,0,0,0,0
350234,0,1,1994,0,0,0,0,0,0,0,0,0,0
350234,1,1,1994,0,0,0,0,11,0,13,0,0,17
350235,1,1,1994,23,24,21,29,5,8,16,11,12,20
350235,2,1,1994,0,3,0,0,0,0,0,0,0,0
350236,1,1,1994,13,13,13,13,13,13,13,13,13,13
350237,1,1,1994,0,0,0,0,0,0,0,0,0,0
350238,1,1,1994,0,0,0,0,0,0,0,0,0,0
350238,2,1,1994,0,0,0,0,0,0,0,0,0,0