ST_CASE,VEH_NO,PER_NO,YEAR,P1,P2,P3,P4,P5,P6,P7,P8,P9,P10
350239,1,1,1994,0,0,0,0,0,0,0,0,0,0
350239,2,1,1994,0,0,0,0,0,0,0,0,0,0
350240,1,1,1994,0,0,0,0,0,0,0,0,0,0
350240,2,1,1994,0,0,0,0,0,0,0,0,0,0
350241,1,1,1994,9,9,9,9,9,9,9,9,9,9
350242,1,1,1994,12,0,8,7,2,6,2,13,9,18
350242,2,1,1994,5,25,6,17,24,14,9,22,28,20
350243,1,1,1994,0,0,0,0,0,0,0,0,0,0
350244,1,1,1994,0,0,0,0,0,0,0,0,0,0
350245,1,1,1994,0,0,0,0,0,0,0,0,0,0
350245,2,1,1994,16,16,16,16,16,16,16,16,16,16
350246,1,1,1994,0,0,0,0,0,0,0,0,0,0
350247,1,1,1994,34,34,34,34,34,34,34,34,34,34
350247,2,1,1994,0,0,0,0,0,0,0,0,0,0
350247,3,1,1994,0,0,0,9,0,0,0,0,0,0
350248,1,1,1994,0,0,0,0,0,0,0,0,0,0
350248,2,1,1994,0,0,0,0,0,0,0,0,0,0
350249,1,1,1994,18,0,30,37,13,22,27,22,17,34
350250,1,1,1994,0,0,0,0,0,0,0,0,0,0
350250,2,1,1994,0,0,0,0,0,0,0,0,0,0
350251,1,1,1994,0,0,0,0,0,0,0,0,0,0
350251,2,1,1994,0,0,0,0,0,0,0,0,3,0
350252,1,1,1994,0,0,0,0,0,0,0,0,0,0
350253,1,1,1994,0,0,0,0,0,0,0,0,0,0
350253,2,1,1994,0,0,0,0,0,0,0,0,0,0
350254,1,1,1994,0,0,0,0,0,0,0,0,0,0
350255,1,1,1994,0,0,15,0,0,0,0,0,18,13
350256,1,1,1994,0,0,0,0,0,0,0,0,0,0
350257,1,1,1994,0,0,0,0,0,0,0,0,0,0
350257,2,1,1994,0,0,0,0,0,0,0,0,0,0
350257,3,1,1994,0,0,0,0,0,0,0,0,0,0
350258,1,2,1994,35,0,9,0,0,18,0,0,7,8
350259,0,1,1994,6,6,6,6,6,6,6,6,6,6
350259,0,2,1994,41,8,0,0,8,17,0,29,19,11
350259,0,3,1994,26,18,36,0,0,0,25,8,0,5
350259,0,4,1994,0,0,12,0,32,0,0,0,22,0
350259,0,5,1994,17,0,0,34,8,0,0,18,0,0
350259,0,6,1994,16,14,23,0,22,35,36,0,0,36
350259,0,7,1994,11,0,26,18,16,6,13,23,6,30
350259,0,8,1994,0,0,9,0,0,6,0,0,0,19
350259,1,1,1994,12,12,12,12,12,12,12,12,12,12
350260,0,1,1994,26,26,26,26,26,26,26,26,26,26
350260,1,1,1994,22,22,22,22,22,22,22,22,22,22
350261,1,1,1994,0,0,0,0,0,0,0,0,0,0
350261,2,1,1994,0,0,0,0,9,0,0,0,16,0
350262,1,1,1994,0,0,0,0,0,0,0,0,0,0
350262,2,1,1994,0,0,0,0,0,0,0,0,0,0
350263,1,1,1994,0,0,0,0,0,0,0,0,0,0
350263,2,1,1994,0,0,0,0,0,0,0,0,0,0
350264,1,1,1994,28,28,28,28,28,28,28,28,28,28
350265,1,1,1994,0,0,0,0,0,0,0,0,0,0
350266,1,1,1994,0,0,0,0,0,0,0,0,0,0
350266,2,1,1994,24,24,24,24,24,24,24,24,24,24
350267,1,1,1994,17,8,25,19,11,24,12,23,14,21
350268,1,1,1994,31,35,6,23,16,31,15,22,8,9
350269,1,1,1994,24,24,24,24,24,24,24,24,24,24
350270,1,1,1994,0,0,0,0,0,0,0,0,0,0
350270,2,1,1994,22,22,22,22,22,22,22,22,22,22
350271,0,1,1994,0,0,0,0,0,0,0,0,0,0
350271,1,1,1994,0,0,0,0,0,0,0,0,0,0
350271,2,1,1994,0,0,0,0,0,0,0,0,0,0
350272,1,1,1994,0,0,0,0,0,0,0,0,0,0
350273,1,1,1994,0,0,0,0,0,0,0,0,0,0
350273,2,1,1994,0,0,0,0,0,0,0,0,0,0
350274,1,1,1994,0,0,0,0,0,0,0,0,0,0
350274,2,1,1994,5,0,0,0,0,0,0,0,0,0
350275,1,1,1994,16,16,16,16,16,16,16,16,16,16
350276,0,1,1994,17,17,17,17,17,17,17,17,17,17
350276,1,1,1994,0,0,0,0,0,0,0,0,0,0
350277,1,1,1994,0,0,0,0,0,0,0,0,0,0
350278,1,1,1994,10,10,10,10,10,10,10,10,10,10
350280,0,1,1994,25,25,25,25,25,25,25,25,25,25
350280,1,1,1994,0,9,0,0,0,16,0,0,16,12
350281,1,1,1994,13,13,13,13,13,13,13,13,13,13
350281,2,1,1994,0,0,0,0,0,0,0,0,0,0
350281,3,1,1994,0,0,0,0,0,0,0,0,0,0
350282,1,1,1994,0,0,0,0,0,0,0,0,0,0
350282,2,1,1994,28,8,0,0,18,0,16,0,0,0
350283,0,1,1994,7,7,7,7,7,7,7,7,7,7
350283,1,1,1994,0,0,0,0,0,0,0,0,0,0
350283,2,1,1994,0,0,0,0,0,0,0,0,0,0
350283,3,1,1994,12,0,0,0,0,0,0,0,0,0
350283,4,1,1994,0,8,0,0,0,0,0,0,0,0
350284,1,1,1994,6,6,6,6,6,6,6,6,6,6
350285,1,1,1994,1,1,1,1,1,1,1,1,1,1
350286,0,1,1994,2,2,2,2,2,2,2,2,2,2
350286,1,1,1994,0,0,0,0,0,0,0,0,0,0
350287,1,1,1994,0,0,0,0,0,0,0,0,0,0
350288,1,1,1994,0,0,0,0,0,0,0,15,0,0
350288,2,1,1994,0,0,0,0,0,0,0,0,0,0
350289,1,1,1994,0,0,0,0,0,0,0,0,0,0
350289,2,1,1994,0,0,0,0,0,0,0,0,0,0
350290,1,1,1994,21,22,14,25,9,11,7,12,7,20
350290,2,1,1994,0,0,0,0,0,0,0,0,0,0
350291,1,1,1994,0,0,0,0,0,0,0,0,0,0
350291,2,1,1994,18,18,18,18,18,18,18,18,18,18
350292,1,1,1994,13,6,17,12,10,2,5,11,24,24
350293,1,1,1994,0,0,0,0,0,0,0,0,0,0
350294,1,1,1994,0,0,18,0,0,10,0,0,0,0
350294,2,1,1994,5,5,5,5,5,5,5,5,5,5
350295,1,1,1994,32,32,32,32,32,32,32,32,32,32
350296,1,1,1994,0,0,0,0,0,0,0,0,0,0
350297,1,1,1994,0,0,0,0,0,0,0,0,0,0
350298,1,1,1994,33,33,33,33,33,33,33,33,33,33
350299,1,1,1994,10,0,17,13,23,16,10,23,15,16
350300,1,1,1994,0,0,0,0,0,0,0,0,0,0
350300,2,1,1994,0,0,0,0,0,0,0,0,0,0
350301,1,1,1994,0,0,0,0,0,0,0,0,0,0
350302,1,1,1994,0,0,0,0,0,0,0,0,0,0
350302,2,1,1994,0,0,0,0,0,0,0,0,0,0
350303,0,1,1994,0,0,0,0,0,0,0,0,0,0
350303,1,1,1994,0,0,0,0,0,0,13,0,0,0
350304,0,1,1994,28,28,28,28,28,28,28,28,28,28
350304,1,1,1994,0,0,0,0,0,0,0,0,0,0
350305,1,1,1994,0,0,0,0,0,0,0,0,0,0
350305,2,1,1994,0,0,0,0,0,0,0,0,0,0
350306,1,1,1994,0,0,0,0,0,0,0,0,0,0
350307,0,1,1994,22,22,22,22,22,22,22,22,22,22
350307,1,1,1994,0,0,0,0,0,0,0,0,0,0
350308,0,1,1994,19,19,19,19,19,19,19,19,19,19
350308,1,1,1994,0,0,0,0,0,0,0,0,0,0
350308,2,1,1994,0,0,0,0,0,0,0,0,0,0
350309,0,1,1994,0,0,0,0,0,0,0,0,0,0
350309,1,1,1994,0,0,0,7,15,16,0,10,0,0
350310,1,1,1994,21,21,21,21,21,21,21,21,21,21
350310,2,1,1994,0,0,0,0,0,0,0,0,0,0
350311,1,1,1994,0,0,18,0,7,0,0,0,6,0
350311,2,1,1994,0,0,0,0,0,0,0,0,0,0
350312,1,1,1994,36,15,17,16,3,27,9,22,27,31
350313,0,1,1994,28,28,28,28,28,28,28,28,28,28
350313,0,2,1994,39,18,0,24,16,38,31,0,12,6
350313,1,1,1994,0,0,0,0,0,14,0,0,0,0
350314,1,1,1994,0,0,0,0,0,0,0,0,0,0
350315,0,1,1994,17,17,17,17,17,17,17,17,17,17
350315,1,1,1994,0,0,0,0,0,0,16,0,0,0
350315,2,1,1994,0,0,0,0,0,0,0,0,0,0
350316,0,1,1994,31,31,31,31,31,31,31,31,31,31
350316,1,1,1994,0,26,0,0,19,0,0,0,15,50
350317,0,1,1994,28,28,28,28,28,28,28,28,28,28
350317,1,1,1994,0,0,0,0,0,0,0,0,0,0
350318,1,1,1994,0,0,0,0,0,0,0,0,0,0
350318,2,1,1994,0,0,0,0,0,0,0,0,0,0
350319,1,1,1994,0,0,0,0,0,0,0,0,0,0
350319,2,1,1994,0,0,0,0,0,0,0,0,0,0
350319,3,1,1994,12,12,12,12,12,12,12,12,12,12
350320,1,1,1994,23,13,28,8,17,53,20,14,13,32
350320,2,1,1994,0,0,0,0,0,0,0,0,0,0
350321,1,1,1994,0,23,0,0,0,25,0,0,0,10
350321,2,1,1994,0,13,0,0,0,0,0,0,0,0
350322,1,1,1994,0,0,0,0,0,0,0,0,0,0
350322,2,1,1994,0,0,0,0,0,0,0,0,0,0
350322,3,1,1994,0,0,0,0,0,0,0,0,0,0
350323,1,1,1994,16,13,23,16,22,19,0,0,13,17
350324,1,1,1994,0,12,6,13,0,3,8,8,5,13
350324,2,1,1994,0,9,13,8,15,7,23,26,7,6
350325,1,1,1994,0,0,0,0,0,0,0,0,0,0
350326,1,1,1994,23,23,23,23,23,23,23,23,23,23
350327,1,1,1994,0,0,0,0,0,0,0,0,0,0
350327,2,1,1994,0,0,0,0,0,0,0,0,0,0
350328,1,1,1994,0,0,0,0,0,0,0,0,0,0
350328,2,1,1994,0,0,0,0,0,0,0,0,0,0
350329,1,1,1994,0,0,0,0,0,0,0,0,0,0
350330,1,1,1994,24,24,24,24,24,24,24,24,24,24
350331,1,1,1994,0,0,0,0,0,0,0,0,0,0
350332,1,1,1994,32,32,32,32,32,32,32,32,32,32
350332,2,1,1994,0,0,0,0,0,0,0,0,0,0
350333,0,1,1994,30,30,30,30,30,30,30,30,30,30
350333,1,1,1994,14,31,31,19,9,24,39,25,15,13
350334,1,1,1994,24,24,24,24,24,24,24,24,24,24
350335,1,1,1994,0,0,0,0,0,0,0,0,0,0
350335,2,1,1994,0,0,0,0,0,0,0,0,0,0
350335,3,1,1994,0,0,0,0,0,0,0,0,0,0
350336,0,1,1994,34,34,34,34,34,34,34,34,34,34
350336,1,1,1994,0,0,0,0,0,0,0,0,16,0
350337,1,1,1994,0,0,0,0,0,0,0,0,0,0
350338,1,1,1994,0,0,0,0,0,0,0,0,0,0
350338,2,1,1994,0,0,0,0,0,0,0,0,0,0
350339,1,1,1994,5,5,5,5,5,5,5,5,5,5
350340,1,1,1994,20,20,20,20,20,20,20,20,20,20
350341,1,1,1994,22,13,35,16,14,32,19,28,17,26
350342,1,1,1994,0,0,0,0,0,0,0,0,0,0
350342,2,1,1994,0,0,0,0,0,0,0,0,0,0
350343,1,1,1994,13,13,13,13,13,13,13,13,13,13
350344,0,1,1994,0,0,0,0,0,0,0,0,0,0
350344,1,1,1994,0,0,0,0,0,0,0,0,0,0
350345,1,1,1994,0,0,0,0,0,0,0,0,0,0
350345,2,1,1994,19,0,0,8,25,4,0,16,0,0
350346,1,1,1994,22,22,22,22,22,22,22,22,22,22
350347,1,1,1994,20,20,20,20,20,20,20,20,20,20
350348,1,1,1994,17,14,13,5,21,16,21,22,12,12
350349,1,1,1994,27,27,27,27,27,27,27,27,27,27
350350,1,1,1994,24,31,13,6,17,12,2,13,20,20
350350,2,1,1994,19,2,4,32,0,0,0,29,4,12
350351,1,1,1994,21,21,21,21,21,21,21,21,21,21
350352,1,1,1994,0,0,0,6,0,0,0,5,0,16
350352,2,1,1994,11,11,11,11,11,11,11,11,11,11
350352,3,1,1994,0,0,0,0,0,0,0,0,0,0
350353,1,1,1994,0,13,5,26,4,6,12,17,22,0
350353,2,1,1994,0,0,0,0,0,0,0,0,0,0
350353,3,1,1994,0,0,0,0,0,0,0,0,0,0
350353,4,1,1994,0,0,0,0,0,0,0,0,0,0
350354,1,1,1994,15,23,19,9,0,16,31,8,16,19
350354,2,1,1994,0,0,0,0,0,17,0,0,0,0
350355,1,1,1994,0,0,0,0,0,0,0,0,0,0
350355,2,1,1994,0,0,0,0,0,0,0,0,0,0
350356,0,1,1994,0,0,0,0,0,0,0,0,0,0
350356,1,1,1994,6,12,18,17,27,9,18,7,21,7
350357,0,1,1994,21,21,21,21,21,21,21,21,21,21
350357,1,1,1994,10,10,10,10,10,10,10,10,10,10
350358,0,1,1994,0,0,0,0,0,0,0,0,0,0
350358,1,1,1994,0,0,0,0,0,0,0,0,0,0
350359,1,1,1994,8,26,11,11,21,31,18,17,9,21
350359,2,1,1994,3,3,3,3,3,3,3,3,3,3
350360,1,1,1994,0,0,0,0,0,0,0,0,0,0
350361,0,1,1994,19,19,19,19,19,19,19,19,19,19
350361,1,1,1994,0,0,0,0,0,0,0,0,0,0
350362,1,1,1994,9,0,0,17,0,0,0,7,0,0
350362,2,1,1994,24,24,24,24,24,24,24,24,24,24
350363,1,1,1994,0,0,0,0,0,0,0,0,0,0
350364,1,1,1994,0,0,0,0,0,0,0,0,0,0
350365,0,1,1994,28,28,28,28,28,28,28,28,28,28
350365,1,1,1994,0,0,0,0,0,0,0,0,0,0
350366,1,1,1994,10,10,10,10,10,10,10,10,10,10
350366,2,1,1994,0,0,0,16,0,0,0,0,0,0
350367,1,1,1994,0,0,0,0,0,0,0,0,0,0
350367,2,1,1994,0,0,0,0,0,0,0,0,0,0
350367,3,1,1994,0,0,0,0,0,0,0,0,0,0
350368,1,1,1994,0,0,0,0,0,0,0,0,0,0
350368,2,1,1994,1,1,1,1,1,1,1,1,1,1
350369,0,1,1994,33,33,33,33,33,33,33,33,33,33
350369,1,1,1994,0,0,0,0,0,0,0,13,0,0
350370,1,1,1994,0,0,0,0,0,0,0,0,0,0
350371,1,1,1994,13,13,13,13,13,13,13,13,13,13
350372,1,1,1994,0,0,0,0,0,0,0,0,0,0
350373,0,1,1994,28,28,28,28,28,28,28,28,28,28
350373,1,1,1994,0,0,0,0,0,0,0,0,0,0
350374,1,1,1994,23,23,23,23,23,23,23,23,23,23
350375,0,1,1994,14,14,14,14,14,14,14,14,14,14
350375,0,2,1994,24,24,24,24,24,24,24,24,24,24
350375,0,3,1994,47,32,11,8,25,33,19,0,38,0
350375,1,1,1994,0,0,0,0,0,0,0,0,0,0
350376,0,1,1994,0,0,0,0,0,0,0,0,0,0
350376,1,1,1994,0,0,18,0,0,0,0,0,0,0
350377,1,1,1994,0,0,0,0,0,0,0,0,0,0
350377,2,1,1994,0,0,0,0,0,0,0,0,0,0
350378,1,1,1994,0,0,0,0,0,0,0,0,0,0
350379,1,1,1994,0,0,0,0,0,0,0,0,0,0
350380,0,1,1994,29,29,29,29,29,29,29,29,29,29
350380,1,1,1994,0,0,0,0,0,0,0,0,0,0
350381,1,1,1994,0,0,0,0,0,0,0,0,0,0
350382,1,1,1994,21,15,15,19,0,23,23,7,13,0
350383,1,1,1994,2,2,2,2,2,2,2,2,2,2
350384,1,1,1994,0,0,0,0,0,0,0,0,0,0
350385,1,1,1994,0,0,0,0,0,0,0,0,0,0
350385,2,1,1994,0,0,0,0,0,0,0,0,0,0
350386,1,1,1994,0,0,0,0,0,0,0,0,0,0
350387,0,1,1994,2,2,2,2,2,2,2,2,2,2
350387,1,1,1994,2,0,0,0,0,0,0,0,0,17
350388,1,1,1994,0,0,0,0,0,0,0,0,0,0
350388,2,1,1994,0,0,0,0,0,0,0,0,0,0
350389,1,1,1994,0,0,0,0,0,0,0,0,0,0
350389,2,1,1994,0,0,0,0,0,0,0,0,0,0
350390,1,1,1994,21,21,21,21,21,21,21,21,21,21
350391,0,1,1994,0,0,0,0,0,0,0,0,0,0
350391,0,2,1994,0,0,0,0,0,0,0,0,0,0
350391,1,1,1994,0,0,0,0,0,0,0,0,0,0
360001,1,1,1994,0,0,21,0,0,0,0,0,0,0
360001,2,1,1994,0,0,0,0,0,0,0,0,0,0
360002,1,1,1994,0,0,0,0,0,0,0,0,0,0
360003,1,1,1994,0,0,0,0,0,0,0,0,0,0
360003,2,1,1994,0,0,0,0,0,0,0,0,0,0
360004,1,1,1994,0,0,0,0,0,0,0,0,0,0
360004,2,1,1994,0,0,0,0,0,0,0,0,0,0
360005,0,1,1994,0,0,0,0,0,0,0,0,0,0
360005,1,1,1994,0,0,0,0,0,0,0,0,0,0
360005,2,1,1994,0,0,0,0,0,0,0,0,0,0
360006,1,1,1994,0,0,0,0,0,0,0,0,0,0
360006,2,1,1994,25,25,25,25,25,25,25,25,25,25
360007,1,1,1994,0,0,0,0,0,7,0,0,0,0
360007,2,1,1994,0,0,0,0,0,0,0,0,0,0
360008,1,1,1994,0,0,0,0,0,5,0,0,0,0
360008,2,1,1994,0,0,0,0,0,0,0,0,0,0
360009,1,1,1994,0,0,0,0,7,0,0,0,0,0
360009,2,1,1994,0,0,0,0,0,0,0,0,0,0
360010,1,1,1994,0,0,0,0,0,17,0,0,0,0
360010,2,1,1994,0,0,0,0,0,0,0,0,0,0
360011,1,1,1994,0,0,0,0,0,0,0,0,0,0
360011,2,1,1994,0,0,0,0,0,0,0,0,0,0
360012,1,1,1994,0,0,0,0,0,0,0,0,0,0
360012,2,1,1994,0,0,0,0,0,0,7,0,0,0
360013,1,1,1994,0,0,0,0,0,0,0,0,0,0
360014,1,1,1994,16,16,16,16,16,16,16,16,16,16
360015,1,1,1994,8,0,13,3,0,22,0,8,11,11
360015,2,1,1994,0,0,0,0,0,0,0,0,0,0
360016,1,1,1994,0,0,0,0,0,0,0,0,0,0
360016,2,1,1994,0,0,0,0,0,0,0,0,0,0
360017,1,1,1994,0,0,0,0,0,0,0,0,0,0
360017,2,1,1994,0,0,0,0,0,0,0,0,0,0
360017,3,1,1994,0,0,0,0,0,0,0,0,0,0
360018,1,1,1994,0,0,0,0,0,0,0,0,0,0
360018,2,1,1994,0,0,0,0,0,0,0,0,0,0
360019,1,1,1994,0,0,0,0,0,0,0,0,0,0
360019,2,1,1994,0,0,0,0,0,0,0,0,0,0
360020,1,1,1994,0,0,0,0,0,0,0,0,0,0
360021,1,1,1994,0,0,0,0,0,0,0,0,19,0
360021,2,1,1994,0,0,0,0,0,0,0,0,0,0
360022,1,1,1994,0,0,0,0,0,0,0,0,0,0
360023,1,1,1994,0,0,0,0,0,0,0,0,0,0
360023,2,1,1994,9,9,9,9,9,9,9,9,9,9
360024,1,1,1994,0,0,0,0,0,0,0,0,0,0
360024,2,1,1994,0,0,0,0,0,0,0,0,0,0
360025,1,1,1994,0,0,0,0,0,0,0,0,0,0
360026,1,1,1994,5,20,11,24,15,26,16,7,6,19
360026,2,1,1994,0,0,0,0,0,0,0,0,0,0
360027,1,1,1994,5,5,5,5,5,5,5,5,5,5
360027,2,1,1994,0,0,0,0,0,0,0,0,0,0
360028,1,1,1994,0,0,0,0,0,0,0,0,0,0
360028,2,1,1994,0,0,0,0,0,0,0,0,0,0
360028,3,1,1994,0,0,18,0,0,0,0,0,0,0
360029,1,1,1994,0,0,0,0,0,0,0,0,0,0
360029,2,1,1994,18,15,0,3,0,0,0,0,0,0
360030,1,1,1994,0,0,0,0,0,0,0,0,0,0
360030,2,1,1994,0,0,0,0,0,0,0,0,0,0
360030,3,1,1994,0,0,0,0,0,0,0,0,0,0
360031,1,1,1994,0,0,0,0,0,0,0,0,0,0
360031,2,1,1994,0,0,0,0,0,0,0,0,0,0
360032,1,1,1994,0,0,0,0,0,0,0,0,0,0
360032,2,1,1994,0,0,0,0,0,0,0,0,0,0
360033,1,1,1994,0,0,0,0,0,0,0,0,0,0
360033,2,1,1994,0,2,0,0,0,0,0,0,10,0
360034,1,1,1994,10,0,0,8,0,0,0,0,0,0
360034,2,1,1994,0,0,0,15,0,0,0,0,0,0
360034,3,1,1994,0,0,0,0,0,0,0,3,0,0
360035,1,1,1994,0,0,0,0,0,0,0,0,0,0
360035,2,1,1994,0,0,0,0,14,0,0,9,0,0
360035,3,1,1994,0,12,0,0,0,7,20,0,33,0
360036,1,1,1994,0,0,0,0,0,0,0,0,0,0
360036,2,1,1994,0,0,0,0,0,0,0,0,0,0
360037,1,1,1994,0,0,0,0,0,0,0,0,0,0
360037,2,1,1994,0,0,0,0,0,0,0,0,0,0
360038,1,1,1994,0,0,0,0,0,0,0,0,0,0
360038,2,1,1994,0,0,0,0,0,0,0,0,0,0
360039,1,1,1994,7,7,7,7,7,7,7,7,7,7
360040,1,1,1994,0,0,0,0,0,0,0,0,0,0
360040,2,1,1994,0,0,0,0,0,0,10,0,0,0
360041,1,1,1994,0,20,2,0,0,12,0,0,0,0
360041,2,1,1994,0,0,0,0,0,7,0,0,0,0
360042,1,1,1994,0,0,0,0,0,0,0,0,0,0
360042,2,1,1994,0,0,0,0,0,0,0,0,0,0
360043,1,1,1994,0,0,0,0,0,0,0,0,0,0
360043,2,1,1994,0,0,0,0,0,0,0,0,0,0
360044,1,1,1994,0,0,0,0,0,0,0,0,0,0
360044,2,1,1994,0,0,0,0,0,0,0,0,0,0
360045,1,1,1994,0,0,0,34,0,0,0,0,11,13
360046,1,1,1994,14,0,14,4,7,14,11,9,26,14
360047,1,1,1994,0,0,0,0,7,0,0,0,0,0
360047,2,1,1994,0,0,12,0,0,0,0,0,0,0
360048,1,1,1994,0,0,0,0,0,0,0,0,0,0
360048,2,1,1994,0,0,0,0,0,0,0,0,0,0
360049,1,1,1994,0,0,0,0,0,0,0,0,0,0
360049,2,1,1994,0,0,0,0,0,0,0,0,0,0
360050,1,1,1994,0,0,0,0,0,0,0,0,0,0
360051,1,1,1994,19,19,19,19,19,19,19,19,19,19
360052,1,1,1994,0,0,0,0,0,0,0,0,0,0
360052,2,1,1994,0,0,0,0,0,0,0,0,0,0
360053,1,1,1994,0,0,0,0,0,0,0,0,0,0
360053,2,1,1994,9,16,0,23,17,20,19,18,19,9
360054,1,1,1994,0,0,0,0,0,0,0,0,0,0
360054,2,1,1994,0,0,0,0,0,0,0,0,0,0
360055,1,1,1994,0,0,0,0,0,0,0,0,0,0
360055,2,1,1994,0,0,0,0,0,0,0,0,0,0
360055,3,1,1994,0,0,0,0,0,0,0,0,0,0
360055,4,1,1994,0,0,0,0,0,0,0,0,0,0
360056,1,1,1994,32,12,15,19,27,9,17,14,20,24
360056,2,1,1994,0,0,12,0,9,0,0,0,0,0
360057,1,1,1994,8,0,13,23,10,21,11,28,21,10
360057,2,1,1994,0,0,0,0,0,0,0,0,0,0
360058,1,1,1994,0,0,13,0,0,0,0,0,0,0
360058,2,1,1994,12,0,0,0,0,0,0,0,0,0
360058,3,1,1994,0,0,0,0,0,0,13,0,0,0
360059,1,1,1994,27,27,19,12,22,29,22,16,14,17
360060,1,1,1994,10,10,10,10,10,10,10,10,10,10
360060,2,1,1994,0,0,0,0,0,0,0,0,0,0
360061,1,1,1994,0,0,0,0,0,0,0,0,0,0
360061,2,1,1994,0,0,0,0,0,0,0,0,0,0
360062,1,1,1994,28,28,28,28,28,28,28,28,28,28
360062,2,1,1994,0,0,0,0,0,0,0,0,0,8
360063,1,1,1994,0,0,0,0,0,0,0,0,0,0
360063,2,1,1994,0,0,0,0,0,0,0,0,0,0
360064,1,1,1994,0,0,0,0,0,0,0,0,0,0
360065,1,1,1994,0,0,0,0,0,0,0,0,0,0
360065,2,1,1994,0,0,0,0,0,0,0,0,5,0
360066,1,1,1994,8,8,8,8,8,8,8,8,8,8
360066,2,1,1994,0,17,0,0,21,17,17,0,0,6
360067,1,1,1994,3,3,3,3,3,3,3,3,3,3
360068,1,1,1994,0,0,0,0,0,0,0,0,0,0
360068,2,1,1994,3,3,3,3,3,3,3,3,3,3
360069,1,1,1994,0,19,0,0,0,17,33,0,0,12
360069,2,1,1994,0,0,0,0,0,0,0,0,0,0
360070,1,1,1994,0,0,0,0,0,0,0,0,0,0
360070,2,1,1994,0,0,0,0,0,0,0,0,0,0
360071,1,1,1994,0,0,0,0,0,0,0,28,0,15
360072,1,1,1994,0,0,0,0,0,0,0,0,0,0
360072,2,1,1994,0,0,0,0,0,0,0,0,0,0
360073,1,1,1994,0,0,0,0,0,0,0,0,0,0
360073,2,1,1994,0,0,0,0,0,0,0,0,0,0
360074,1,1,1994,32,17,3,18,19,14,23,17,11,8
360075,1,1,1994,0,0,0,0,0,0,0,0,0,0
360075,2,1,1994,0,0,0,0,0,0,0,0,0,0
360076,0,1,1994,0,0,0,0,12,0,0,0,0,0
360076,1,1,1994,0,0,0,0,0,0,0,0,0,0
360077,1,1,1994,18,18,18,18,18,18,18,18,18,18
360077,2,1,1994,0,0,25,6,0,21,0,0,0,0
360078,1,1,1994,6,0,0,0,0,0,0,0,0,0
360078,2,1,1994,0,12,0,0,0,0,0,0,0,0
360079,1,1,1994,18,18,18,18,18,18,18,18,18,18
360080,1,1,1994,0,0,0,0,0,0,0,0,0,0
360080,2,1,1994,0,0,0,0,0,0,0,0,0,0
360081,1,1,1994,0,0,0,0,0,0,0,0,0,0
360081,2,1,1994,0,0,0,0,0,0,0,0,0,0
360082,1,1,1994,0,0,0,0,0,0,0,0,0,0
360082,2,1,1994,0,0,0,0,0,0,0,0,0,0
360083,1,1,1994,0,0,0,0,0,0,0,0,0,0
360083,2,1,1994,0,0,0,0,0,0,0,0,0,0
360084,1,1,1994,0,0,0,0,0,0,0,0,0,0
360084,2,1,1994,0,0,0,0,0,0,0,0,0,0
360085,1,1,1994,0,0,0,0,0,0,0,0,0,0
360085,2,1,1994,0,11,0,0,0,0,0,0,0,0
360086,1,1,1994,0,0,0,0,0,0,0,0,0,0
360086,2,1,1994,0,0,0,0,0,0,0,0,0,0
360087,1,1,1994,0,0,0,0,0,0,0,0,0,0
360088,0,1,1994,7,7,7,7,7,7,7,7,7,7
360088,1,1,1994,0,0,13,0,0,0,0,0,0,0
360089,0,1,1994,21,21,21,21,21,21,21,21,21,21
360089,1,1,1994,0,0,0,0,0,0,0,10,0,0
360090,0,1,1994,0,0,0,0,0,0,0,0,0,0
360090,1,1,1994,0,0,0,0,0,0,0,0,0,0
360091,0,1,1994,0,0,0,0,0,0,0,0,0,0
360091,1,1,1994,0,0,0,0,0,0,0,0,0,0
360092,1,1,1994,10,6,17,11,14,0,0,21,15,7
360093,1,1,1994,10,10,10,10,10,10,10,10,10,10
360093,2,1,1994,0,0,0,0,0,0,12,0,0,0
360094,0,1,1994,0,0,0,0,0,0,0,0,0,0
360094,1,1,1994,0,0,0,0,9,0,0,0,0,0
360095,0,1,1994,0,0,0,0,0,0,0,0,0,0
360095,1,1,1994,0,0,0,0,0,0,0,0,0,0
360096,0,1,1994,10,10,10,10,10,10,10,10,10,10
360096,1,1,1994,0,0,0,0,0,0,8,0,0,0
360097,0,1,1994,25,2,18,4,0,23,13,0,39,39
360097,0,2,1994,19,0,0,5,0,0,19,0,0,27
360097,0,3,1994,0,0,0,0,0,0,0,0,0,0
360097,1,1,1994,0,0,0,0,0,0,0,0,2,0
360098,0,1,1994,0,0,0,0,0,0,0,0,0,0
360098,1,1,1994,0,0,0,0,0,0,0,0,0,0
360099,0,1,1994,0,0,0,0,0,0,0,0,0,0
360099,1,1,1994,0,0,0,0,0,0,0,0,0,0
360100,0,1,1994,38,25,23,0,0,18,10,0,13,22
360100,2,1,1994,0,0,0,0,0,0,0,0,0,0
360101,0,1,1994,0,0,0,0,0,0,0,0,0,0