ST_CASE,VEH_NO,PER_NO,YEAR,P1,P2,P3,P4,P5,P6,P7,P8,P9,P10
360360,2,1,1994,0,0,0,0,0,0,16,0,0,0
360361,0,1,1994,0,0,0,0,0,0,0,0,0,0
360361,1,1,1994,0,0,0,0,0,0,0,0,0,0
360362,1,1,1994,16,16,16,16,16,16,16,16,16,16
360363,0,1,1994,0,0,0,0,0,0,0,0,0,0
360363,1,1,1994,0,0,0,0,0,0,0,0,0,0
360364,0,1,1994,0,0,0,0,0,0,0,0,0,0
360364,1,1,1994,0,24,0,0,0,0,0,11,0,0
360365,0,1,1994,19,19,19,19,19,19,19,19,19,19
360365,1,1,1994,0,0,0,0,9,8,0,0,0,0
360366,1,1,1994,0,9,20,10,17,5,0,10,19,18
360367,1,1,1994,11,18,8,0,4,8,16,7,0,6
360367,2,1,1994,0,0,0,0,0,0,0,0,0,0
360368,1,1,1994,1,1,1,1,1,1,1,1,1,1
360368,2,1,1994,0,0,0,0,0,0,0,0,0,0
360369,0,1,1994,0,0,0,0,0,0,0,0,0,0
360369,1,1,1994,0,0,0,0,0,0,0,0,0,0
360370,1,1,1994,0,0,0,0,0,0,0,0,0,14
360370,2,1,1994,0,0,0,0,0,0,0,0,0,0
360370,3,1,1994,0,0,0,0,0,0,0,0,0,0
360370,4,1,1994,0,0,4,0,0,0,0,0,0,0
360371,0,1,1994,0,0,0,0,0,0,0,0,18,0
360371,1,1,1994,0,0,0,0,0,0,0,0,0,0
360372,1,1,1994,0,0,0,0,0,0,0,0,0,0
360373,0,1,1994,0,0,0,0,0,0,0,0,0,0
360373,1,1,1994,18,4,17,21,11,23,11,13,6,11
360374,1,1,1994,0,0,0,0,0,0,0,0,0,0
360374,2,1,1994,0,0,0,0,0,0,0,0,0,0
360375,1,1,1994,14,14,14,14,14,14,14,14,14,14
360376,1,1,1994,0,0,0,0,0,0,0,0,0,0
360376,2,1,1994,0,0,0,0,0,0,0,0,0,0
360377,0,1,1994,0,0,0,0,0,0,0,0,0,0
360377,0,2,1994,19,0,0,0,0,0,0,23,0,13
360377,1,1,1994,0,0,0,0,0,0,0,0,0,0
360378,1,1,1994,0,0,0,0,0,0,0,0,0,0
360379,1,1,1994,0,0,0,0,5,0,0,0,0,0
360379,2,1,1994,2,0,0,0,0,0,0,0,0,0
360379,3,1,1994,0,0,0,0,0,0,0,0,0,0
360380,1,1,1994,0,0,0,0,0,0,0,0,0,0
360380,2,1,1994,0,0,0,0,0,0,0,0,0,0
360380,3,1,1994,0,0,0,0,0,0,0,0,0,0
360381,1,1,1994,5,13,26,4,13,13,8,0,7,19
360381,2,1,1994,0,0,0,0,0,0,0,8,0,0
360382,1,1,1994,6,12,28,22,15,13,28,19,26,27
360383,1,1,1994,0,0,0,0,0,0,0,0,0,0
360384,1,1,1994,0,0,0,0,0,0,0,0,0,0
360384,2,1,1994,0,0,0,0,0,0,0,0,0,0
360385,1,1,1994,0,0,0,0,0,0,0,0,0,0
360385,2,1,1994,0,0,0,0,0,0,0,0,0,0
360386,1,1,1994,0,0,0,0,0,0,0,0,0,0
360387,1,1,1994,22,22,22,22,22,22,22,22,22,22
360388,1,1,1994,15,15,15,15,15,15,15,15,15,15
360389,1,1,1994,0,0,0,0,0,0,0,0,0,0
360390,0,1,1994,0,0,0,0,0,0,0,0,0,0
360390,1,1,1994,0,0,14,0,0,0,0,0,0,0
360391,1,1,1994,0,0,0,0,0,0,0,0,0,0
360391,2,1,1994,0,0,0,0,0,0,0,0,0,0
360392,1,1,1994,7,7,7,7,7,7,7,7,7,7
360393,0,1,1994,0,0,0,0,0,0,0,0,0,0
360393,1,1,1994,0,21,0,0,0,24,25,16,20,17
360394,1,1,1994,0,0,0,0,0,8,0,0,0,0
360394,2,1,1994,0,0,0,0,0,0,0,0,0,0
360394,3,1,1994,0,0,0,0,14,0,0,0,0,19
360395,0,1,1994,0,0,0,0,0,0,0,0,0,0
360395,1,1,1994,0,0,0,0,0,0,0,0,0,0
360396,0,1,1994,0,0,0,0,0,0,0,0,0,0
360396,1,1,1994,0,0,0,0,0,0,0,0,0,0
360397,1,1,1994,0,0,0,0,0,0,0,0,0,0
360397,2,1,1994,21,11,0,0,6,27,0,0,0,25
360398,1,1,1994,0,0,0,0,0,0,0,0,0,0
360398,2,1,1994,0,0,0,0,0,0,0,0,0,11
360398,3,1,1994,0,0,0,0,0,0,0,0,0,0
360399,1,1,1994,0,0,0,0,0,0,0,0,0,0
360399,2,1,1994,0,0,0,0,0,0,0,0,0,0
360400,1,1,1994,0,0,12,0,0,0,9,0,0,0
360401,0,1,1994,0,0,0,0,0,0,0,0,0,0
360401,0,2,1994,0,0,0,0,0,0,0,0,0,0
360401,0,3,1994,0,0,0,0,0,0,0,0,0,0
360401,0,4,1994,27,3,8,14,27,15,11,30,38,29
360401,1,1,1994,17,17,14,17,17,26,22,20,32,0
360402,0,1,1994,0,0,0,0,0,0,0,0,0,0
360402,1,1,1994,0,0,0,0,0,0,0,0,0,0
360403,0,1,1994,0,0,0,0,0,0,0,0,0,0
360403,1,1,1994,0,0,0,0,0,0,0,0,0,0
360404,0,1,1994,32,32,32,32,32,32,32,32,32,32
360404,1,1,1994,0,26,0,0,11,0,11,27,0,19
360405,1,1,1994,20,20,20,20,20,20,20,20,20,20
360405,2,1,1994,13,0,9,0,14,12,0,0,23,0
360406,0,1,1994,0,0,0,0,0,0,0,0,0,0
360406,1,1,1994,18,36,7,23,7,17,31,18,12,26
360407,0,1,1994,0,0,0,0,0,0,0,0,0,0
360407,1,1,1994,0,0,0,0,0,0,0,0,0,0
360408,0,1,1994,0,0,0,0,0,0,0,0,0,0
360408,1,1,1994,0,0,0,0,0,0,0,0,0,0
360409,1,1,1994,0,0,0,0,0,0,0,0,0,0
360409,2,1,1994,0,0,0,0,0,0,0,0,0,0
360410,0,1,1994,0,0,0,0,0,0,0,0,0,0
360410,1,1,1994,0,0,0,0,0,0,0,11,0,0
360411,0,1,1994,17,14,6,0,13,0,9,13,35,19
360411,1,1,1994,0,0,0,0,0,0,0,0,0,0
360412,0,1,1994,11,11,11,11,11,11,11,11,11,11
360412,0,2,1994,0,0,0,13,0,0,0,0,0,0
360412,1,1,1994,29,21,18,11,10,26,31,33,19,16
360413,1,1,1994,22,0,0,0,0,0,0,0,29,0
360413,2,1,1994,18,18,18,18,18,18,18,18,18,18
360414,0,1,1994,0,0,0,0,0,0,0,0,0,0
360414,1,1,1994,0,0,0,0,0,0,0,0,0,0
360415,1,1,1994,16,16,16,16,16,16,16,16,16,16
360416,0,1,1994,0,0,0,0,0,0,0,0,0,0
360416,1,1,1994,14,0,0,0,0,0,0,0,0,0
360417,0,1,1994,0,0,0,0,0,0,0,0,0,0
360417,1,1,1994,0,0,0,0,0,0,0,0,0,0
360418,0,1,1994,0,0,0,0,0,0,0,0,0,0
360418,1,1,1994,0,0,8,0,0,0,0,0,0,0
360419,1,1,1994,0,0,0,0,0,0,0,0,10,0
360419,2,1,1994,0,0,0,0,0,0,0,0,0,0
360420,0,1,1994,10,0,0,0,0,0,0,0,0,16
360420,1,1,1994,0,0,0,0,0,0,0,0,0,0
360421,0,1,1994,0,0,0,0,0,0,0,0,0,0
360421,1,1,1994,0,0,0,0,0,0,0,0,0,0
360422,1,1,1994,0,0,0,0,0,0,0,0,0,0
360423,1,1,1994,0,0,0,0,0,0,0,0,9,0
360423,2,1,1994,0,0,0,0,0,0,0,0,0,0
360424,1,1,1994,0,0,0,0,0,0,0,0,0,0
360424,2,1,1994,0,0,0,0,0,0,0,0,0,0
360425,1,1,1994,0,2,0,0,0,0,0,0,0,0
360425,2,1,1994,0,0,0,0,0,0,0,0,0,0
360425,3,1,1994,0,0,0,0,6,0,0,0,0,0
360426,0,1,1994,19,0,0,0,0,0,0,0,0,0
360426,1,1,1994,0,0,0,0,0,0,0,0,0,0
360427,1,1,1994,0,0,0,0,0,0,0,0,0,0
360427,2,1,1994,0,0,0,0,0,0,0,0,0,0
360428,1,1,1994,0,0,0,0,0,0,16,0,15,0
360428,2,1,1994,0,0,0,0,0,0,0,0,0,0
360429,1,1,1994,6,6,6,6,6,6,6,6,6,6
360430,0,1,1994,0,0,0,0,0,0,0,0,0,0
360430,1,1,1994,0,0,0,0,0,0,0,0,0,0
360431,1,1,1994,0,0,0,0,0,0,0,0,0,0
360432,0,1,1994,10,10,10,10,10,10,10,10,10,10
360432,1,1,1994,0,0,0,0,0,0,0,0,0,0
360433,1,1,1994,22,22,22,22,22,22,22,22,22,22
360434,1,1,1994,0,0,0,0,0,0,0,0,0,0
360434,2,1,1994,0,0,0,0,0,0,0,0,0,0
360435,1,1,1994,0,0,0,0,0,11,0,0,0,0
360436,1,1,1994,3,12,17,6,8,25,0,23,14,8
360437,1,1,1994,0,0,0,0,0,0,0,0,0,0
360438,1,1,1994,0,0,0,0,0,0,0,10,0,0
360438,2,1,1994,0,0,0,0,0,0,0,0,0,0
360439,1,1,1994,17,17,17,17,17,17,17,17,17,17
360439,2,1,1994,0,14,0,34,17,0,0,8,0,19
360440,1,1,1994,0,0,0,0,0,0,0,0,0,0
360441,1,1,1994,0,0,0,0,0,0,0,0,0,0
360441,2,1,1994,0,0,0,0,0,0,0,0,0,0
360442,0,1,1994,0,0,0,0,0,0,0,0,0,0
360442,1,1,1994,0,0,0,0,0,0,0,0,0,0
360443,0,1,1994,0,17,5,0,8,0,0,0,0,17
360443,1,1,1994,13,9,15,17,29,5,20,40,13,17
360444,0,1,1994,0,0,0,0,0,0,0,0,0,0
360444,1,1,1994,0,0,0,0,0,0,0,0,0,0
360444,2,1,1994,0,0,0,0,0,0,0,0,0,0
360445,1,1,1994,0,0,0,0,0,0,0,0,0,0
360445,2,1,1994,0,0,0,0,0,0,0,0,0,0
360446,1,1,1994,0,0,0,0,0,0,0,0,0,0
360446,2,1,1994,0,0,0,0,0,0,0,0,0,0
360446,3,1,1994,0,0,0,10,0,0,0,0,0,0
360447,1,1,1994,0,0,0,0,0,0,0,0,0,0
360448,1,1,1994,0,0,0,0,0,0,0,0,0,0
360448,2,1,1994,0,0,0,0,0,0,0,0,0,0
360449,1,1,1994,0,0,0,18,0,35,0,0,0,0
360450,1,1,1994,0,0,0,0,0,0,0,0,0,0
360450,2,1,1994,0,0,0,0,0,0,0,0,0,0
360451,1,1,1994,0,0,0,0,0,0,0,30,0,0
360452,1,1,1994,14,14,14,14,14,14,14,14,14,14
360453,1,1,1994,0,0,0,0,0,0,0,0,0,0
360453,2,1,1994,10,10,10,10,10,10,10,10,10,10
360454,1,1,1994,0,0,0,0,0,0,0,0,0,0
360454,2,1,1994,0,0,0,0,0,0,0,0,0,0
360455,1,1,1994,7,14,20,17,16,19,18,32,11,10
360456,1,1,1994,0,0,0,0,0,0,0,0,0,0
360456,2,1,1994,0,0,0,0,0,0,0,0,0,0
360457,0,1,1994,0,0,0,0,0,0,0,0,0,0
360457,1,1,1994,0,0,0,0,0,0,0,0,0,0
360457,2,1,1994,0,0,0,0,0,0,0,0,0,0
360458,1,1,1994,0,0,0,0,0,0,0,0,0,0
360459,1,1,1994,14,28,20,21,13,15,21,21,4,21
360460,1,1,1994,0,0,0,0,0,0,0,0,0,0
360461,1,1,1994,0,0,0,6,0,0,0,0,0,0
360461,2,1,1994,0,0,0,0,0,0,0,0,0,0
360461,3,1,1994,8,0,0,0,0,0,0,0,0,0
360462,1,1,1994,22,22,12,0,17,0,28,20,16,21
360462,2,1,1994,0,0,0,0,0,0,0,0,0,0
360463,1,1,1994,29,29,29,29,29,29,29,29,29,29
360464,1,1,1994,11,11,11,11,11,11,11,11,11,11
360465,0,1,1994,0,0,0,0,0,0,0,0,0,0
360465,1,1,1994,0,0,0,0,0,0,0,0,0,0
360466,1,1,1994,0,0,0,0,0,0,0,0,0,0
360466,2,1,1994,0,0,0,0,0,0,0,0,0,0
360467,1,1,1994,11,11,11,11,11,11,11,11,11,11
360468,1,1,1994,0,0,0,0,0,0,0,0,0,0
360469,1,1,1994,10,10,10,10,10,10,10,10,10,10
360470,1,1,1994,0,0,0,0,0,0,0,0,0,0
360471,1,1,1994,0,0,0,0,0,0,0,0,0,0
360471,2,1,1994,0,0,0,0,0,0,0,0,0,0
360472,1,1,1994,0,0,0,0,0,0,0,0,0,0
360473,1,1,1994,0,0,0,0,0,0,0,0,0,0
360473,2,1,1994,0,0,0,0,0,0,0,0,0,0
360474,1,1,1994,0,0,0,0,0,0,0,0,0,0
360475,1,1,1994,0,0,0,0,0,0,0,0,0,0
360475,2,1,1994,0,0,0,0,0,0,0,0,0,0
360476,1,1,1994,21,19,7,11,10,24,5,14,7,12
360477,1,1,1994,0,0,0,0,0,0,0,0,0,0
360478,0,1,1994,21,21,21,21,21,21,21,21,21,21
360478,1,1,1994,0,0,0,0,0,0,0,0,0,0
360479,1,1,1994,0,0,13,0,0,0,0,14,0,0
360480,1,1,1994,20,20,20,20,20,20,20,20,20,20
360481,1,1,1994,3,3,3,3,3,3,3,3,3,3
360482,1,1,1994,0,0,0,10,0,0,0,0,0,0
360482,2,1,1994,0,0,0,0,0,0,0,0,0,0
360483,0,1,1994,18,0,0,0,20,0,0,13,0,0
360483,1,1,1994,0,0,0,0,0,0,0,0,0,0
360484,0,1,1994,0,0,0,0,0,0,0,0,0,0
360484,1,1,1994,28,0,0,0,0,10,0,27,0,0
360485,0,1,1994,0,0,0,0,0,0,0,0,0,0
360485,1,1,1994,0,0,0,0,0,0,0,0,0,0
360486,0,1,1994,0,0,0,0,0,0,0,0,0,0
360486,0,2,1994,0,0,0,0,0,0,18,0,0,0
360486,1,1,1994,0,0,0,2,0,0,0,0,0,0
360487,1,1,1994,0,0,0,0,0,0,0,0,17,0
360487,2,1,1994,0,0,0,0,0,0,0,0,0,0
360487,3,1,1994,0,0,0,0,0,0,0,0,0,0
360487,4,1,1994,0,0,0,0,0,0,0,0,0,0
360488,1,1,1994,0,18,6,0,0,0,19,0,0,0
360488,2,1,1994,0,0,0,0,0,0,0,0,0,0
360489,1,1,1994,0,0,0,0,0,0,0,0,0,0
360489,2,1,1994,0,0,0,0,0,0,0,0,0,0
360490,1,1,1994,0,0,0,0,0,0,0,0,0,0
360491,1,1,1994,18,18,18,18,18,18,18,18,18,18
360492,0,1,1994,0,0,0,0,0,0,0,0,0,0
360492,1,1,1994,0,0,0,0,0,0,0,0,0,0
360493,0,1,1994,0,0,0,0,0,0,0,0,0,0
360493,1,1,1994,0,0,0,0,0,0,0,0,0,0
360494,0,1,1994,0,0,0,0,0,0,0,0,0,0
360494,1,1,1994,0,0,0,0,0,0,0,0,0,0
360495,1,1,1994,0,0,0,0,0,0,0,0,0,0
360496,1,1,1994,0,0,0,0,0,0,0,0,0,0
360497,1,1,1994,0,0,0,0,0,0,0,0,0,0
360498,1,1,1994,0,0,0,0,0,0,0,0,0,0
360498,2,1,1994,0,0,0,0,0,0,0,0,0,0
360499,0,1,1994,0,0,0,0,0,0,10,0,0,0
360499,1,1,1994,0,0,0,0,0,0,0,0,0,0
360500,1,1,1994,0,0,0,0,0,0,0,0,0,0
360500,2,1,1994,0,0,0,0,0,0,0,0,0,0
360501,0,1,1994,0,0,0,0,0,0,0,0,0,0
360501,1,1,1994,0,0,0,0,0,0,0,0,0,10
360501,2,1,1994,0,0,0,0,0,0,0,0,0,0
360502,1,1,1994,8,8,8,8,8,8,8,8,8,8
360502,2,1,1994,17,17,17,17,17,17,17,17,17,17
360503,1,1,1994,0,0,0,0,0,0,0,0,0,0
360504,1,1,1994,11,11,11,11,11,11,11,11,11,11
360505,1,1,1994,0,24,0,0,0,0,0,0,0,0
360506,1,1,1994,8,8,8,8,8,8,8,8,8,8
360507,1,1,1994,0,0,0,0,0,0,0,0,0,0
360508,1,1,1994,8,8,8,8,8,8,8,8,8,8
360509,1,1,1994,0,0,0,0,0,0,0,0,0,0
360509,2,1,1994,0,0,20,0,0,0,0,0,0,0
360510,1,1,1994,0,0,0,0,0,0,0,0,0,0
360511,1,1,1994,0,0,0,0,14,16,0,0,0,19
360511,2,1,1994,30,0,22,16,19,17,23,11,15,20
360512,1,1,1994,0,0,0,0,0,0,0,0,0,0
360512,2,1,1994,0,0,0,0,0,0,0,0,0,0
360513,1,1,1994,0,0,0,0,0,0,0,0,0,0
360513,2,1,1994,0,0,0,0,0,0,0,0,0,0
360514,1,1,1994,16,7,14,13,17,19,29,24,18,14
360515,1,1,1994,12,12,12,12,12,12,12,12,12,12
360516,1,1,1994,0,0,0,0,0,0,0,0,0,0
360516,2,1,1994,0,0,0,0,0,0,0,0,0,0
360517,1,1,1994,0,0,0,0,0,0,0,0,0,0
360517,2,1,1994,0,6,0,0,0,0,0,0,0,0
360518,0,1,1994,0,0,0,0,0,0,0,0,0,0
360518,1,1,1994,0,0,0,0,0,0,0,0,0,0
360519,1,1,1994,0,0,0,0,0,0,0,0,0,0
360519,2,1,1994,0,19,0,0,0,12,0,0,0,0
360520,1,1,1994,7,7,7,7,7,7,7,7,7,7
360521,1,1,1994,0,11,0,0,0,0,0,0,0,0
360521,2,1,1994,0,0,0,0,0,0,0,0,0,0
360521,3,1,1994,0,0,0,0,0,0,6,0,0,24
360522,1,1,1994,0,0,0,0,0,0,0,0,0,0
360523,1,1,1994,16,16,16,16,16,16,16,16,16,16
360523,2,1,1994,0,0,0,0,0,0,0,0,0,0
360524,1,1,1994,0,0,0,0,0,0,0,0,0,0
360524,2,1,1994,0,0,0,0,0,0,0,0,0,0
360525,1,1,1994,2,2,2,2,2,2,2,2,2,2
360526,1,1,1994,0,0,0,0,0,0,0,0,0,0
360527,1,1,1994,0,0,0,0,0,0,0,0,0,0
360527,2,1,1994,0,0,0,0,0,0,0,0,0,0
360528,0,1,1994,24,24,24,24,24,24,24,24,24,24
360528,1,1,1994,0,0,0,0,0,0,0,0,0,0
360529,1,1,1994,0,0,0,0,0,0,0,0,0,0
360529,2,1,1994,24,24,24,24,24,24,24,24,24,24
360530,1,1,1994,0,0,0,0,0,0,0,0,0,0
360530,2,1,1994,0,0,0,0,0,0,0,0,0,0
360531,1,1,1994,0,0,0,0,0,0,0,0,0,0
360531,2,1,1994,0,0,0,0,0,0,0,0,0,0
360532,0,1,1994,24,24,24,24,24,24,24,24,24,24
360532,1,1,1994,0,0,0,0,0,0,0,0,0,0
360532,2,1,1994,11,9,0,16,0,27,15,0,0,0
360533,1,1,1994,0,0,0,0,0,0,0,0,0,0
360534,1,1,1994,0,0,0,0,0,0,0,0,0,0
360535,1,1,1994,0,0,0,0,0,0,0,0,0,0
360535,2,1,1994,0,0,0,0,0,0,0,0,0,0
360536,1,1,1994,0,0,0,0,0,0,0,0,0,0
360536,2,1,1994,0,0,0,0,0,0,0,0,0,0
360537,1,1,1994,0,0,0,0,0,0,0,0,0,0
360537,2,1,1994,0,0,0,4,0,0,13,0,0,0
360538,1,1,1994,0,0,0,0,0,0,0,0,0,0
360538,2,1,1994,0,0,0,0,0,0,0,0,0,0
360539,1,1,1994,0,0,0,0,0,0,0,0,0,0
360539,2,1,1994,0,0,0,0,0,0,0,0,0,0
360540,1,1,1994,3,3,3,3,3,3,3,3,3,3
360541,1,1,1994,0,0,0,0,0,0,0,0,0,0
360541,2,1,1994,0,0,0,0,0,0,0,0,0,0
360542,1,1,1994,9,27,10,10,0,16,11,19,9,13
360543,1,1,1994,0,0,0,0,0,0,0,0,0,0
360543,2,1,1994,0,0,0,0,0,2,0,0,0,0
360544,1,1,1994,0,0,0,0,0,0,0,0,0,0
360544,2,1,1994,0,0,0,0,0,0,0,0,0,0
360545,1,1,1994,0,0,0,0,0,0,0,0,0,39
360546,1,1,1994,38,38,38,38,38,38,38,38,38,38
360547,1,1,1994,0,0,0,0,0,0,0,0,0,0
360547,2,1,1994,0,0,0,16,0,24,0,0,0,0
360547,3,1,1994,0,0,0,0,0,0,0,0,0,0
360548,1,1,1994,8,8,8,8,8,8,8,8,8,8
360549,0,1,1994,0,0,0,0,0,0,0,0,0,0
360549,1,1,1994,0,11,0,0,0,0,0,0,0,0
360550,1,1,1994,0,0,0,0,0,0,0,0,0,0
360551,1,1,1994,0,18,17,16,15,12,6,7,44,12
360551,2,1,1994,0,0,0,0,0,0,23,0,0,0
360552,1,1,1994,0,0,0,0,0,0,0,3,0,0
360553,0,1,1994,0,0,0,0,0,0,0,0,0,0
360553,1,1,1994,0,0,0,0,0,0,0,0,0,0
360553,2,1,1994,0,0,0,0,0,0,0,0,0,0
360554,1,1,1994,0,0,0,0,0,0,0,0,0,0
360555,0,1,1994,0,0,0,0,0,0,0,0,0,0
360555,1,1,1994,0,11,0,0,0,0,0,0,0,0
360556,1,1,1994,10,10,10,10,10,10,10,10,10,10
360557,0,1,1994,0,0,0,0,0,0,0,0,0,0
360557,0,2,1994,0,0,0,0,0,0,0,0,0,0
360557,1,1,1994,0,0,0,0,0,0,0,0,0,0
360558,1,1,1994,0,0,0,0,0,0,0,0,0,0
360558,2,1,1994,0,0,0,0,0,0,0,0,0,0
360559,1,1,1994,20,20,20,20,20,20,20,20,20,20
360560,1,1,1994,0,0,0,0,0,0,0,0,0,0
360561,1,1,1994,0,0,0,0,0,0,0,0,0,0
360561,2,1,1994,0,0,0,0,0,0,0,0,0,0
360562,0,1,1994,0,20,0,0,28,17,0,23,3,0
360562,0,2,1994,0,0,0,0,0,0,0,0,0,0
360562,1,1,1994,7,30,14,19,21,11,20,15,20,31
360563,0,1,1994,0,0,0,0,0,0,0,0,0,0
360563,1,1,1994,0,0,0,0,0,0,11,9,0,21
360564,1,1,1994,0,0,0,0,0,0,0,0,0,0
360564,2,1,1994,0,0,0,0,0,0,0,0,0,0
360564,3,1,1994,0,0,0,0,0,0,0,0,0,0
360566,0,1,1994,16,43,25,0,10,0,25,5,22,9
360566,0,2,1994,26,25,7,26,23,13,24,12,14,25
360566,0,3,1994,0,0,0,0,0,0,0,0,0,0
360566,0,4,1994,0,25,27,12,0,0,20,0,15,7
360566,0,5,1994,27,7,14,11,20,14,22,16,24,0
360566,0,6,1994,26,0,0,6,0,0,0,11,21,11
360566,1,1,1994,13,9,22,15,19,17,12,22,11,21
360567,1,1,1994,0,0,0,0,0,0,0,0,0,0
360568,1,1,1994,9,0,0,0,0,0,0,0,0,0
360568,2,1,1994,9,0,0,0,3,0,0,0,0,0
360569,0,1,1994,0,0,0,0,0,0,0,0,0,0
360569,1,1,1994,0,0,0,0,0,0,0,0,0,0
360570,1,1,1994,0,0,0,0,0,0,0,0,0,0
360571,1,1,1994,0,0,0,0,0,0,0,0,0,0
360572,1,1,1994,0,0,0,0,0,0,0,0,0,0
360572,2,1,1994,0,0,0,0,0,0,0,0,0,0
360572,3,1,1994,0,0,0,0,0,0,0,0,0,0
360572,4,1,1994,0,0,0,0,0,0,0,0,0,0
360573,1,1,1994,0,0,0,0,0,0,0,0,0,0
360573,2,1,1994,0,0,0,0,0,0,0,9,0,0
360573,3,1,1994,0,0,0,0,0,0,0,0,0,0
360574,0,1,1994,0,0,0,0,0,0,0,0,0,0
360574,1,1,1994,0,0,0,0,0,0,0,0,0,0
360575,1,1,1994,0,0,0,0,0,0,0,0,0,0
360575,2,1,1994,0,0,0,0,0,0,0,0,0,0
360575,3,1,1994,0,0,0,0,0,0,0,0,0,0
360576,0,1,1994,0,0,0,0,0,0,0,0,0,0
360576,1,1,1994,0,0,0,0,0,0,0,0,0,0
360577,1,1,1994,0,0,0,0,0,0,0,0,0,0
360578,1,1,1994,0,0,0,0,0,0,0,0,0,0
360579,0,1,1994,0,0,0,0,0,0,0,0,0,0
360579,1,1,1994,0,0,2,0,0,0,0,0,0,0
360580,1,1,1994,0,0,0,0,0,0,0,0,0,0
360581,1,1,1994,0,0,0,0,0,0,0,0,0,0
360582,0,1,1994,0,0,0,0,0,0,0,0,0,0
360582,1,1,1994,0,0,0,15,19,0,31,14,0,0
360583,0,1,1994,0,0,0,0,0,0,0,0,0,0
360583,1,1,1994,0,0,0,0,0,0,0,0,0,0
360584,0,1,1994,0,0,0,0,0,0,0,0,0,0
360584,1,1,1994,0,0,7,0,0,0,0,0,0,0
360585,1,1,1994,0,0,0,0,0,0,0,0,0,0
360586,0,1,1994,0,0,0,0,0,0,0,0,0,0
360586,1,1,1994,0,0,0,0,0,0,0,0,0,0
360587,1,1,1994,0,0,0,0,0,0,0,0,0,27
360587,2,1,1994,0,0,0,0,0,0,0,0,0,0
360588,0,1,1994,0,0,0,0,0,0,0,0,0,0
360588,1,1,1994,17,14,0,15,0,0,0,9,0,0
360589,0,1,1994,0,0,0,0,0,0,0,0,0,0
360589,1,1,1994,0,0,0,0,0,0,0,0,0,0
360590,1,1,1994,0,0,0,0,0,0,0,0,0,0
360590,2,1,1994,0,0,0,0,0,0,0,0,0,0
360591,1,1,1994,0,0,0,0,0,0,0,0,0,0
360591,2,1,1994,0,0,0,0,0,0,0,0,0,0
360592,1,1,1994,0,0,0,0,0,0,0,0,0,0
360592,2,1,1994,0,0,15,0,0,0,0,0,0,0
360593,0,1,1994,0,0,0,0,0,0,0,0,0,0
360593,1,1,1994,0,0,0,0,0,0,0,10,0,0
360594,1,1,1994,0,0,0,0,0,0,0,0,0,0
360594,2,1,1994,0,0,0,0,0,0,0,0,0,0
360594,3,1,1994,0,0,0,0,0,0,0,0,0,0
360595,0,1,1994,0,0,0,0,0,0,0,0,0,0
360595,1,1,1994,37,13,22,25,34,25,21,22,27,11
360596,1,1,1994,16,16,16,16,16,16,16,16,16,16
360597,1,1,1994,0,0,0,0,0,0,0,0,0,0
360597,2,1,1994,0,0,0,0,0,0,0,0,0,0
360598,1,1,1994,3,3,3,3,3,3,3,3,3,3
360599,1,1,1994,12,12,12,12,12,12,12,12,12,12
360600,1,1,1994,0,0,0,0,0,0,0,0,0,0
360600,2,1,1994,0,0,0,0,0,0,0,0,0,0
360601,1,1,1994,0,0,0,0,0,0,0,0,0,0
360601,2,1,1994,0,0,4,0,0,0,0,0,0,0
360602,1,1,1994,1,1,1,1,1,1,1,1,1,1
360602,2,1,1994,0,0,0,0,0,0,0,0,0,0
360603,1,1,1994,5,5,5,5,5,5,5,5,5,5
360603,2,1,1994,0,0,0,5,0,21,0,0,0,0
360604,1,1,1994,0,0,0,0,0,0,0,0,0,0
360604,2,1,1994,0,0,0,0,0,0,0,0,0,0
360605,0,1,1994,0,0,0,0,0,0,0,0,0,0
360605,1,1,1994,29,12,15,7,7,6,21,5,0,4
360606,0,1,1994,16,16,11,3,0,0,24,0,16,0
360606,1,1,1994,0,0,0,0,0,0,0,0,0,0
360607,0,1,1994,5,5,5,5,5,5,5,5,5,5
360607,1,1,1994,0,0,24,12,0,16,0,0,10,0
360608,0,1,1994,0,0,0,0,8,0,0,0,0,0
360608,1,1,1994,0,0,0,0,0,0,0,0,0,0
360609,0,1,1994,0,0,0,0,0,0,0,0,0,0
360609,1,1,1994,0,0,0,0,20,0,0,9,0,0
360610,1,1,1994,0,0,0,0,0,0,0,0,0,0
360610,2,1,1994,0,0,0,0,0,0,0,0,0,0
360611,1,1,1994,0,0,0,0,0,0,0,19,0,0
360611,2,1,1994,22,22,22,22,22,22,22,22,22,22
360612,0,1,1994,0,0,0,0,0,0,0,0,0,0
360612,1,1,1994,0,0,23,0,0,0,0,0,0,0
360613,0,1,1994,0,0,0,0,0,0,0,0,0,0
360613,1,1,1994,0,0,0,0,0,0,0,0,0,0
360614,1,1,1994,22,22,22,22,22,22,22,22,22,22
360615,1,1,1994,0,0,0,0,0,0,0,0,0,0
360615,2,1,1994,0,0,0,0,0,0,0,0,0,0
360616,0,1,1994,0,0,0,0,0,0,0,0,0,0
360616,1,1,1994,0,0,0,0,0,0,0,0,0,0
360617,1,1,1994,0,0,0,0,0,0,0,0,0,0
360617,2,1,1994,0,0,0,0,0,0,0,0,0,0
360618,1,1,1994,0,0,0,0,11,5,0,0,0,14
360618,2,1,1994,0,0,0,0,0,0,0,0,0,0
360619,1,1,1994,0,0,0,0,0,0,0,0,0,0
360619,2,1,1994,0,0,0,0,0,0,0,2,0,0