ST_CASE,VEH_NO,PER_NO,YEAR,P1,P2,P3,P4,P5,P6,P7,P8,P9,P10
361143,2,1,1994,0,0,0,9,0,0,0,0,0,13
361144,1,1,1994,0,0,0,0,0,0,0,0,0,0
361145,1,1,1994,0,0,0,0,0,0,0,0,0,0
361145,2,1,1994,0,0,0,0,0,0,0,0,0,0
361146,1,1,1994,0,0,0,0,0,0,0,0,0,0
361146,2,1,1994,14,14,14,14,14,14,14,14,14,14
361147,0,1,1994,21,21,21,21,21,21,21,21,21,21
361147,1,1,1994,0,0,0,0,0,0,0,0,0,0
361148,0,1,1994,0,0,0,0,0,0,0,0,0,0
361148,0,2,1994,0,0,0,0,0,0,0,0,0,0
361148,1,1,1994,17,17,17,17,17,17,17,17,17,17
361149,1,1,1994,0,0,0,0,0,0,0,0,0,0
361149,2,1,1994,0,0,0,0,0,0,0,0,0,0
361150,0,1,1994,0,0,0,0,0,0,0,0,0,0
361150,1,1,1994,0,0,0,0,0,0,0,0,0,0
361151,1,1,1994,0,0,0,0,0,0,0,0,0,0
361152,1,1,1994,22,22,22,22,22,22,22,22,22,22
361153,0,1,1994,0,0,0,0,0,0,0,0,0,0
361153,1,1,1994,0,0,0,0,0,0,0,0,0,0
361153,2,1,1994,0,0,0,0,0,0,0,0,0,0
361154,1,1,1994,0,0,0,0,0,0,0,0,0,0
361155,1,1,1994,0,0,0,0,0,0,0,0,0,0
361155,2,1,1994,0,0,0,0,0,0,0,0,0,0
361156,1,1,1994,15,15,15,15,15,15,15,15,15,15
361157,1,1,1994,0,0,0,0,0,0,0,0,0,0
361158,1,1,1994,0,0,0,0,0,0,8,9,0,0
361158,2,1,1994,0,0,0,0,0,0,0,0,0,0
361159,0,1,1994,0,0,0,0,0,0,0,0,0,0
361159,1,1,1994,0,0,0,0,0,0,0,0,0,0
361160,0,1,1994,0,0,0,0,0,0,0,0,0,0
361160,1,1,1994,0,0,0,0,0,0,0,0,0,0
361161,0,1,1994,0,0,0,0,0,0,0,0,0,0
361161,1,1,1994,0,0,0,0,0,0,21,0,0,0
361162,1,1,1994,0,0,0,0,0,0,0,0,0,0
361163,0,1,1994,0,0,0,0,0,0,0,0,0,0
361163,1,1,1994,0,0,0,0,0,0,0,0,0,0
361164,0,1,1994,0,0,0,0,0,0,0,0,0,0
361164,1,1,1994,0,0,0,0,0,0,0,0,0,0
361165,1,1,1994,0,0,0,0,0,0,0,0,0,0
361165,2,1,1994,0,0,0,0,0,0,0,0,0,0
361166,1,1,1994,9,9,9,9,9,9,9,9,9,9
361166,2,1,1994,0,0,0,0,19,0,0,0,0,0
361167,0,1,1994,0,0,0,0,0,0,0,0,0,0
361167,1,1,1994,0,0,0,0,0,0,0,0,0,0
361168,1,1,1994,0,0,0,0,0,0,0,12,0,22
361168,2,1,1994,0,0,0,0,0,0,0,0,0,0
361169,0,1,1994,38,38,38,38,38,38,38,38,38,38
361169,1,1,1994,0,0,0,0,0,0,5,0,0,24
361170,1,1,1994,0,0,0,0,0,0,0,0,0,0
361170,2,1,1994,0,0,0,0,0,0,0,0,0,0
361171,0,1,1994,27,27,27,27,27,27,27,27,27,27
361171,1,1,1994,0,6,0,0,0,0,0,0,0,0
361172,0,1,1994,0,0,0,0,0,0,0,0,0,0
361172,1,1,1994,0,0,0,0,0,0,0,0,0,0
361173,0,1,1994,0,0,0,0,0,0,0,0,0,0
361173,1,1,1994,0,0,0,15,0,0,0,0,0,14
361174,1,1,1994,0,0,0,0,0,0,0,0,0,0
361174,2,1,1994,0,0,0,0,0,0,0,0,0,0
361174,3,1,1994,0,0,0,0,0,0,0,0,0,0
361175,0,1,1994,0,0,0,22,28,12,2,20,50,24
361175,1,1,1994,0,0,0,0,0,0,0,0,0,0
361176,1,1,1994,0,0,0,17,0,0,15,0,0,0
361176,2,1,1994,0,0,0,0,0,0,0,0,0,0
361176,3,1,1994,0,28,0,0,0,0,13,0,0,0
361177,1,1,1994,0,0,0,0,0,0,0,0,0,0
361177,2,1,1994,14,0,0,0,0,0,0,0,0,0
361178,1,1,1994,15,15,15,15,15,15,15,15,15,15
361179,1,1,1994,0,0,0,0,9,0,0,0,0,0
361179,2,1,1994,0,0,0,0,0,0,0,0,0,0
361180,1,1,1994,0,0,0,0,0,0,0,0,0,0
361180,2,1,1994,0,0,0,0,0,0,0,0,0,0
361181,1,1,1994,0,0,0,0,0,0,0,0,0,0
361181,2,1,1994,0,0,0,0,0,0,0,0,0,0
361182,1,1,1994,0,0,0,0,0,0,0,0,0,0
361182,2,1,1994,0,0,0,0,0,0,0,0,0,0
361183,1,1,1994,0,0,0,0,0,0,0,0,0,0
361184,1,1,1994,0,0,0,0,0,0,0,0,0,0
361184,2,1,1994,0,0,0,0,0,0,0,0,0,0
361184,3,1,1994,0,0,0,0,14,0,0,0,0,0
361185,1,1,1994,0,0,0,0,14,0,0,0,0,0
361186,1,1,1994,0,0,0,0,0,0,0,0,14,0
361187,0,1,1994,0,0,0,0,0,0,0,0,0,0
361187,1,1,1994,0,0,0,0,0,0,0,0,0,0
361188,1,1,1994,0,0,0,0,0,23,0,0,0,0
361188,2,1,1994,0,0,0,0,0,0,0,0,0,0
361189,1,1,1994,1,1,1,1,1,1,1,1,1,1
361190,1,1,1994,0,0,0,0,0,0,0,0,0,0
361190,2,1,1994,0,0,0,0,0,0,0,0,0,0
361191,1,1,1994,0,0,0,0,0,0,0,0,0,0
361191,2,1,1994,0,0,0,0,0,0,0,0,0,0
361192,0,1,1994,0,0,43,0,0,0,0,6,29,0
361192,1,1,1994,19,0,11,0,0,24,0,0,7,0
361193,1,1,1994,25,25,25,25,25,25,25,25,25,25
361194,1,1,1994,0,0,0,0,0,0,0,0,0,0
361194,2,1,1994,0,0,0,0,0,0,0,0,0,0
361195,1,1,1994,0,0,0,0,0,0,0,0,0,0
361196,1,1,1994,0,0,0,0,0,0,0,0,0,0
361196,2,1,1994,0,0,0,0,0,0,0,0,0,0
361197,1,1,1994,0,0,0,0,0,0,0,0,0,0
361198,0,1,1994,0,0,29,0,0,0,0,0,0,11
361198,1,1,1994,0,0,0,0,0,0,0,0,0,0
361199,1,1,1994,15,15,15,15,15,15,15,15,15,15
361200,1,1,1994,0,0,0,0,0,39,0,0,0,7
361200,2,1,1994,0,0,0,0,0,7,0,17,0,0
361201,0,1,1994,0,0,0,0,0,0,0,0,0,0
361201,1,1,1994,0,13,0,0,0,0,0,25,0,14
361202,1,1,1994,34,34,34,34,34,34,34,34,34,34
361202,2,1,1994,0,0,0,0,0,0,0,0,0,0
361203,0,1,1994,0,0,0,0,0,0,0,0,0,0
361203,1,1,1994,0,0,0,0,0,0,0,0,0,0
361203,2,1,1994,0,9,3,0,0,0,0,0,0,0
361204,1,1,1994,37,20,27,13,18,10,22,21,23,20
361204,2,1,1994,0,0,0,0,0,0,0,0,0,0
361205,1,1,1994,0,0,0,0,0,0,0,0,0,0
361206,0,1,1994,36,36,36,36,36,36,36,36,36,36
361206,1,1,1994,0,0,0,0,0,0,15,0,0,0
361207,1,1,1994,0,0,0,0,0,0,0,0,0,0
361207,2,1,1994,0,0,0,0,0,0,0,0,0,0
361208,1,1,1994,26,26,26,26,26,26,26,26,26,26
361209,1,1,1994,0,10,0,10,13,28,23,21,0,12
361209,2,1,1994,1,1,1,1,1,1,1,1,1,1
361210,1,1,1994,10,10,10,10,10,10,10,10,10,10
361210,2,1,1994,0,0,0,0,0,0,0,0,0,0
361211,1,1,1994,0,0,0,0,0,0,0,0,0,0
361212,1,1,1994,2,2,2,2,2,2,2,2,2,2
361213,0,1,1994,0,0,0,0,0,0,0,0,0,0
361213,1,1,1994,11,12,36,24,30,0,0,22,0,0
361214,1,1,1994,6,2,15,21,8,11,5,14,28,8
361214,2,1,1994,0,0,0,0,0,0,0,0,0,23
361215,1,1,1994,0,0,0,0,0,0,0,0,0,0
361216,1,1,1994,0,0,0,0,0,0,0,0,0,0
361217,1,1,1994,0,0,0,0,0,0,0,0,0,0
361218,0,1,1994,16,16,16,16,16,16,16,16,16,16
361218,1,1,1994,0,0,0,0,20,0,0,0,0,0
361219,0,1,1994,0,0,0,0,0,0,0,0,0,0
361219,1,1,1994,0,0,0,0,0,0,0,0,0,0
361220,0,1,1994,0,0,0,0,0,0,0,0,0,0
361220,1,1,1994,0,0,0,0,0,35,7,0,0,12
361221,1,1,1994,0,0,0,0,0,0,0,0,0,0
361221,2,1,1994,0,0,0,0,0,0,0,0,0,0
361222,1,1,1994,0,0,0,0,0,0,0,0,0,0
361222,2,1,1994,0,0,0,0,0,0,0,0,0,0
361223,1,1,1994,0,0,0,0,0,0,0,0,0,0
361223,2,1,1994,0,23,0,0,0,0,0,0,0,0
361224,1,1,1994,0,6,0,0,0,0,0,0,0,0
361225,1,1,1994,0,0,0,0,0,0,0,0,0,0
361226,1,1,1994,0,0,0,0,7,0,0,0,0,0
361227,1,1,1994,0,0,0,0,0,0,0,0,0,0
361227,2,1,1994,0,0,0,0,0,0,0,0,0,0
361228,0,1,1994,4,4,4,4,4,4,4,4,4,4
361228,1,1,1994,9,17,14,10,13,17,29,0,3,31
361229,1,1,1994,31,31,31,31,31,31,31,31,31,31
361230,1,1,1994,11,11,11,11,11,11,11,11,11,11
361230,2,1,1994,0,0,0,0,13,0,0,0,8,0
361231,1,1,1994,6,0,17,0,0,0,11,17,0,0
361232,1,1,1994,0,0,0,0,0,0,0,0,4,0
361232,2,1,1994,0,0,0,0,20,0,0,0,0,0
361233,1,1,1994,0,0,0,0,0,0,0,0,0,0
361233,2,1,1994,0,0,0,0,0,0,0,0,0,0
361234,1,1,1994,0,0,0,0,0,16,0,0,0,0
361235,1,1,1994,0,0,0,0,0,0,0,0,0,0
361235,2,1,1994,0,0,0,0,0,0,0,0,0,0
361236,0,1,1994,0,0,0,0,0,0,0,0,0,0
361236,1,1,1994,0,0,0,0,0,0,0,0,0,0
361237,0,1,1994,0,0,0,0,0,0,0,0,0,0
361237,1,1,1994,0,0,0,0,0,3,0,0,0,0
361238,1,1,1994,0,0,0,13,4,0,0,8,3,0
361239,1,1,1994,0,0,0,0,0,0,0,0,0,0
361240,1,1,1994,22,0,9,18,20,20,26,30,30,15
361240,2,1,1994,0,0,0,0,0,9,0,0,0,0
361240,3,1,1994,0,0,0,0,0,0,0,0,0,0
361241,1,1,1994,0,0,0,0,0,0,0,0,0,0
361242,1,1,1994,0,0,0,0,11,0,0,0,0,0
361242,2,1,1994,0,0,0,0,0,0,0,0,0,0
361243,1,1,1994,0,0,0,0,0,0,0,0,0,0
361243,2,1,1994,0,0,0,0,0,0,0,0,0,0
361244,1,1,1994,5,5,5,5,5,5,5,5,5,5
361245,0,1,1994,0,18,0,0,0,11,0,0,0,22
361245,1,1,1994,0,0,0,20,0,0,0,0,4,0
361246,1,1,1994,27,14,0,8,0,0,18,12,0,12
361247,1,1,1994,0,0,0,0,0,0,0,0,0,0
361247,2,1,1994,0,0,0,0,0,0,0,0,0,0
361248,1,1,1994,0,0,0,0,0,0,0,0,0,0
361248,2,1,1994,0,0,0,0,0,0,0,0,0,0
361249,0,1,1994,0,0,0,0,0,10,0,12,0,0
361249,1,1,1994,0,0,0,0,0,0,0,0,0,0
361250,0,1,1994,19,17,15,13,30,37,24,26,26,32
361250,1,1,1994,0,0,0,0,0,0,0,0,0,0
361251,0,1,1994,0,18,0,0,0,0,0,16,0,0
361251,0,2,1994,0,0,0,0,0,0,0,0,0,0
361251,1,1,1994,0,0,0,0,0,0,0,0,0,0
361252,1,1,1994,0,0,0,14,0,0,0,4,0,0
361252,2,1,1994,0,0,0,0,0,0,0,0,0,0
361253,1,1,1994,0,0,0,0,0,0,0,0,0,0
361254,1,1,1994,0,0,0,0,0,0,0,0,0,0
361255,1,1,1994,0,0,0,0,0,0,0,0,0,0
361255,2,1,1994,0,0,0,0,0,0,0,0,0,0
361256,1,1,1994,23,0,9,0,3,30,12,16,10,24
361256,2,1,1994,0,0,0,0,0,0,0,0,0,0
361257,0,1,1994,0,0,0,0,0,0,0,0,0,0
361257,1,1,1994,0,9,0,0,0,0,0,0,0,0
361258,0,1,1994,0,0,0,0,0,0,0,0,0,0
361258,1,1,1994,13,16,0,19,0,0,0,0,0,0
361259,0,1,1994,9,9,9,9,9,9,9,9,9,9
361259,1,1,1994,10,0,0,0,9,0,0,8,0,0
361260,0,1,1994,6,6,6,6,6,6,6,6,6,6
361260,1,1,1994,0,0,0,0,0,0,14,11,0,0
361261,1,1,1994,0,0,0,0,0,0,0,0,0,15
361261,2,1,1994,0,0,11,0,0,0,0,0,0,0
361262,0,1,1994,0,0,9,0,16,0,0,0,0,0
361262,1,1,1994,0,0,0,0,0,0,0,0,0,0
361263,1,1,1994,0,0,0,0,0,0,5,0,17,0
361263,2,1,1994,15,15,15,15,15,15,15,15,15,15
361264,1,1,1994,0,13,9,0,17,7,6,15,8,11
361264,2,1,1994,0,0,0,0,0,0,0,0,0,0
361265,1,1,1994,14,14,14,14,14,14,14,14,14,14
361266,0,1,1994,0,0,0,0,0,0,0,0,0,0
361266,1,1,1994,0,0,0,0,0,0,0,0,0,0
361267,1,1,1994,0,0,0,0,0,0,11,0,11,9
361268,1,1,1994,0,0,0,0,0,0,0,0,0,0
361269,1,1,1994,21,21,21,21,21,21,21,21,21,21
361270,1,1,1994,17,25,25,31,32,9,20,13,25,7
361271,0,1,1994,16,16,16,16,16,16,16,16,16,16
361271,1,1,1994,0,0,0,0,0,0,0,0,0,0
361272,1,1,1994,11,11,11,11,11,11,11,11,11,11
361273,1,1,1994,0,0,0,20,9,41,0,0,0,0
361273,2,1,1994,40,39,0,0,15,24,13,22,5,0
361274,1,1,1994,0,0,0,0,0,0,0,0,0,0
361274,2,1,1994,0,0,0,0,0,0,0,0,0,0
361275,1,1,1994,0,0,0,0,0,0,0,0,0,0
361276,1,1,1994,0,0,0,0,0,0,0,0,0,9
361276,2,1,1994,0,0,0,0,0,0,0,0,0,0
361277,1,1,1994,0,0,0,0,0,10,0,0,0,0
361278,0,1,1994,0,0,0,0,0,0,0,0,0,0
361278,1,1,1994,0,0,0,0,0,0,0,18,0,0
361278,2,1,1994,0,0,0,0,0,0,0,16,12,27
361278,3,1,1994,0,0,0,0,0,0,0,0,0,0
361279,1,1,1994,0,0,0,0,0,0,0,0,0,0
361279,2,1,1994,0,0,0,0,0,0,0,0,0,0
361280,0,1,1994,0,0,0,0,0,0,0,0,0,0
361280,1,1,1994,0,0,0,0,0,0,0,0,0,0
361281,1,1,1994,11,11,11,11,11,11,11,11,11,11
361282,0,1,1994,11,11,11,11,11,11,11,11,11,11
361282,1,1,1994,0,0,0,0,0,0,0,0,0,0
361283,0,1,1994,0,0,0,0,0,0,0,0,0,0
361283,1,1,1994,0,0,0,0,0,0,0,0,0,0
361284,1,1,1994,0,0,0,0,0,0,0,0,0,0
361284,2,1,1994,0,0,0,0,0,0,0,0,0,0
361284,3,1,1994,0,0,0,0,0,0,0,0,0,0
361285,0,1,1994,0,0,0,0,0,0,0,0,0,0
361285,1,1,1994,0,0,0,0,0,0,0,0,0,0
361286,0,1,1994,18,18,18,18,18,18,18,18,18,18
361286,1,1,1994,0,0,0,0,0,0,0,6,0,6
361287,1,1,1994,0,0,0,0,0,0,0,0,0,0
361287,2,1,1994,0,0,0,0,0,0,0,0,0,23
361288,1,1,1994,0,0,0,0,0,0,0,0,0,0
361288,2,1,1994,0,0,0,0,0,0,0,0,0,0
361289,1,1,1994,0,0,0,0,19,7,0,0,0,0
361289,2,1,1994,0,0,0,0,0,0,0,0,0,0
361290,1,1,1994,0,0,0,0,0,0,0,0,0,0
361291,1,1,1994,0,0,0,0,0,0,0,0,0,0
361291,2,1,1994,0,18,0,0,0,0,0,0,0,18
361291,3,1,1994,0,0,0,0,0,0,0,0,0,0
361292,0,1,1994,0,0,0,0,0,0,0,0,0,0
361292,1,1,1994,0,0,0,0,0,0,0,0,0,0
361293,1,1,1994,15,31,12,13,17,23,11,21,10,17
361294,1,1,1994,0,0,0,0,0,0,11,0,0,10
361294,2,1,1994,0,0,0,0,0,0,0,0,0,0
361295,1,1,1994,35,35,35,35,35,35,35,35,35,35
361296,1,1,1994,0,0,0,0,0,0,0,0,0,0
361296,2,1,1994,7,3,0,32,0,19,0,9,8,0
361297,1,1,1994,0,0,0,0,0,0,0,0,0,0
361297,2,1,1994,0,0,0,0,0,0,0,0,0,0
361298,1,1,1994,0,0,0,0,0,0,0,0,0,0
361299,0,1,1994,0,0,0,0,0,0,0,0,0,0
361299,0,2,1994,0,27,35,0,0,0,0,0,13,0
361299,1,1,1994,0,0,0,0,0,0,0,0,0,0
361299,2,1,1994,0,0,0,0,0,0,0,0,0,8
361300,1,1,1994,0,0,0,0,0,0,0,0,0,0
361300,2,1,1994,0,0,0,0,0,0,0,0,0,0
361300,3,1,1994,0,0,0,0,0,0,0,0,0,15
361301,1,1,1994,20,0,15,0,0,0,0,0,7,16
361301,2,1,1994,0,0,0,0,0,0,0,0,0,0
361301,3,1,1994,0,0,0,0,0,0,0,0,0,0
361301,4,1,1994,0,0,0,0,0,0,0,0,12,0
361302,1,1,1994,6,21,25,13,0,16,16,0,0,0
361303,1,1,1994,0,0,0,0,0,0,0,0,0,0
361304,0,1,1994,10,10,10,10,10,10,10,10,10,10
361304,1,1,1994,0,0,0,0,0,0,2,0,0,13
361305,1,1,1994,4,4,4,4,4,4,4,4,4,4
361306,0,1,1994,11,11,11,11,11,11,11,11,11,11
361306,1,1,1994,0,11,0,0,0,0,0,0,8,0
361307,1,1,1994,2,2,2,2,2,2,2,2,2,2
361308,0,1,1994,0,0,0,0,0,0,0,0,0,0
361308,1,1,1994,0,0,0,0,0,0,0,0,0,0
361309,0,1,1994,0,0,0,0,0,0,0,0,0,0
361309,1,1,1994,0,0,0,0,0,0,0,0,0,0
361310,1,1,1994,0,0,0,0,0,0,0,0,0,0
361310,2,1,1994,0,0,0,0,0,0,0,0,0,0
361311,1,1,1994,0,0,0,0,7,0,0,0,0,0
361312,1,1,1994,13,13,13,13,13,13,13,13,13,13
361313,1,1,1994,14,14,14,14,14,14,14,14,14,14
361313,2,1,1994,0,15,0,0,32,0,0,0,0,25
361314,1,1,1994,0,0,0,0,0,0,0,0,0,0
361315,0,1,1994,0,0,0,0,10,0,22,0,0,0
361315,1,1,1994,0,0,0,0,0,0,0,0,3,0
361316,1,1,1994,0,0,0,0,0,0,0,0,0,0
361316,2,1,1994,0,0,0,0,0,0,0,12,0,0
361317,1,1,1994,0,11,0,0,0,0,0,0,0,0
361318,1,1,1994,0,0,0,0,0,0,0,0,0,0
361318,2,1,1994,0,0,0,0,0,0,0,0,0,0
361319,1,1,1994,0,0,0,0,0,0,0,0,0,0
361319,2,1,1994,0,0,0,0,0,0,0,0,0,0
361320,0,1,1994,34,34,34,34,34,34,34,34,34,34
361320,1,1,1994,20,8,24,13,15,11,30,15,17,29
361321,0,1,1994,0,0,0,0,0,0,0,0,0,0
361321,1,1,1994,27,0,0,0,0,0,0,0,0,0
361322,1,1,1994,0,0,0,0,0,0,0,0,0,0
361322,2,1,1994,20,0,0,0,0,0,0,0,0,0
361323,1,1,1994,0,0,0,0,0,0,0,0,0,0
361323,2,1,1994,0,0,0,0,0,0,4,0,0,0
361324,1,1,1994,21,21,21,21,21,21,21,21,21,21
361325,1,1,1994,0,0,0,0,0,0,0,0,18,0
361325,2,1,1994,0,0,0,0,0,0,0,0,0,0
361326,1,1,1994,0,0,0,0,0,0,0,0,0,0
361326,2,1,1994,0,0,0,0,0,0,0,22,0,0
361327,0,1,1994,0,13,19,22,17,10,23,13,31,10
361327,1,1,1994,0,0,9,0,0,0,0,0,0,8
361328,0,1,1994,0,0,0,0,0,0,0,0,0,0
361328,0,2,1994,59,42,11,24,0,0,21,26,0,10
361328,1,1,1994,0,0,0,9,0,0,0,0,0,0
361329,1,1,1994,0,0,0,0,0,19,0,0,0,0
361329,2,1,1994,0,0,0,0,0,0,0,0,0,0
361330,1,1,1994,0,0,0,0,0,0,0,0,0,0
361330,2,1,1994,0,0,0,0,0,0,0,0,0,0
361330,3,1,1994,0,0,0,0,0,0,0,0,0,0
361331,0,1,1994,0,0,0,0,0,0,0,0,0,0
361331,1,1,1994,0,0,0,0,0,0,0,6,0,0
361332,1,1,1994,0,0,0,0,0,0,0,0,0,0
361332,2,1,1994,0,0,0,0,0,0,0,0,10,0
361332,3,1,1994,0,0,27,7,0,0,0,0,0,0
361333,1,1,1994,0,0,0,0,0,0,0,0,0,0
361333,2,1,1994,0,0,0,0,0,0,0,0,0,0
361334,1,1,1994,0,0,0,0,16,0,0,0,0,0
361334,2,1,1994,0,27,0,0,0,0,0,0,0,0
361335,0,1,1994,0,0,0,0,0,0,0,0,0,0
361335,1,1,1994,0,0,0,0,0,0,0,0,0,0
361336,1,1,1994,0,0,0,8,0,0,0,0,0,0
361336,2,1,1994,0,0,0,0,0,0,0,0,0,0
361337,1,1,1994,0,0,0,0,0,0,0,0,0,0
361338,1,1,1994,28,17,24,9,9,28,25,0,16,16
361339,1,1,1994,6,6,6,6,6,6,6,6,6,6
361340,1,1,1994,0,0,0,0,0,0,0,0,0,0
361340,2,1,1994,0,0,0,0,0,0,0,0,0,0
361341,1,1,1994,0,0,0,0,0,0,0,0,0,0
361341,2,1,1994,0,0,0,0,0,0,0,0,0,0
361342,1,1,1994,0,0,0,0,0,0,0,0,0,0
361342,2,1,1994,5,0,0,0,16,0,0,0,0,0
361343,1,1,1994,32,11,0,15,13,9,26,13,22,22
361344,0,1,1994,0,0,0,0,0,0,0,0,0,0
361344,1,1,1994,0,0,0,0,0,0,0,0,0,0
361345,1,1,1994,0,0,0,0,0,0,0,0,0,0
361346,1,1,1994,0,0,0,0,0,0,0,0,0,0
361347,1,1,1994,0,0,0,0,0,0,0,0,0,0
361348,0,1,1994,0,0,0,0,0,0,0,0,0,0
361348,1,1,1994,0,0,0,0,0,0,0,0,0,0
361349,1,1,1994,0,0,0,13,0,0,0,0,0,0
361349,2,1,1994,0,0,0,0,9,0,0,7,0,0
361350,0,1,1994,0,0,0,0,0,0,0,0,0,0
361350,1,1,1994,0,0,0,0,0,0,0,0,0,0
361351,0,1,1994,0,0,0,0,0,0,0,0,0,0
361351,1,1,1994,0,0,0,0,0,0,0,0,0,0
361352,1,1,1994,0,0,0,19,0,0,0,0,0,16
361353,1,1,1994,18,18,18,18,18,18,18,18,18,18
361354,1,1,1994,0,0,4,0,0,0,0,0,0,0
361354,2,1,1994,0,0,0,0,0,0,0,0,0,0
361355,1,1,1994,0,0,0,0,0,0,0,0,0,0
361355,2,1,1994,0,0,0,0,0,0,0,0,0,0
361355,3,1,1994,0,0,0,0,0,0,0,0,0,0
361356,1,1,1994,0,0,0,0,0,0,0,0,0,0
361357,1,1,1994,14,14,14,14,14,14,14,14,14,14
361358,1,1,1994,0,0,0,4,0,23,0,0,0,0
361359,1,1,1994,17,19,23,7,12,19,12,29,15,19
361360,1,1,1994,24,17,9,15,10,17,7,22,18,13
361361,1,1,1994,0,0,0,0,10,0,0,0,0,0
361361,2,1,1994,0,0,0,0,0,0,0,0,0,0
361362,1,1,1994,0,0,0,0,8,0,10,0,0,0
361363,1,1,1994,0,0,0,0,0,0,0,0,0,0
361363,2,1,1994,0,0,0,0,0,0,0,0,0,0
361363,3,1,1994,0,0,0,0,0,0,0,0,0,0
361364,1,1,1994,0,0,0,0,0,0,0,0,0,0
361364,2,1,1994,11,0,0,0,0,0,0,0,0,0
361365,1,1,1994,0,0,0,0,0,0,0,0,0,0
361365,2,1,1994,0,0,0,0,0,0,0,0,0,0
361366,1,1,1994,13,0,0,0,0,0,0,0,0,0
361366,2,1,1994,0,0,0,0,0,0,0,0,0,0
361366,3,1,1994,1,1,1,1,1,1,1,1,1,1
361367,1,1,1994,0,0,0,0,0,0,0,0,0,0
361367,2,1,1994,0,0,0,0,0,0,0,0,11,0
361368,1,1,1994,7,7,7,7,7,7,7,7,7,7
361369,1,1,1994,0,0,0,5,0,0,0,0,0,0
361369,2,1,1994,23,23,23,23,23,23,23,23,23,23
361370,1,1,1994,0,0,0,0,0,0,0,0,0,0
361370,2,1,1994,0,0,0,0,0,0,0,0,0,0
361371,0,1,1994,0,0,0,0,0,0,0,0,0,0
361371,1,1,1994,0,0,0,0,0,0,0,0,0,0
361372,1,1,1994,16,0,0,0,0,0,0,14,6,0
361372,2,1,1994,0,0,0,0,0,0,0,0,0,0
361373,0,1,1994,0,0,0,0,0,0,0,0,0,0
361373,1,1,1994,23,10,8,14,5,18,13,19,22,26
361374,0,1,1994,28,28,28,28,28,28,28,28,28,28
361374,1,1,1994,0,14,0,0,0,0,0,0,0,0
361375,1,1,1994,0,0,0,0,0,0,0,0,0,0
361376,1,1,1994,0,0,0,0,0,0,0,0,0,0
361377,1,1,1994,20,33,0,0,17,28,9,0,52,0
361378,0,1,1994,0,17,0,0,0,0,0,0,0,0
361378,1,1,1994,0,0,0,0,0,0,0,0,0,0
361379,1,1,1994,0,0,20,8,0,21,0,29,0,0
361380,0,1,1994,0,0,0,0,0,0,0,0,0,0
361380,1,1,1994,0,0,0,0,0,0,0,0,0,0
361381,1,1,1994,0,0,0,0,0,0,0,0,0,0
361381,2,1,1994,0,0,0,0,0,0,0,0,0,0
361381,3,1,1994,0,0,0,0,0,0,0,15,0,0
361382,0,1,1994,21,21,21,21,21,21,21,21,21,21
361382,1,1,1994,0,0,0,0,0,0,0,0,0,0
361383,0,1,1994,14,0,0,0,0,0,0,0,0,0
361383,0,2,1994,0,0,0,0,0,0,0,0,0,0
361383,0,3,1994,0,0,0,0,0,0,0,0,0,0
361383,1,1,1994,0,0,0,0,0,0,0,0,0,0
361384,0,1,1994,0,0,0,0,0,0,0,0,0,0
361384,1,1,1994,0,0,0,0,0,0,0,0,0,0
361385,0,1,1994,0,0,0,0,0,0,0,0,0,0
361385,1,1,1994,0,14,8,0,0,0,11,0,8,6
361386,0,1,1994,0,0,0,0,0,0,0,0,0,0
361386,1,1,1994,0,0,0,0,0,0,0,0,0,0
361387,0,1,1994,0,0,0,0,0,0,0,0,0,0
361387,1,1,1994,0,0,0,0,0,0,0,0,0,0
361388,1,1,1994,0,0,0,0,0,0,0,0,0,0
361389,0,1,1994,0,0,0,0,0,0,0,0,0,0
361389,1,1,1994,0,0,0,0,0,0,0,0,0,0
361389,2,1,1994,0,0,0,0,0,0,17,0,0,38
361389,3,1,1994,0,0,0,0,0,0,0,0,0,0
361390,0,1,1994,0,0,0,0,0,0,0,0,0,0
361390,1,1,1994,0,0,0,0,0,0,0,0,0,0
361391,0,1,1994,0,0,0,0,0,0,0,0,0,0
361391,1,1,1994,0,0,0,6,0,0,0,0,0,0
361392,1,1,1994,21,24,18,14,4,9,11,25,13,22
361392,2,1,1994,6,0,0,0,0,0,0,0,0,0
361393,1,1,1994,0,0,0,0,0,0,0,0,0,0
361393,2,1,1994,0,0,0,0,0,0,0,0,0,0
361394,1,1,1994,18,18,18,18,18,18,18,18,18,18
361395,1,1,1994,27,27,27,27,27,27,27,27,27,27
361396,0,1,1994,0,0,0,0,0,0,0,0,0,0
361396,1,1,1994,0,0,0,0,0,0,0,0,0,0
361397,1,1,1994,0,0,0,0,0,0,0,0,0,0
361397,2,1,1994,0,0,0,0,0,0,0,0,0,0
361398,0,1,1994,0,0,0,0,0,0,0,0,0,0
361398,1,1,1994,0,0,0,0,0,0,0,0,0,0
361399,1,1,1994,0,0,0,0,0,0,0,0,0,0
361399,2,1,1994,0,0,0,0,0,0,0,0,0,0
361400,1,1,1994,0,0,0,0,0,0,0,0,0,0
361401,1,1,1994,0,0,0,0,0,0,0,0,0,0
361402,0,1,1994,0,0,0,0,0,0,0,0,0,0
361402,1,1,1994,0,0,0,0,0,0,0,0,0,0
361403,0,1,1994,0,0,0,0,0,0,0,0,0,0
361403,1,1,1994,0,0,0,0,0,0,0,0,0,0
361404,0,1,1994,0,0,0,0,0,0,0,0,0,0
361404,1,1,1994,0,0,0,0,0,0,0,0,15,0