ST_CASE,VEH_NO,PER_NO,YEAR,P1,P2,P3,P4,P5,P6,P7,P8,P9,P10
390708,1,1,1994,14,14,14,14,14,14,14,14,14,14
390709,1,1,1994,0,0,0,0,17,0,0,0,0,0
390709,2,1,1994,0,25,0,0,0,0,0,0,0,16
390710,1,1,1994,0,0,0,0,2,0,0,0,0,0
390710,2,1,1994,0,0,0,0,0,0,0,0,0,0
390711,1,1,1994,18,18,18,18,18,18,18,18,18,18
390712,0,1,1994,0,0,0,0,0,0,0,0,0,0
390712,1,1,1994,0,0,0,0,0,9,0,0,0,0
390713,1,1,1994,0,0,0,0,0,0,0,0,0,0
390713,2,1,1994,0,0,0,23,0,0,0,0,0,0
390714,1,1,1994,0,0,22,0,0,27,5,0,9,0
390716,1,1,1994,0,0,0,0,0,0,23,0,5,0
390716,2,1,1994,0,0,0,0,0,0,0,0,7,5
390717,1,1,1994,15,15,15,15,15,15,15,15,15,15
390717,2,1,1994,0,17,0,18,0,0,0,0,0,0
390718,1,1,1994,0,0,0,0,0,0,0,0,0,0
390718,2,1,1994,0,0,0,0,0,0,0,0,0,0
390719,1,1,1994,0,0,0,0,0,0,0,0,0,0
390719,2,1,1994,0,0,0,0,0,0,0,0,0,0
390720,1,1,1994,0,0,0,0,0,0,0,0,0,0
390720,2,1,1994,0,0,0,0,0,0,0,0,0,0
390721,1,1,1994,0,0,0,0,0,0,0,0,0,0
390722,0,1,1994,0,0,0,0,0,0,0,0,0,0
390722,1,1,1994,0,0,0,0,0,0,0,0,0,0
390723,1,1,1994,0,0,0,0,0,0,0,0,0,0
390724,1,1,1994,4,4,4,4,4,4,4,4,4,4
390725,1,1,1994,0,3,0,0,4,0,0,0,0,0
390725,2,1,1994,0,0,0,0,0,0,0,0,0,0
390726,1,1,1994,0,0,0,0,0,9,0,0,0,0
390727,1,1,1994,0,0,0,0,0,0,0,0,0,0
390727,2,1,1994,0,0,0,0,0,0,0,0,0,0
390728,1,1,1994,0,0,0,8,0,0,14,0,0,0
390728,2,1,1994,0,0,0,0,0,0,0,0,0,0
390729,1,1,1994,15,15,15,15,15,15,15,15,15,15
390730,0,1,1994,0,0,0,0,0,0,0,0,0,0
390730,1,1,1994,0,0,0,0,0,0,0,0,0,0
390731,1,1,1994,0,0,0,0,0,0,0,0,0,0
390732,1,1,1994,15,0,0,0,0,0,0,0,0,0
390732,2,1,1994,0,0,0,0,0,0,0,0,0,0
390732,3,1,1994,0,0,0,0,0,0,0,0,0,0
390733,1,1,1994,0,0,0,0,0,0,0,0,0,0
390733,2,1,1994,0,0,0,0,0,0,0,0,0,0
390734,1,1,1994,0,0,0,0,0,0,13,0,0,0
390734,2,1,1994,0,0,0,0,0,0,0,0,0,0
390735,1,1,1994,0,0,0,0,0,0,0,0,0,0
390735,2,1,1994,0,0,0,0,0,0,0,0,0,0
390737,1,1,1994,0,0,0,0,0,0,0,0,0,0
390738,1,1,1994,21,14,0,8,14,23,18,17,14,8
390739,1,1,1994,0,0,0,0,0,0,0,0,46,0
390740,1,1,1994,17,17,17,17,17,17,17,17,17,17
390741,1,1,1994,0,0,0,0,0,0,0,0,0,0
390742,1,1,1994,0,0,0,0,0,0,0,0,0,0
390742,2,1,1994,0,0,0,41,0,0,0,18,0,0
390743,1,1,1994,0,0,0,0,0,0,0,0,0,0
390743,2,1,1994,0,0,0,0,0,0,0,0,0,0
390744,0,1,1994,0,0,0,0,0,0,0,0,0,0
390744,1,1,1994,0,0,0,0,0,0,0,0,0,0
390745,1,1,1994,0,0,0,0,0,0,0,0,0,0
390746,0,1,1994,17,37,16,33,23,17,28,17,16,15
390746,1,1,1994,0,0,0,0,0,0,0,0,0,0
390747,0,1,1994,15,0,0,0,0,0,0,0,0,0
390747,1,1,1994,6,0,0,0,0,0,0,0,0,0
390748,1,1,1994,0,0,0,0,0,0,0,0,0,0
390748,2,1,1994,0,0,0,0,0,0,0,0,0,0
390749,1,1,1994,11,20,17,19,10,14,15,34,6,11
390750,1,1,1994,0,0,0,0,0,0,0,0,0,0
390750,2,1,1994,0,0,0,0,0,0,0,0,0,0
390751,1,1,1994,0,0,0,16,0,0,0,0,0,0
390751,2,1,1994,0,0,0,0,0,0,0,0,0,0
390752,1,1,1994,0,0,0,0,0,0,0,0,0,0
390752,2,1,1994,0,0,0,0,0,0,0,0,0,0
390753,1,1,1994,0,0,0,0,0,0,0,21,0,0
390753,2,1,1994,0,0,0,0,0,0,0,0,0,0
390753,3,1,1994,0,0,0,0,0,0,0,0,0,0
390754,0,1,1994,0,0,0,0,0,0,0,0,0,0
390754,1,1,1994,0,18,0,0,0,0,0,0,0,0
390755,1,1,1994,0,0,0,0,0,0,0,0,0,0
390756,1,1,1994,11,0,0,0,0,0,11,0,0,0
390756,2,1,1994,0,0,0,0,0,0,0,0,0,0
390757,1,1,1994,0,0,0,0,0,0,0,0,0,0
390757,2,1,1994,20,20,20,20,20,20,20,20,20,20
390758,1,1,1994,0,0,0,0,0,0,0,0,0,0
390758,2,1,1994,0,0,0,0,0,0,0,0,0,0
390759,1,1,1994,0,0,0,0,0,0,0,0,0,0
390759,2,1,1994,10,0,0,0,23,0,0,0,0,0
390759,3,1,1994,0,12,0,0,0,0,0,0,0,0
390760,1,1,1994,0,0,0,0,0,0,0,0,0,0
390761,1,1,1994,0,0,0,0,0,0,0,0,0,10
390762,1,1,1994,0,26,50,0,0,0,0,0,11,0
390763,1,1,1994,0,0,0,0,0,0,0,0,0,0
390763,2,1,1994,0,0,0,0,0,0,0,0,0,0
390764,0,1,1994,0,0,0,0,0,0,0,0,0,0
390764,1,1,1994,0,0,0,0,0,0,0,0,0,0
390765,1,1,1994,20,20,20,20,20,20,20,20,20,20
390766,1,1,1994,0,0,0,0,0,0,0,0,0,0
390766,2,1,1994,0,0,0,0,0,0,0,0,0,0
390767,1,1,1994,0,0,0,0,0,0,0,0,0,0
390768,1,1,1994,25,25,25,25,25,25,25,25,25,25
390769,1,1,1994,0,0,0,0,0,0,0,0,0,0
390769,2,1,1994,0,0,0,0,0,0,0,0,0,0
390770,1,1,1994,16,16,16,16,16,16,16,16,16,16
390770,2,1,1994,0,0,0,0,0,0,0,0,0,0
390771,1,1,1994,0,26,0,0,0,0,8,0,23,0
390771,2,1,1994,0,0,24,0,0,0,0,14,0,0
390772,1,1,1994,0,0,0,0,0,0,0,0,0,0
390773,1,1,1994,0,0,0,0,0,0,0,0,0,0
390773,2,1,1994,0,0,0,0,0,0,0,0,0,0
390774,1,1,1994,0,0,0,0,0,0,0,0,0,0
390774,2,1,1994,0,0,0,0,0,0,0,0,0,0
390775,1,1,1994,0,0,0,13,0,0,0,0,32,0
390776,1,1,1994,0,8,0,0,0,0,0,0,0,0
390776,2,1,1994,0,0,0,0,0,0,0,0,0,0
390777,1,1,1994,0,0,0,0,0,0,0,0,0,0
390777,2,1,1994,22,22,22,22,22,22,22,22,22,22
390778,1,1,1994,0,0,0,0,0,0,0,0,0,0
390779,1,1,1994,0,0,0,0,0,0,0,0,0,0
390779,2,1,1994,0,0,0,0,0,0,0,0,0,0
390780,0,1,1994,0,0,0,0,0,0,0,0,0,0
390780,1,1,1994,0,0,0,0,8,0,7,0,0,0
390781,1,1,1994,1,1,1,1,1,1,1,1,1,1
390782,1,1,1994,0,0,0,0,0,0,0,0,0,0
390782,2,1,1994,5,0,0,0,0,0,0,0,0,0
390783,1,1,1994,0,0,0,0,0,24,0,0,0,0
390784,1,1,1994,0,9,14,0,8,0,0,0,10,24
390785,1,1,1994,0,0,0,0,0,0,0,0,0,0
390785,2,1,1994,25,25,25,25,25,25,25,25,25,25
390786,1,1,1994,0,4,0,0,0,0,0,0,0,0
390786,2,1,1994,31,31,31,31,31,31,31,31,31,31
390787,1,1,1994,0,0,0,0,0,0,0,0,0,0
390787,2,1,1994,0,0,0,0,0,0,0,0,0,0
390788,1,1,1994,0,0,0,0,0,0,0,0,0,0
390788,2,1,1994,0,0,0,0,0,0,0,0,6,0
390789,1,1,1994,19,19,19,19,19,19,19,19,19,19
390790,1,1,1994,0,0,0,0,0,0,0,0,0,0
390791,1,1,1994,0,0,0,0,0,0,0,0,0,0
390791,2,1,1994,0,0,0,0,0,0,0,0,0,0
390792,1,1,1994,0,0,0,0,0,0,0,0,0,0
390792,2,1,1994,0,0,0,0,0,0,0,0,0,0
390793,1,1,1994,0,0,0,0,0,4,0,0,0,0
390794,1,1,1994,0,0,0,0,0,0,0,0,0,0
390795,1,1,1994,30,30,30,30,30,30,30,30,30,30
390796,1,1,1994,0,0,0,0,0,0,0,0,0,0
390797,1,1,1994,22,22,22,22,22,22,22,22,22,22
390798,1,1,1994,0,0,0,23,0,0,0,0,0,0
390798,2,1,1994,0,0,0,0,0,0,0,0,0,0
390799,1,1,1994,15,15,15,15,15,15,15,15,15,15
390800,1,1,1994,4,4,4,4,4,4,4,4,4,4
390801,1,1,1994,0,0,0,0,0,0,0,0,0,0
390801,2,1,1994,0,0,0,0,0,0,0,0,0,0
390802,1,1,1994,16,16,16,16,16,16,16,16,16,16
390803,1,1,1994,0,0,0,0,0,0,0,0,0,0
390803,2,1,1994,0,10,0,0,0,0,0,0,0,0
390804,1,1,1994,0,0,0,0,0,0,0,0,0,15
390804,2,1,1994,0,0,8,0,0,0,0,0,0,0
390805,1,1,1994,17,17,17,17,17,17,17,17,17,17
390805,2,1,1994,0,0,0,0,0,0,0,0,0,0
390806,1,1,1994,0,0,0,0,0,0,0,0,0,0
390806,2,1,1994,0,0,0,0,0,0,0,0,0,0
390807,1,1,1994,17,0,0,0,0,0,0,0,0,0
390807,2,1,1994,21,21,21,21,21,21,21,21,21,21
390808,1,1,1994,0,0,0,0,0,0,0,0,0,0
390808,2,1,1994,0,0,22,0,0,0,0,0,0,0
390809,1,1,1994,0,17,12,18,30,0,19,0,15,16
390810,0,1,1994,0,0,0,0,0,0,0,0,0,0
390810,1,1,1994,0,0,0,0,0,0,0,0,0,0
390811,1,1,1994,0,0,0,0,0,0,0,0,0,0
390811,2,1,1994,0,0,0,0,0,0,0,0,0,0
390812,0,1,1994,0,0,0,0,0,0,0,0,0,0
390812,1,1,1994,0,0,0,0,0,0,0,0,0,0
390813,1,1,1994,10,10,10,10,10,10,10,10,10,10
390814,1,1,1994,0,0,0,0,0,0,0,0,0,0
390814,2,1,1994,0,0,0,0,0,0,0,0,0,0
390815,1,1,1994,0,0,0,0,0,0,0,0,0,0
390816,1,1,1994,0,0,0,0,22,0,0,14,0,0
390817,1,1,1994,0,0,0,0,0,0,0,0,0,0
390817,2,1,1994,17,17,17,17,17,17,17,17,17,17
390818,1,1,1994,0,0,0,0,11,0,20,0,0,0
390818,2,1,1994,0,0,8,0,20,0,0,0,0,0
390819,1,1,1994,0,0,0,0,0,0,0,0,0,0
390819,2,1,1994,14,14,14,14,14,14,14,14,14,14
390820,1,1,1994,10,0,14,0,13,0,18,0,0,14
390820,2,1,1994,0,13,11,43,0,0,0,0,15,10
390822,1,1,1994,0,0,0,0,0,0,0,0,0,0
390822,2,1,1994,0,0,0,0,0,0,0,0,0,0
390823,0,1,1994,0,0,0,0,0,0,0,0,0,0
390823,1,1,1994,26,26,26,26,26,26,26,26,26,26
390824,1,1,1994,0,0,0,0,0,0,0,0,0,0
390825,1,1,1994,2,15,0,10,7,18,12,19,14,12
390826,0,1,1994,0,0,0,0,0,0,0,0,0,0
390826,1,1,1994,0,0,0,0,0,0,0,0,0,0
390827,1,1,1994,0,0,0,0,0,0,0,8,0,0
390827,2,1,1994,0,0,0,0,0,0,0,0,0,0
390828,0,1,1994,0,28,15,0,0,0,11,12,0,27
390828,1,1,1994,0,0,0,0,0,0,0,0,0,0
390829,1,1,1994,0,0,0,0,0,0,0,0,0,0
390829,2,1,1994,0,0,0,0,0,0,0,0,0,0
390829,3,1,1994,15,31,13,10,7,14,18,8,5,8
390830,1,1,1994,20,9,23,9,19,4,15,19,30,21
390831,1,1,1994,18,18,18,18,18,18,18,18,18,18
390832,1,1,1994,0,0,0,0,0,0,0,0,0,0
390832,2,1,1994,0,0,0,0,0,14,0,0,0,0
390833,1,1,1994,0,0,0,0,0,0,0,0,0,0
390833,2,1,1994,0,0,0,0,0,0,0,0,0,0
390834,1,1,1994,0,0,0,0,0,0,0,0,0,0
390834,2,1,1994,0,0,0,0,30,0,0,0,0,0
390835,1,1,1994,10,10,10,10,10,10,10,10,10,10
390836,1,1,1994,13,21,11,4,0,0,0,0,0,0
390837,1,1,1994,0,0,0,0,0,0,0,0,0,0
390837,2,1,1994,0,0,0,0,0,0,0,0,0,0
390837,3,1,1994,0,0,0,0,0,0,0,0,0,0
390838,1,1,1994,2,2,2,2,2,2,2,2,2,2
390839,1,1,1994,0,0,0,0,0,0,0,0,0,0
390840,0,1,1994,0,0,0,0,0,0,0,0,0,0
390840,1,1,1994,0,0,0,0,0,0,0,0,0,0
390841,1,1,1994,0,0,0,0,0,2,17,0,0,5
390842,1,1,1994,0,0,0,0,0,0,0,0,0,0
390842,2,1,1994,0,0,0,0,0,0,0,0,0,0
390844,1,1,1994,10,10,10,10,10,10,10,10,10,10
390845,0,1,1994,34,34,34,34,34,34,34,34,34,34
390845,1,1,1994,0,0,0,0,0,0,0,0,0,0
390846,1,1,1994,22,22,22,22,22,22,22,22,22,22
390847,1,1,1994,0,0,0,0,0,0,0,0,0,0
390847,2,1,1994,0,0,0,0,0,0,0,0,0,0
390847,3,1,1994,0,0,0,0,0,0,0,0,0,0
390848,1,1,1994,0,0,0,0,0,0,0,0,0,0
390849,0,1,1994,0,0,0,0,0,16,0,0,13,0
390849,1,1,1994,0,0,0,0,0,0,0,12,0,0
390850,0,1,1994,4,4,4,4,4,4,4,4,4,4
390850,1,1,1994,4,4,4,4,4,4,4,4,4,4
390851,1,1,1994,0,0,0,0,0,0,0,0,0,0
390851,2,1,1994,0,0,0,0,0,0,0,0,0,0
390852,0,1,1994,0,0,0,0,0,0,0,0,0,0
390852,1,1,1994,0,0,15,0,0,0,0,0,0,0
390853,1,1,1994,0,0,0,0,0,0,0,0,0,0
390853,2,1,1994,0,0,0,0,0,0,0,0,0,0
390854,1,1,1994,0,0,0,0,0,0,0,0,0,0
390854,2,1,1994,0,0,0,0,0,0,0,0,0,0
390855,1,1,1994,0,0,0,0,0,0,0,0,0,0
390855,2,1,1994,0,0,0,0,0,0,0,0,0,0
390856,1,1,1994,11,0,0,0,0,0,0,0,0,0
390857,1,1,1994,0,13,0,0,0,0,0,0,0,0
390858,1,1,1994,27,27,27,27,27,27,27,27,27,27
390859,1,1,1994,19,19,19,19,19,19,19,19,19,19
390860,1,1,1994,0,0,0,0,0,0,0,0,0,0
390861,1,1,1994,0,0,0,15,0,18,0,0,0,6
390861,2,1,1994,0,0,0,0,0,0,0,0,0,0
390862,0,1,1994,0,0,0,0,0,0,0,0,0,0
390862,1,1,1994,0,0,0,0,0,0,0,0,0,0
390863,0,1,1994,0,15,0,0,11,0,11,4,0,0
390863,1,1,1994,15,0,13,0,0,0,0,0,0,0
390864,1,1,1994,0,0,0,0,0,0,0,0,0,0
390864,2,1,1994,0,0,0,0,0,0,0,0,0,0
390865,1,1,1994,16,16,16,16,16,16,16,16,16,16
390865,2,1,1994,0,0,0,0,0,0,0,0,0,0
390866,1,1,1994,0,0,20,0,0,0,0,0,0,12
390866,2,1,1994,0,22,0,0,0,0,0,0,0,27
390867,1,1,1994,0,0,0,0,0,0,0,0,0,0
390868,1,1,1994,0,0,0,0,0,0,0,0,0,0
390868,2,1,1994,0,0,0,0,0,0,0,0,0,0
390869,1,1,1994,0,0,0,0,0,0,0,0,0,0
390869,2,1,1994,0,0,0,0,0,0,0,0,0,0
390869,3,1,1994,0,0,0,0,0,0,0,0,0,0
390870,0,1,1994,0,0,0,0,0,0,0,0,0,0
390870,1,1,1994,0,0,0,0,0,11,0,0,0,0
390871,1,1,1994,0,0,0,0,0,0,0,0,0,0
390871,2,1,1994,20,20,20,20,20,20,20,20,20,20
390872,1,1,1994,0,0,0,0,0,0,0,0,0,0
390872,2,1,1994,9,9,9,9,9,9,9,9,9,9
390873,1,1,1994,0,0,0,0,0,0,0,0,0,0
390873,2,1,1994,0,0,0,0,0,0,0,0,0,0
390874,1,1,1994,14,0,0,11,30,20,23,14,0,0
390875,1,1,1994,0,0,0,0,0,10,0,0,0,0
390876,1,1,1994,0,0,0,0,0,0,0,0,0,0
390876,2,1,1994,0,0,12,0,0,0,17,11,0,0
390877,0,1,1994,21,24,0,20,27,0,25,0,0,11
390877,1,1,1994,0,0,0,0,0,0,0,0,0,0
390878,1,1,1994,22,0,0,8,0,22,0,0,0,0
390879,1,1,1994,12,12,12,12,12,12,12,12,12,12
390880,1,1,1994,19,19,19,19,19,19,19,19,19,19
390881,1,1,1994,0,0,0,0,0,0,0,0,0,0
390881,2,1,1994,0,0,0,0,0,0,0,0,0,0
390882,1,1,1994,7,7,7,7,7,7,7,7,7,7
390883,1,1,1994,0,0,0,0,0,0,0,0,0,0
390884,1,1,1994,0,0,13,0,7,0,0,0,0,0
390884,2,1,1994,15,6,21,19,17,10,20,10,20,15
390885,0,1,1994,0,0,0,0,0,0,0,0,10,0
390885,0,2,1994,0,0,0,0,0,0,0,0,0,0
390885,1,1,1994,0,0,0,0,0,0,0,0,0,0
390886,2,1,1994,0,0,0,0,7,0,0,0,0,0
390887,1,1,1994,0,0,0,0,0,0,0,0,0,0
390887,2,1,1994,16,16,16,16,16,16,16,16,16,16
390888,1,1,1994,30,32,15,0,23,17,0,0,0,0
390889,0,1,1994,0,0,0,0,0,0,0,0,0,0
390889,1,1,1994,0,0,0,0,0,0,0,0,0,0
390890,1,1,1994,0,0,0,0,0,0,0,0,0,0
390891,1,1,1994,0,0,0,0,0,0,0,0,0,0
390891,2,1,1994,0,0,0,0,0,0,0,0,0,0
390892,0,1,1994,16,0,0,0,0,0,0,0,0,0
390892,0,2,1994,0,0,0,0,0,0,0,0,22,0
390892,0,3,1994,0,0,0,0,0,0,0,0,0,0
390892,0,4,1994,0,0,0,0,0,0,0,0,0,0
390892,0,5,1994,0,0,0,0,0,0,0,0,0,0
390892,0,6,1994,0,0,0,0,0,0,0,0,0,0
390892,1,1,1994,27,27,27,27,27,27,27,27,27,27
390893,0,1,1994,0,0,32,0,6,0,0,0,0,0
390893,1,1,1994,0,0,0,0,0,0,0,0,0,0
390894,0,1,1994,20,5,0,20,44,21,5,0,34,0
390894,1,1,1994,0,0,0,0,0,0,0,0,0,0
390895,1,1,1994,0,0,0,0,0,0,0,0,0,0
390895,2,1,1994,0,0,0,0,0,0,0,16,0,0
390896,1,1,1994,0,0,0,0,0,0,0,0,0,0
390896,2,1,1994,0,0,0,0,0,0,0,0,0,0
390897,1,1,1994,0,0,0,0,0,0,0,0,0,0
390897,2,1,1994,0,0,0,0,0,0,14,0,0,10
390898,1,1,1994,0,0,0,0,0,0,0,0,0,0
390898,2,1,1994,0,0,0,0,0,0,0,0,0,0
390899,1,1,1994,12,0,17,0,0,6,0,0,0,0
390900,1,1,1994,0,0,0,0,0,0,0,0,0,0
390901,0,1,1994,0,0,0,0,0,0,0,0,0,0
390901,1,1,1994,0,0,0,0,0,0,7,0,0,0
390902,1,1,1994,0,0,0,0,0,0,0,0,0,0
390902,2,1,1994,0,0,0,0,0,0,0,0,0,0
390903,1,1,1994,23,6,11,22,0,8,30,21,18,12
390904,0,1,1994,0,0,0,0,0,0,0,0,0,0
390904,1,1,1994,0,0,0,0,0,0,0,0,0,0
390905,1,1,1994,0,0,0,0,0,0,0,0,0,0
390905,2,1,1994,0,0,0,0,0,0,0,0,0,0
390906,1,1,1994,0,0,0,0,0,0,0,0,0,0
390906,2,1,1994,0,0,0,0,0,0,0,0,0,0
390908,1,1,1994,8,10,10,5,11,20,15,15,17,12
390909,1,1,1994,13,13,13,13,13,13,13,13,13,13
390910,1,1,1994,12,21,30,0,16,0,10,9,6,9
390910,2,1,1994,0,0,0,0,0,0,0,0,0,0
390911,1,1,1994,21,21,21,21,21,21,21,21,21,21
390912,1,1,1994,11,14,18,22,14,19,19,13,23,7
390913,1,1,1994,32,11,12,13,25,17,11,27,13,34
390913,2,1,1994,0,0,5,0,0,0,0,0,0,0
390914,1,1,1994,10,0,0,0,0,0,0,0,0,0
390914,2,1,1994,0,0,0,0,0,0,0,0,0,0
390915,1,1,1994,19,19,19,19,19,19,19,19,19,19
390916,1,1,1994,0,0,0,0,0,0,0,0,0,0
390917,1,1,1994,0,0,0,0,0,0,0,0,0,0
390917,2,1,1994,0,0,0,0,0,0,0,0,0,0
390918,0,1,1994,0,0,0,0,0,0,0,0,0,0
390918,1,1,1994,0,0,0,0,0,0,0,0,0,0
390919,1,1,1994,1,1,1,1,1,1,1,1,1,1
390920,1,1,1994,0,0,0,0,0,0,0,0,0,0
390920,2,1,1994,0,0,0,0,0,0,0,0,0,0
390920,3,1,1994,0,0,0,0,0,0,0,0,0,0
390920,4,1,1994,0,0,0,0,0,0,0,0,0,0
390921,1,1,1994,0,0,0,0,0,0,0,0,0,0
390921,2,1,1994,0,0,0,0,0,0,0,0,0,0
390922,1,1,1994,0,0,0,0,0,0,0,0,0,0
390922,2,1,1994,0,0,0,0,0,0,0,0,0,0
390923,1,1,1994,0,0,0,0,0,0,0,0,0,0
390925,1,1,1994,0,0,12,0,0,0,0,16,0,15
390925,2,1,1994,0,0,0,0,0,0,0,0,0,0
390925,3,1,1994,0,0,0,0,0,0,0,0,0,0
390925,4,1,1994,0,0,0,0,0,0,0,0,0,0
390925,5,1,1994,0,0,0,0,0,0,0,0,0,0
390926,1,1,1994,0,0,0,0,0,0,0,0,0,0
390927,1,1,1994,0,0,0,0,0,0,0,0,0,0
390927,2,1,1994,0,0,0,0,0,0,0,0,0,0
390928,1,1,1994,7,0,0,0,0,0,25,0,0,0
390928,2,1,1994,23,23,23,23,23,23,23,23,23,23
390929,1,1,1994,0,13,0,0,0,15,0,0,0,0
390929,2,1,1994,20,20,20,20,20,20,20,20,20,20
390930,1,1,1994,10,10,10,10,10,10,10,10,10,10
390931,1,1,1994,21,0,0,0,10,10,0,0,0,0
390932,1,1,1994,0,0,0,0,0,0,0,0,0,0
390934,1,1,1994,0,0,0,0,0,0,10,0,0,4
390934,2,1,1994,17,0,0,0,0,0,0,0,0,0
390935,1,1,1994,7,0,0,0,0,0,0,0,0,0
390936,1,1,1994,0,0,8,19,0,21,0,0,0,11
390936,2,1,1994,0,0,0,0,0,0,0,0,0,0
390937,1,1,1994,0,12,0,0,0,14,11,0,0,0
390938,1,1,1994,0,0,0,0,0,7,0,0,0,0
390938,2,1,1994,0,0,0,0,0,0,0,0,0,0
390939,1,1,1994,32,0,0,15,0,0,0,27,0,0
390939,2,1,1994,0,0,0,0,0,0,0,0,0,0
390940,1,1,1994,0,0,0,0,0,0,0,0,0,0
390940,2,1,1994,0,0,0,0,0,0,0,0,0,0
390941,1,1,1994,18,18,18,18,18,18,18,18,18,18
390942,1,1,1994,0,0,0,0,0,0,0,0,0,0
390943,1,1,1994,0,0,0,0,0,0,0,0,0,0
390943,2,1,1994,6,0,0,0,0,0,10,0,0,0
390944,1,1,1994,0,0,0,0,0,0,0,0,0,0
390944,2,1,1994,0,0,0,0,0,0,0,0,0,0
390945,1,1,1994,3,3,3,3,3,3,3,3,3,3
390945,2,1,1994,16,16,16,16,16,16,16,16,16,16
390946,1,1,1994,0,0,0,0,0,0,0,0,0,0
390946,2,1,1994,0,0,0,0,0,0,0,0,0,0
390947,1,1,1994,0,0,0,0,0,0,0,0,0,0
390947,2,1,1994,0,0,0,0,0,0,13,0,0,0
390948,1,1,1994,8,8,8,8,8,8,8,8,8,8
390949,0,1,1994,39,0,0,0,0,0,0,0,0,16
390949,1,1,1994,2,2,2,2,2,2,2,2,2,2
390950,1,1,1994,0,0,0,0,0,0,0,0,0,0
390950,2,1,1994,0,0,0,0,0,0,0,0,0,0
390951,1,1,1994,0,0,0,0,0,0,0,0,0,0
390952,0,1,1994,0,0,0,0,0,0,0,0,0,0
390952,1,1,1994,14,14,14,14,14,14,14,14,14,14
390953,1,1,1994,0,0,0,0,0,0,0,0,0,0
390953,2,1,1994,0,0,0,0,0,0,0,0,0,0
390953,3,1,1994,0,0,0,0,0,16,0,0,0,0
390953,4,1,1994,0,0,0,0,0,0,0,0,0,0
390953,5,1,1994,0,0,0,0,0,0,0,0,0,0
390953,6,1,1994,0,0,0,0,0,0,0,0,0,0
390954,1,1,1994,0,0,0,0,0,0,0,0,0,0
390954,2,1,1994,0,0,0,0,0,0,0,0,0,0
390955,0,1,1994,0,0,0,0,0,0,0,0,0,0
390955,1,1,1994,0,0,0,0,0,0,0,0,0,0
390956,1,1,1994,9,9,9,9,9,9,9,9,9,9
390957,1,1,1994,0,0,0,0,0,0,0,0,0,0
390958,1,1,1994,0,0,0,0,0,0,0,0,0,0
390958,2,1,1994,0,0,0,0,0,0,0,0,0,0
390958,3,1,1994,0,0,0,0,0,0,0,0,0,0
390959,1,1,1994,14,0,31,0,33,0,0,0,21,18
390960,1,1,1994,0,0,0,0,0,0,0,0,0,0
390961,1,1,1994,0,0,0,3,0,0,0,0,15,0
390962,1,1,1994,0,0,0,0,0,0,0,0,8,0
390962,2,1,1994,0,0,0,0,0,0,0,0,0,0
390963,1,1,1994,0,0,0,0,0,0,0,0,0,0
390963,2,1,1994,0,0,0,0,0,0,0,0,0,0
390964,0,1,1994,0,0,0,0,0,0,0,0,0,0
390964,1,1,1994,0,0,0,0,0,0,0,0,0,0
390965,1,1,1994,37,0,0,0,10,0,0,0,0,0
390966,1,1,1994,0,0,0,0,0,0,0,0,0,0
390966,2,1,1994,0,0,0,0,0,0,0,0,0,0
390967,1,1,1994,0,0,0,0,0,0,0,0,0,0
390967,2,1,1994,0,0,0,0,0,0,0,0,0,0
390968,1,1,1994,20,20,20,20,20,20,20,20,20,20
390969,1,1,1994,1,1,1,1,1,1,1,1,1,1
390969,2,1,1994,0,0,0,0,0,0,0,0,0,0
390971,1,1,1994,0,0,17,0,0,0,0,0,0,0
390971,2,1,1994,0,0,0,0,0,23,0,0,0,0
390971,3,1,1994,0,0,0,0,0,0,0,0,0,0
390972,1,1,1994,24,24,24,24,24,24,24,24,24,24
390973,1,1,1994,22,22,22,22,22,22,22,22,22,22
390974,1,1,1994,0,0,0,0,0,0,0,0,0,0
390974,2,1,1994,0,0,0,0,0,0,0,0,0,0
390975,1,1,1994,0,0,0,10,10,27,0,33,0,0
390976,1,1,1994,0,0,0,0,0,0,0,0,0,0
390976,2,1,1994,0,0,0,0,0,0,0,0,0,0
390977,1,1,1994,0,9,0,0,0,0,9,6,0,3
390978,0,1,1994,0,0,0,0,0,0,0,11,0,0
390978,1,1,1994,0,0,0,0,0,0,0,0,0,0
390979,1,1,1994,0,0,0,0,0,0,0,0,0,0
390980,1,1,1994,0,0,0,0,0,0,0,0,0,0
390980,2,1,1994,0,0,0,0,0,0,0,0,0,5
390981,0,1,1994,0,0,0,0,0,0,0,0,0,0
390981,1,1,1994,0,0,0,0,0,0,0,0,17,0
390982,1,1,1994,0,0,0,0,0,0,13,0,0,0
390983,0,1,1994,0,0,0,0,4,0,0,0,0,0
390983,1,1,1994,0,0,6,0,0,0,13,0,0,0
390984,1,1,1994,0,0,0,0,0,0,0,0,0,0
390984,2,1,1994,0,0,0,0,0,13,0,0,0,0
390985,1,1,1994,23,23,23,23,23,23,23,23,23,23
390985,2,1,1994,0,0,17,0,17,0,0,0,0,22
390986,1,1,1994,0,0,22,15,13,0,10,0,24,0
390987,1,1,1994,16,16,16,16,16,16,16,16,16,16
390987,2,1,1994,0,0,0,0,0,0,0,0,0,0
390988,0,1,1994,0,0,0,0,24,0,0,0,0,0
390988,1,1,1994,0,0,0,0,7,0,0,0,10,0
390989,1,1,1994,0,0,0,0,0,0,0,0,0,0
390990,1,1,1994,21,12,40,19,14,18,16,24,11,18