ST_CASE,VEH_NO,PER_NO,YEAR,P1,P2,P3,P4,P5,P6,P7,P8,P9,P10
390991,1,1,1994,21,0,0,20,0,0,0,0,0,0
390992,1,1,1994,0,0,0,0,0,0,0,0,0,0
390992,2,1,1994,0,0,0,0,0,0,0,0,0,0
390993,1,1,1994,0,0,0,0,0,0,0,0,0,0
390993,2,1,1994,0,0,0,0,0,0,0,0,0,0
390993,3,1,1994,0,0,0,0,0,0,0,0,0,0
390994,1,1,1994,0,0,0,0,0,0,0,0,0,0
390995,1,1,1994,4,33,14,0,0,35,0,15,32,22
390996,1,1,1994,0,0,0,0,0,0,0,0,0,0
390996,2,1,1994,0,0,0,0,0,3,0,0,0,0
390997,1,1,1994,0,0,0,0,0,0,0,0,0,0
390997,2,1,1994,0,0,0,0,0,0,0,0,0,0
390998,1,1,1994,0,0,0,0,0,0,0,0,0,0
390998,2,1,1994,0,0,0,0,0,0,0,0,0,0
390999,1,1,1994,22,22,22,22,22,22,22,22,22,22
390999,2,1,1994,0,0,0,0,0,0,0,0,0,0
391000,1,1,1994,23,23,23,23,23,23,23,23,23,23
391001,0,1,1994,0,0,0,0,0,0,0,0,0,0
391001,1,1,1994,25,0,0,0,11,0,0,0,0,0
391002,1,1,1994,0,0,0,0,0,0,0,0,0,0
391002,2,1,1994,0,0,0,0,0,0,0,0,0,0
391003,1,1,1994,11,28,15,30,22,7,24,29,0,10
391004,1,1,1994,14,14,14,14,14,14,14,14,14,14
391004,2,1,1994,0,0,0,0,0,0,0,0,0,0
391005,1,1,1994,11,11,11,11,11,11,11,11,11,11
391005,2,1,1994,0,0,0,0,0,0,0,0,12,0
391006,1,1,1994,0,0,0,0,0,0,0,0,0,0
391006,2,1,1994,0,0,0,0,0,0,0,0,0,0
391007,1,1,1994,0,0,0,0,0,0,0,0,0,0
391007,2,1,1994,0,0,0,0,0,0,0,0,0,0
391008,1,1,1994,0,0,0,0,0,0,0,0,0,0
391008,2,1,1994,15,15,15,15,15,15,15,15,15,15
391009,1,1,1994,14,14,14,14,14,14,14,14,14,14
391010,1,1,1994,17,23,33,12,30,20,24,13,12,30
391011,0,1,1994,0,0,0,0,0,0,0,0,0,0
391011,1,1,1994,0,0,0,0,0,0,0,0,0,0
391012,1,1,1994,0,0,0,0,0,0,0,0,0,0
391012,2,1,1994,0,0,0,0,0,0,14,0,0,0
391013,0,1,1994,0,0,0,9,0,19,0,18,0,0
391013,1,1,1994,0,0,0,0,0,0,0,0,0,0
391014,1,1,1994,0,0,0,0,0,0,0,0,0,0
391014,2,1,1994,0,0,0,0,0,0,0,0,0,0
391015,1,1,1994,0,0,0,0,0,0,0,0,0,0
391015,2,1,1994,0,0,0,0,0,0,0,0,0,0
391016,1,1,1994,23,23,23,23,23,23,23,23,23,23
391017,1,1,1994,0,0,0,0,0,0,0,0,0,0
391018,1,1,1994,9,9,9,9,9,9,9,9,9,9
391019,1,1,1994,0,0,0,0,0,0,0,0,0,0
391019,2,1,1994,5,5,5,5,5,5,5,5,5,5
391020,0,1,1994,0,0,0,0,0,0,0,10,0,29
391020,1,1,1994,0,0,0,15,19,0,0,0,0,0
391021,1,1,1994,0,0,0,0,0,0,0,0,0,9
391022,1,1,1994,0,25,0,4,0,0,0,21,0,0
391022,2,1,1994,0,14,0,0,0,0,0,0,0,0
391023,1,1,1994,0,0,0,0,0,0,0,0,0,0
391023,2,1,1994,0,0,0,0,0,0,0,0,0,0
391024,1,1,1994,0,0,0,0,0,0,16,0,0,0
391025,1,1,1994,0,0,0,0,0,0,0,0,0,0
391026,1,1,1994,0,0,0,0,0,0,0,0,0,0
391026,2,1,1994,0,0,0,0,0,0,0,0,0,0
391027,1,1,1994,0,0,0,0,0,0,0,0,0,0
391027,2,1,1994,0,0,0,0,0,0,0,0,0,0
391028,1,1,1994,0,0,0,0,0,0,0,0,0,0
391028,2,1,1994,0,0,13,0,0,0,0,10,0,0
391028,3,1,1994,0,0,0,0,0,0,0,0,0,0
391029,1,1,1994,0,0,0,0,0,0,0,0,0,0
391029,2,1,1994,0,0,0,0,0,0,0,0,0,0
391030,1,1,1994,0,0,0,0,0,0,0,0,0,0
391030,2,1,1994,0,0,0,0,0,0,0,0,0,0
391031,1,1,1994,19,19,19,19,19,19,19,19,19,19
391032,1,1,1994,21,21,21,21,21,21,21,21,21,21
391032,2,1,1994,0,0,0,0,0,0,0,0,0,0
391033,1,1,1994,22,0,0,0,0,0,0,0,0,22
391034,1,1,1994,0,0,0,0,0,0,0,0,0,0
391035,0,1,1994,0,11,15,25,35,0,7,14,27,0
391035,1,1,1994,0,0,11,0,13,17,12,27,12,14
391036,1,1,1994,0,0,0,0,0,0,0,0,0,0
391036,2,1,1994,0,0,31,0,0,0,0,0,0,0
391037,1,1,1994,0,0,27,7,0,0,0,16,0,0
391038,1,1,1994,10,10,10,10,10,10,10,10,10,10
391039,1,1,1994,34,17,19,16,30,0,26,25,21,11
391040,1,1,1994,6,14,22,13,8,27,6,15,17,8
391041,1,1,1994,9,0,15,31,19,15,14,0,7,9
391041,2,1,1994,6,0,0,0,0,0,0,0,0,0
391042,0,1,1994,12,12,12,12,12,12,12,12,12,12
391042,1,1,1994,0,0,0,13,0,0,0,0,0,0
391042,2,1,1994,0,0,0,0,0,0,0,0,0,0
391043,1,1,1994,0,0,0,0,0,0,0,0,0,0
391043,2,1,1994,0,0,0,0,0,0,0,0,3,0
391044,1,1,1994,0,0,0,0,0,0,0,0,0,0
391045,0,1,1994,0,0,0,0,0,0,0,0,0,0
391045,1,1,1994,0,0,0,0,0,0,0,0,0,0
391046,1,1,1994,0,0,15,0,0,0,0,0,0,3
391047,1,1,1994,6,12,38,0,25,16,20,17,5,12
391049,1,1,1994,0,0,0,0,0,0,0,0,0,0
391050,1,1,1994,39,28,35,13,16,23,31,21,23,42
391051,1,1,1994,0,0,0,0,10,0,0,0,0,0
391051,2,1,1994,0,0,0,0,0,0,0,0,0,0
391052,1,1,1994,0,0,0,0,0,0,0,0,0,0
391053,1,1,1994,10,10,10,10,10,10,10,10,10,10
391054,1,1,1994,0,0,0,7,0,15,0,0,0,0
391055,1,1,1994,0,29,0,0,0,0,0,0,40,0
391056,0,1,1994,3,3,3,3,3,3,3,3,3,3
391056,1,1,1994,0,0,0,0,0,0,0,0,0,0
391057,1,1,1994,0,0,0,0,0,0,0,0,0,0
391057,2,1,1994,24,0,29,9,15,14,0,17,19,8
391058,1,1,1994,0,0,5,0,0,0,0,0,0,0
391058,2,1,1994,0,0,0,0,0,0,0,0,0,0
391059,1,1,1994,0,0,0,8,0,0,5,0,0,0
391059,2,1,1994,0,0,0,0,0,0,0,0,0,0
391059,3,1,1994,0,0,0,0,0,12,0,0,0,0
391060,1,1,1994,0,0,0,0,0,0,0,16,0,0
391060,2,1,1994,0,0,0,0,0,0,0,0,0,0
391061,1,1,1994,0,0,0,0,0,9,0,0,0,0
391061,2,1,1994,0,0,0,0,0,0,0,0,0,0
391062,1,1,1994,0,0,0,0,0,0,0,0,0,0
391062,2,1,1994,0,0,0,0,0,0,0,0,0,0
391063,1,1,1994,0,0,0,0,0,0,0,0,0,0
391063,2,1,1994,0,0,0,0,0,0,0,0,0,0
391064,1,1,1994,0,0,0,0,0,0,0,0,0,0
391065,0,1,1994,0,0,0,0,0,0,0,0,0,0
391065,0,2,1994,0,0,0,0,0,0,0,0,0,0
391065,0,3,1994,10,16,0,0,0,8,0,0,32,0
391065,1,1,1994,0,0,0,0,0,0,0,0,0,0
391066,1,1,1994,23,23,23,23,23,23,23,23,23,23
391067,1,1,1994,0,0,0,0,0,0,0,0,0,0
391067,2,1,1994,0,0,0,0,0,10,0,0,0,0
391067,3,1,1994,0,0,0,0,0,0,0,0,6,0
391068,1,1,1994,0,0,0,0,0,0,0,0,0,0
391068,2,1,1994,0,0,0,0,0,0,0,0,0,0
391069,1,1,1994,0,0,22,0,0,0,0,0,0,0
391069,2,1,1994,18,0,27,0,13,30,0,26,0,0
391070,1,1,1994,0,0,0,0,0,0,0,0,0,0
391070,2,1,1994,0,0,0,0,0,0,0,0,0,0
391071,1,1,1994,0,0,16,0,6,0,0,0,0,0
391072,1,1,1994,0,0,0,0,0,0,0,0,0,0
391072,2,1,1994,0,0,0,0,0,0,0,0,0,0
391073,1,1,1994,23,21,7,0,0,11,16,20,0,0
391074,1,1,1994,0,0,0,0,0,0,0,0,0,0
391074,2,1,1994,0,0,0,15,0,0,0,0,8,13
391075,1,1,1994,0,0,0,0,0,0,23,0,0,0
391076,1,1,1994,21,16,21,0,38,0,15,0,28,0
391077,1,1,1994,0,0,15,0,0,0,0,0,0,0
391077,2,1,1994,0,0,0,0,0,0,0,0,0,0
391078,1,1,1994,29,29,29,29,29,29,29,29,29,29
391079,1,1,1994,0,0,0,0,0,0,0,0,0,0
391080,1,1,1994,0,0,0,0,0,0,0,0,0,0
391081,1,1,1994,0,0,0,0,0,0,0,0,0,0
391081,2,1,1994,0,0,0,0,0,0,0,0,0,0
391082,1,1,1994,0,0,0,0,0,0,0,0,0,0
391083,1,1,1994,23,23,23,23,23,23,23,23,23,23
391084,1,1,1994,0,0,0,0,0,0,0,0,0,0
391084,2,1,1994,0,0,0,0,0,0,0,0,0,0
391085,1,1,1994,10,10,10,10,10,10,10,10,10,10
391086,1,1,1994,19,19,19,19,19,19,19,19,19,19
391087,1,1,1994,0,0,0,0,0,0,0,0,0,0
391087,2,1,1994,0,0,0,0,0,0,0,0,0,0
391088,1,1,1994,0,0,0,0,0,0,0,0,0,0
391089,1,1,1994,8,15,0,0,12,0,0,0,0,40
391090,1,1,1994,0,0,0,0,0,0,0,0,0,0
391091,0,1,1994,0,0,0,0,0,0,0,0,0,0
391091,1,1,1994,0,0,0,0,0,0,0,0,0,0
391092,1,1,1994,0,0,0,23,0,0,18,0,0,0
391092,2,1,1994,0,0,0,0,0,0,0,0,0,0
391092,3,1,1994,0,0,0,0,0,0,0,0,0,0
391093,1,1,1994,0,0,0,0,0,0,0,0,0,0
391093,2,1,1994,0,0,0,0,0,0,0,0,0,0
391094,1,1,1994,0,0,0,0,0,0,0,0,0,0
391095,1,1,1994,0,0,0,0,0,0,0,0,0,0
391095,2,1,1994,0,0,0,0,0,0,0,0,0,0
391096,1,1,1994,0,0,0,0,0,0,0,0,0,0
391096,2,1,1994,0,0,0,0,0,0,0,0,0,0
391097,1,1,1994,0,0,0,0,0,0,0,0,0,0
391098,1,1,1994,0,0,0,0,0,0,0,0,0,0
391098,2,1,1994,0,0,0,0,0,0,0,0,0,0
391099,1,1,1994,19,16,9,0,0,13,0,0,12,0
391100,1,1,1994,0,0,0,11,0,0,0,0,0,0
391100,2,1,1994,0,0,11,0,0,0,2,0,0,0
391100,3,1,1994,0,0,0,0,0,0,0,0,0,0
391100,4,1,1994,0,0,0,0,0,0,0,16,0,0
391101,1,1,1994,0,0,0,0,7,0,0,0,0,0
391101,2,1,1994,0,0,0,0,0,0,0,0,0,0
391102,1,1,1994,0,0,0,0,0,0,0,0,0,0
391102,2,1,1994,0,0,0,0,0,0,0,0,0,0
391103,1,1,1994,0,0,0,0,0,0,0,0,0,0
391103,2,1,1994,0,0,0,0,0,0,0,0,0,0
391103,3,1,1994,0,0,0,0,0,0,30,0,0,0
391103,4,1,1994,0,0,0,0,0,0,0,0,0,0
391104,1,1,1994,0,0,0,0,0,0,0,0,0,0
391104,2,1,1994,0,0,0,0,0,0,0,0,0,0
391105,1,1,1994,0,0,0,0,0,0,0,0,0,0
391106,1,1,1994,0,0,0,0,0,0,0,0,0,0
391106,2,1,1994,0,0,0,0,0,0,0,0,0,0
391107,1,1,1994,0,12,0,0,0,0,0,13,2,0
391108,1,1,1994,13,13,13,13,13,13,13,13,13,13
391108,2,1,1994,0,0,0,0,0,0,0,0,0,0
391109,1,1,1994,14,14,14,14,14,14,14,14,14,14
391110,1,1,1994,22,22,22,22,22,22,22,22,22,22
391111,0,1,1994,0,0,0,0,0,0,0,0,0,0
391111,1,1,1994,0,0,22,0,20,0,0,0,0,0
391111,2,1,1994,0,0,0,0,0,0,0,0,0,0
391112,1,1,1994,22,0,0,0,7,0,0,0,16,0
391113,1,1,1994,0,0,0,0,0,0,0,0,0,0
391113,2,1,1994,0,0,0,0,0,0,0,0,0,0
391114,1,1,1994,0,0,0,0,0,0,0,0,0,0
391114,2,1,1994,0,0,0,0,0,0,0,0,0,0
391115,1,1,1994,0,0,0,0,0,0,0,0,0,0
391115,2,1,1994,0,0,0,0,0,0,0,0,0,0
391116,1,1,1994,13,13,13,13,13,13,13,13,13,13
391117,1,1,1994,0,0,0,0,0,0,0,0,0,0
391117,2,1,1994,0,0,0,0,0,0,0,0,0,0
391118,1,1,1994,0,0,0,0,0,0,0,0,0,0
391118,2,1,1994,0,0,0,0,14,9,0,26,0,23
391119,1,1,1994,0,0,0,0,0,0,0,0,0,0
391119,2,1,1994,0,0,0,0,26,0,0,0,0,0
391120,1,1,1994,0,0,0,0,0,0,0,0,0,0
391120,2,1,1994,0,0,0,0,0,0,0,0,0,0
391121,1,1,1994,8,8,8,8,8,8,8,8,8,8
391122,1,1,1994,0,0,0,0,0,0,0,0,0,0
391122,2,1,1994,0,0,0,0,0,0,0,0,0,0
391123,1,1,1994,0,0,0,0,0,0,0,0,0,0
391124,1,1,1994,18,18,18,18,18,18,18,18,18,18
391125,1,1,1994,0,0,0,0,0,0,0,10,0,0
391125,2,1,1994,0,0,0,0,0,0,0,0,0,0
391126,1,1,1994,0,0,0,0,0,0,0,0,0,0
391126,2,1,1994,0,20,0,0,8,0,11,0,0,0
391127,0,1,1994,0,0,0,0,0,0,0,0,0,0
391127,1,1,1994,0,0,0,0,0,0,0,0,0,0
391128,1,1,1994,0,0,0,0,0,0,0,0,0,0
391129,1,1,1994,0,0,0,0,0,0,0,0,0,0
391129,2,1,1994,0,0,0,0,0,0,0,0,0,0
391130,1,1,1994,0,0,0,0,0,0,0,0,0,0
391130,2,1,1994,0,0,0,0,0,0,0,0,0,0
391131,1,1,1994,0,0,0,0,0,0,0,0,0,0
391131,2,1,1994,0,0,0,0,0,0,0,0,0,0
391132,1,1,1994,0,0,0,0,0,0,0,0,0,0
391133,1,1,1994,0,0,0,0,0,0,0,0,0,0
391133,2,1,1994,0,0,8,0,0,0,0,0,0,0
391134,1,1,1994,0,0,0,0,0,0,0,0,0,0
391134,2,1,1994,0,0,0,0,0,0,0,0,0,0
391134,3,1,1994,0,0,0,0,0,0,0,0,0,0
391134,4,1,1994,0,0,0,0,0,0,0,0,0,0
391135,0,1,1994,0,0,0,0,0,0,0,0,0,0
391135,1,1,1994,12,0,0,0,0,0,0,0,0,0
391136,1,1,1994,0,0,0,0,0,0,0,0,0,0
391136,2,1,1994,0,0,0,0,0,0,0,37,0,0
391137,0,1,1994,0,0,19,0,0,0,0,0,0,0
391137,1,1,1994,0,0,0,0,0,0,0,28,0,0
391138,1,1,1994,0,0,0,0,0,0,0,0,0,0
391138,2,1,1994,0,0,0,9,0,0,0,0,0,0
391139,1,1,1994,0,0,0,0,0,0,0,0,0,0
391139,2,1,1994,0,0,0,0,0,0,0,0,0,0
391140,1,1,1994,0,13,0,0,0,0,0,0,0,0
391140,2,1,1994,0,0,7,0,0,0,0,0,0,0
391141,1,1,1994,0,0,15,0,0,0,0,0,0,0
391141,2,1,1994,22,0,0,0,0,0,0,0,0,0
391142,1,1,1994,0,0,0,0,0,0,0,0,0,0
391143,1,1,1994,0,0,0,0,5,0,0,0,0,0
391144,0,1,1994,0,0,0,0,0,0,0,0,0,0
391144,1,1,1994,0,0,0,0,9,0,0,10,0,0
391144,2,1,1994,0,0,0,0,0,0,0,0,0,0
391145,0,1,1994,17,0,0,0,0,49,0,0,0,0
391145,1,1,1994,0,0,0,0,0,0,0,0,0,0
391145,2,1,1994,0,0,0,0,0,0,0,0,18,0
391146,1,1,1994,0,0,0,0,0,0,0,0,0,0
391146,2,1,1994,0,8,0,0,0,0,0,0,0,0
391146,3,1,1994,0,0,0,0,0,0,0,0,0,0
391147,1,1,1994,0,0,0,0,0,0,0,0,0,0
391147,2,1,1994,0,0,0,0,0,0,0,0,8,0
391148,1,1,1994,0,0,0,0,0,0,0,0,0,0
391148,2,1,1994,0,0,0,0,0,0,0,5,0,0
391149,1,1,1994,0,0,0,0,0,0,0,0,0,0
391150,1,1,1994,13,0,21,0,3,0,0,0,25,11
391151,0,1,1994,44,44,44,44,44,44,44,44,44,44
391151,1,1,1994,7,0,0,0,0,0,0,0,0,0
391152,1,1,1994,1,1,1,1,1,1,1,1,1,1
391152,2,1,1994,0,0,0,0,0,0,0,0,0,0
391153,1,1,1994,0,0,0,0,0,0,0,0,0,0
391153,2,1,1994,0,0,0,0,0,0,0,0,0,0
391154,1,1,1994,0,0,0,0,0,0,0,0,0,0
391154,2,1,1994,0,0,0,0,0,0,0,0,0,0
391154,3,1,1994,0,0,0,0,0,0,0,0,0,0
391154,4,1,1994,0,0,0,0,0,0,0,0,0,0
391155,0,1,1994,0,0,0,0,0,0,0,0,0,0
391155,1,1,1994,0,0,0,0,0,0,0,0,0,0
391156,1,1,1994,0,16,29,20,22,13,16,0,0,21
391157,1,1,1994,21,0,15,18,11,12,18,22,18,11
391158,1,1,1994,0,0,0,0,0,0,0,0,0,0
391158,2,1,1994,0,0,0,0,0,0,0,0,0,0
391159,1,1,1994,20,20,20,20,20,20,20,20,20,20
391159,2,1,1994,14,0,0,4,0,0,0,0,7,18
391160,1,1,1994,0,21,19,25,0,0,16,0,0,18
391162,1,1,1994,0,0,0,0,0,0,0,0,0,0
391162,2,1,1994,0,0,0,0,0,0,0,0,0,0
391163,0,1,1994,0,0,0,0,0,0,28,0,0,0
391163,1,1,1994,0,0,0,0,0,0,0,0,0,0
391164,1,1,1994,0,10,0,0,0,10,0,0,0,0
391164,2,1,1994,0,0,0,0,0,0,0,0,0,0
391165,1,1,1994,0,0,0,0,0,0,0,0,0,0
391165,2,1,1994,0,0,0,0,0,0,0,0,0,0
391166,1,1,1994,0,0,0,0,0,0,0,0,0,0
391166,2,1,1994,0,0,0,0,0,0,0,0,0,0
391167,0,1,1994,0,0,0,0,18,0,0,0,0,0
391167,1,1,1994,0,0,0,0,0,0,0,0,0,0
391168,1,1,1994,0,0,0,0,0,0,0,0,0,0
391169,1,1,1994,7,7,7,7,7,7,7,7,7,7
391170,1,1,1994,0,0,0,0,0,0,0,0,0,0
391170,2,1,1994,0,0,0,0,0,0,0,0,0,0
391171,0,1,1994,0,0,0,0,0,0,0,0,0,0
391171,0,2,1994,0,0,0,0,0,0,16,0,0,0
391171,1,1,1994,0,0,0,0,0,0,0,0,0,0
391172,1,1,1994,17,16,4,4,0,4,0,7,11,7
391172,2,1,1994,0,0,0,0,0,0,0,0,0,0
391173,1,1,1994,0,0,0,0,0,0,0,0,0,0
391173,2,1,1994,0,0,0,0,3,0,0,0,0,0
391174,1,1,1994,0,0,0,0,0,0,0,0,0,0
391175,1,1,1994,0,0,0,0,0,0,0,0,0,0
391175,2,1,1994,0,0,0,0,0,0,0,0,0,0
391176,1,1,1994,0,0,0,0,7,0,0,0,0,0
391176,2,1,1994,0,0,0,0,0,0,0,0,0,0
391177,1,1,1994,0,0,0,0,0,0,0,0,0,0
391177,2,1,1994,0,0,0,8,0,0,0,0,0,0
391178,1,1,1994,0,20,0,0,0,0,0,0,0,0
391178,2,1,1994,0,0,0,0,0,0,0,0,0,0
391178,3,1,1994,7,7,7,7,7,7,7,7,7,7
391179,1,1,1994,16,16,16,16,16,16,16,16,16,16
391180,1,1,1994,0,0,0,0,0,0,0,0,0,0
391180,2,1,1994,0,0,0,0,0,0,0,0,0,0
391181,1,1,1994,0,0,0,0,0,0,0,0,0,0
391182,1,1,1994,0,0,0,0,0,0,0,0,0,0
391183,1,1,1994,0,0,0,0,0,0,0,0,0,0
391183,2,1,1994,0,0,0,0,0,0,0,0,0,0
391184,1,1,1994,0,0,0,0,0,0,0,0,0,0
391184,2,1,1994,6,6,6,6,6,6,6,6,6,6
391185,1,1,1994,0,0,0,0,0,0,0,0,0,0
391185,2,1,1994,0,0,0,0,0,0,0,0,0,0
391186,1,1,1994,25,5,21,0,0,0,0,0,0,11
391187,1,1,1994,0,0,0,0,0,0,0,0,0,0
391187,2,1,1994,0,0,0,0,0,0,0,0,0,0
391188,0,1,1994,0,0,0,0,0,0,0,0,0,0
391188,0,2,1994,0,0,0,0,0,0,0,0,7,0
391188,1,1,1994,0,0,0,0,0,0,0,0,0,0
391188,2,1,1994,0,0,0,0,0,0,0,0,0,0
391189,1,1,1994,0,0,0,0,0,0,0,0,7,0
391189,2,1,1994,0,0,0,0,0,0,0,0,0,0
391190,1,1,1994,8,8,8,8,8,8,8,8,8,8
391190,2,1,1994,0,0,0,0,0,0,0,0,0,0
391191,1,1,1994,0,0,0,0,0,0,0,0,0,0
391191,2,1,1994,0,0,0,0,0,0,0,0,0,0
391192,1,1,1994,0,0,0,0,0,0,0,16,0,0
391192,2,1,1994,0,0,0,0,0,0,0,0,0,0
391193,1,1,1994,0,0,0,0,0,0,0,0,0,0
391193,2,1,1994,0,0,0,0,0,0,0,0,0,0
391194,1,1,1994,0,19,0,0,31,18,28,20,23,23
391195,1,1,1994,0,0,0,0,0,0,0,0,0,0
391196,1,1,1994,0,0,0,0,25,0,0,0,37,0
391197,0,1,1994,0,0,0,0,0,0,0,0,0,0
391197,1,1,1994,0,0,0,0,0,0,0,0,0,0
391197,2,1,1994,0,0,6,0,0,0,0,0,0,9
391198,1,1,1994,0,0,0,0,0,0,0,0,0,0
391198,2,1,1994,0,0,0,0,12,0,0,0,0,0
391198,3,1,1994,0,8,0,0,0,0,0,0,0,0
391199,1,1,1994,14,3,37,28,27,24,20,30,29,34
391200,1,1,1994,0,0,0,0,0,0,0,0,16,19
391200,2,1,1994,0,0,0,0,0,0,0,0,0,0
391201,1,1,1994,0,0,0,27,0,0,0,0,0,0
391202,0,1,1994,0,0,0,0,0,0,0,0,0,0
391202,1,1,1994,0,0,0,0,0,0,0,0,0,0
391204,1,1,1994,0,0,26,0,0,0,0,20,16,0
391205,1,1,1994,0,0,0,0,0,0,5,0,0,0
391205,2,1,1994,0,0,0,0,0,0,0,0,16,0
391206,1,1,1994,0,0,0,0,0,0,0,0,0,0
391206,2,1,1994,0,0,0,0,0,0,19,0,0,0
391207,0,1,1994,0,0,0,0,0,0,35,0,0,0
391207,1,1,1994,0,0,0,0,0,0,0,0,0,12
391208,1,1,1994,0,0,0,0,0,0,21,0,0,0
391208,2,1,1994,0,0,0,0,0,0,0,0,0,0
391209,1,1,1994,0,0,0,0,0,0,0,0,0,0
391210,1,1,1994,0,0,0,0,0,0,0,0,0,0
391210,2,1,1994,0,5,0,0,0,0,0,0,0,0
391210,3,1,1994,0,0,0,0,0,0,0,0,0,0
391210,4,1,1994,0,0,0,0,0,0,0,0,0,0
391211,1,1,1994,0,14,0,0,32,44,0,26,20,0
391212,1,1,1994,0,0,0,0,0,0,0,0,0,0
391213,1,1,1994,0,0,0,0,0,0,0,0,0,0
391214,1,1,1994,0,0,0,0,0,0,0,0,0,0
391214,2,1,1994,0,0,0,0,0,0,7,0,0,0
391215,1,1,1994,0,0,0,0,0,0,0,0,0,0
391215,2,1,1994,0,0,0,0,0,0,0,0,0,0
391217,1,1,1994,0,0,0,0,0,0,0,0,0,0
391217,2,1,1994,0,0,0,0,0,0,0,0,0,0
391218,1,1,1994,0,0,0,0,0,0,0,0,0,0
391219,1,1,1994,0,0,0,0,0,0,0,0,0,0
391219,2,1,1994,0,0,0,0,0,0,0,0,0,0
391220,1,1,1994,18,18,18,18,18,18,18,18,18,18
391220,2,1,1994,0,0,0,0,0,0,0,0,0,0
391221,1,1,1994,0,0,0,0,0,0,0,0,0,0
391221,2,1,1994,0,0,0,0,0,0,0,0,0,0
391222,1,1,1994,31,31,31,31,31,31,31,31,31,31
391223,1,1,1994,0,0,0,0,0,0,0,0,0,0
391223,2,1,1994,20,20,20,20,20,20,20,20,20,20
391224,0,1,1994,21,21,21,21,21,21,21,21,21,21
391224,1,1,1994,0,0,0,0,0,0,0,0,0,0
391225,1,1,1994,0,0,0,0,0,0,0,0,0,13
391225,2,1,1994,10,10,10,10,10,10,10,10,10,10
391226,1,1,1994,21,21,21,21,21,21,21,21,21,21
391226,2,1,1994,0,0,0,32,0,0,0,0,0,0
391227,1,1,1994,0,0,0,0,0,0,0,0,0,0
391227,2,1,1994,0,0,0,0,0,0,0,0,0,0
391229,0,1,1994,0,0,0,14,0,0,30,0,36,0
391229,1,1,1994,0,0,0,0,12,0,0,0,0,0
391230,1,1,1994,0,0,0,0,0,0,0,0,0,0
391230,2,1,1994,0,0,0,0,24,0,0,0,0,0
391230,3,1,1994,0,0,0,0,0,0,0,0,0,0
391231,1,1,1994,0,0,10,0,0,0,0,0,0,0
391231,2,1,1994,0,0,0,0,0,0,0,0,0,0
400001,1,1,1994,0,0,0,0,0,0,0,0,0,0
400001,2,1,1994,0,17,0,0,0,0,20,0,0,0
400002,1,1,1994,21,21,21,21,21,21,21,21,21,21
400003,1,1,1994,0,0,0,0,0,0,0,0,0,0
400003,2,1,1994,0,4,0,0,0,0,0,0,0,0
400004,1,1,1994,0,0,0,0,0,0,0,0,0,0
400005,1,1,1994,5,5,5,5,5,5,5,5,5,5
400006,1,1,1994,0,0,0,0,0,0,0,0,0,0
400006,2,1,1994,0,0,0,0,28,0,0,0,0,17
400007,1,1,1994,0,0,0,0,0,0,0,0,0,0
400008,0,1,1994,22,22,22,22,22,22,22,22,22,22
400008,1,1,1994,3,3,3,3,3,3,3,3,3,3
400009,1,1,1994,0,0,0,0,0,0,0,0,0,0
400009,2,1,1994,0,0,0,0,0,0,0,0,0,0
400010,1,1,1994,12,13,0,0,23,0,0,20,11,16
400011,1,1,1994,0,0,0,0,0,0,0,0,0,0
400011,2,1,1994,0,0,0,0,0,0,0,0,0,0
400011,3,1,1994,0,0,0,0,0,0,0,0,0,0
400012,1,1,1994,27,27,27,27,27,27,27,27,27,27
400013,1,1,1994,0,0,0,0,0,0,0,0,0,0
400014,1,1,1994,8,8,8,8,8,8,8,8,8,8
400015,1,1,1994,0,0,0,0,0,0,0,0,0,0
400016,1,1,1994,32,0,0,0,0,0,13,0,0,0
400017,1,1,1994,26,26,26,26,26,26,26,26,26,26
400018,1,1,1994,17,17,17,17,17,17,17,17,17,17
400019,1,1,1994,0,0,0,0,12,0,0,0,0,0
400020,1,1,1994,0,0,0,0,0,0,0,0,0,0
400020,2,1,1994,0,0,0,0,0,0,0,0,0,0
400021,1,1,1994,17,17,17,17,17,17,17,17,17,17
400022,1,1,1994,21,0,0,0,0,0,0,0,0,0
400023,1,1,1994,19,19,19,19,19,19,19,19,19,19
400024,1,1,1994,0,0,0,0,0,0,0,0,0,0
400024,2,1,1994,0,0,0,0,0,0,0,0,0,0
400025,1,1,1994,31,31,31,31,31,31,31,31,31,31
400026,1,1,1994,16,16,16,16,16,16,16,16,16,16
400027,1,1,1994,0,0,0,0,0,0,0,0,5,0
400027,2,1,1994,16,5,0,0,0,0,0,0,0,0
400028,1,1,1994,0,0,0,0,0,0,0,0,0,0
400029,1,1,1994,16,16,16,16,16,16,16,16,16,16
400030,1,1,1994,5,5,5,5,5,5,5,5,5,5
400031,1,1,1994,0,0,0,0,0,0,0,0,0,0
400032,1,1,1994,0,0,0,0,0,0,0,0,0,0
400032,2,1,1994,0,0,0,0,0,0,0,0,0,0
400033,1,1,1994,0,0,0,0,0,0,0,0,0,0
400033,2,1,1994,0,0,0,0,0,0,0,0,0,0
400034,1,1,1994,13,13,13,13,13,13,13,13,13,13
400035,1,1,1994,17,17,17,17,17,17,17,17,17,17
400035,2,1,1994,0,0,0,0,0,0,0,0,0,0
400036,1,1,1994,0,0,0,0,0,0,0,0,0,0
400036,2,1,1994,0,0,0,0,0,0,0,0,0,0
400037,1,1,1994,0,0,0,0,0,0,0,0,0,0
400038,1,1,1994,0,0,0,0,0,0,0,0,0,0