ST_CASE,VEH_NO,PER_NO,YEAR,P1,P2,P3,P4,P5,P6,P7,P8,P9,P10
420962,1,1,1994,26,26,26,26,26,26,26,26,26,26
420963,1,1,1994,0,0,0,0,0,0,0,0,0,15
420964,1,1,1994,17,17,17,17,17,17,17,17,17,17
420965,1,1,1994,0,30,12,14,29,7,9,34,7,5
420965,2,1,1994,0,0,0,0,21,0,0,0,0,0
420966,1,1,1994,0,0,0,3,0,0,0,13,6,0
420966,2,1,1994,0,0,0,0,0,0,0,0,0,0
420967,1,1,1994,0,0,0,0,0,0,0,0,0,0
420967,2,1,1994,0,0,0,0,0,0,0,0,0,0
420968,1,1,1994,0,11,0,0,13,0,0,0,0,29
420969,1,1,1994,0,0,0,0,0,0,0,0,0,0
420970,1,1,1994,18,9,0,0,0,0,0,6,22,0
420971,1,1,1994,0,0,0,0,0,0,0,0,0,0
420971,2,1,1994,0,0,0,0,0,0,0,0,0,0
420972,0,1,1994,0,0,0,0,0,0,0,0,0,16
420972,1,1,1994,0,0,0,0,0,0,7,0,0,0
420973,1,1,1994,0,0,0,0,0,0,0,0,0,0
420974,1,1,1994,0,16,13,14,7,13,0,0,18,20
420974,2,1,1994,20,20,7,19,18,28,13,18,0,6
420975,1,1,1994,13,13,13,13,13,13,13,13,13,13
420976,1,1,1994,0,0,0,0,0,0,0,0,0,0
420976,2,1,1994,0,0,0,0,0,0,0,0,0,0
420977,1,1,1994,0,0,0,0,0,0,0,0,0,0
420977,2,1,1994,0,0,0,0,2,0,0,0,0,0
420978,1,1,1994,28,28,28,28,28,28,28,28,28,28
420979,1,1,1994,34,28,19,23,16,6,26,15,27,29
420980,1,1,1994,22,22,22,22,22,22,22,22,22,22
420981,1,1,1994,0,0,0,0,0,0,0,0,0,0
420982,1,1,1994,0,0,0,0,0,0,0,0,0,0
420983,1,1,1994,12,12,12,12,12,12,12,12,12,12
420984,1,1,1994,20,20,20,20,20,20,20,20,20,20
420985,1,1,1994,14,0,0,0,0,14,18,0,14,0
420985,2,1,1994,0,0,0,0,0,0,0,0,0,0
420986,1,1,1994,19,19,19,19,19,19,19,19,19,19
420987,1,1,1994,20,20,20,20,20,20,20,20,20,20
420987,2,1,1994,0,0,0,0,0,0,0,0,0,0
420988,0,1,1994,25,25,25,25,25,25,25,25,25,25
420988,1,1,1994,0,0,0,0,0,0,0,0,0,0
420989,1,1,1994,0,0,0,0,9,0,0,0,0,0
420990,0,1,1994,8,8,8,8,8,8,8,8,8,8
420990,1,1,1994,0,0,0,0,0,0,0,0,0,0
420991,1,1,1994,0,0,0,0,0,0,0,0,0,0
420991,2,1,1994,0,0,0,0,0,0,0,0,0,0
420992,1,1,1994,16,16,16,16,16,16,16,16,16,16
420993,1,1,1994,20,20,20,20,20,20,20,20,20,20
420994,1,1,1994,0,0,0,0,0,0,0,0,0,0
420994,2,1,1994,0,0,0,0,0,0,0,0,0,0
420995,1,1,1994,38,19,25,8,15,7,0,7,10,22
420996,1,1,1994,0,0,39,0,19,16,28,0,0,0
420996,2,1,1994,0,0,0,0,0,0,0,0,0,0
420997,1,1,1994,29,29,29,29,29,29,29,29,29,29
420999,1,1,1994,0,0,0,0,0,0,0,0,0,0
420999,2,1,1994,0,0,0,0,0,0,0,0,0,0
420999,3,1,1994,0,0,0,0,0,0,0,0,0,0
420999,4,1,1994,0,0,0,0,0,0,0,0,0,0
420999,5,1,1994,0,0,14,0,0,0,0,0,0,0
420999,6,1,1994,0,0,0,0,0,0,0,0,0,0
421000,1,1,1994,7,5,0,0,6,16,8,7,19,4
421001,1,1,1994,0,0,0,0,0,0,0,0,0,0
421001,2,1,1994,0,0,0,0,0,0,0,0,0,0
421001,3,1,1994,0,0,0,0,0,0,6,0,0,0
421002,1,1,1994,18,21,18,19,15,15,19,20,21,15
421003,1,1,1994,0,0,0,0,0,0,0,0,0,0
421004,1,1,1994,0,0,0,3,0,0,0,0,0,0
421004,2,1,1994,0,0,9,0,0,0,17,0,0,0
421005,1,1,1994,0,0,0,0,0,0,9,8,0,0
421006,1,1,1994,29,15,9,8,25,17,6,17,18,23
421007,0,1,1994,0,0,0,0,0,0,0,0,0,0
421007,1,1,1994,0,0,0,0,0,0,0,0,0,0
421008,0,1,1994,0,0,0,0,0,0,0,0,0,0
421008,1,1,1994,19,0,0,0,0,0,0,0,0,0
421009,1,1,1994,0,0,0,0,0,0,0,0,0,0
421010,1,1,1994,0,0,0,0,0,6,0,0,0,0
421010,2,1,1994,0,0,0,0,0,0,0,0,0,0
421011,1,1,1994,22,0,0,0,0,0,0,0,35,0
421011,2,1,1994,0,0,0,0,0,0,0,0,0,0
421012,1,1,1994,22,22,22,22,22,22,22,22,22,22
421013,0,1,1994,0,0,0,0,0,0,0,0,0,0
421013,1,1,1994,10,10,10,10,10,10,10,10,10,10
421014,1,1,1994,0,0,0,0,0,0,0,0,0,0
421015,0,1,1994,6,12,0,0,24,24,0,19,22,0
421015,1,1,1994,0,0,0,0,0,0,0,0,0,0
421016,0,1,1994,0,0,0,0,0,27,0,0,0,0
421016,1,1,1994,0,0,0,0,0,0,0,0,0,0
421017,1,1,1994,22,22,22,22,22,22,22,22,22,22
421018,0,1,1994,0,0,0,0,0,0,0,0,0,0
421018,1,1,1994,0,0,0,0,0,0,0,0,0,0
421019,1,1,1994,0,0,0,0,0,0,0,0,0,0
421019,2,1,1994,0,0,0,0,0,0,0,0,0,0
421020,1,1,1994,0,0,0,0,0,0,0,0,0,0
421020,2,1,1994,0,0,0,0,0,0,0,0,0,0
421021,1,1,1994,12,12,12,12,12,12,12,12,12,12
421022,1,1,1994,14,14,14,14,14,14,14,14,14,14
421022,2,1,1994,0,0,0,0,0,0,0,0,0,0
421023,1,1,1994,0,0,0,0,0,0,0,0,0,0
421023,2,1,1994,0,0,0,0,0,0,0,0,0,0
421024,1,1,1994,0,0,0,0,0,0,0,0,0,0
421024,2,1,1994,29,0,21,29,0,0,0,0,0,0
421025,1,2,1994,24,21,35,18,26,4,30,18,11,11
421026,1,1,1994,11,11,11,11,11,11,11,11,11,11
421026,2,1,1994,0,0,0,0,0,0,0,0,0,0
421027,1,1,1994,20,20,20,20,20,20,20,20,20,20
421028,1,1,1994,19,0,12,0,15,0,5,0,0,16
421029,1,1,1994,32,32,32,32,32,32,32,32,32,32
421030,1,1,1994,10,0,9,0,0,0,0,19,0,0
421030,2,1,1994,0,7,5,0,0,0,19,11,20,0
421031,1,1,1994,8,8,8,8,8,8,8,8,8,8
421032,1,1,1994,34,17,9,7,5,21,35,9,11,7
421032,2,1,1994,0,0,0,0,0,0,0,0,0,0
421033,1,1,1994,17,17,17,17,17,17,17,17,17,17
421034,1,1,1994,0,0,0,0,0,0,0,0,0,0
421034,2,1,1994,0,0,0,0,0,0,0,0,0,0
421035,1,1,1994,28,28,28,28,28,28,28,28,28,28
421036,1,1,1994,0,0,0,0,0,0,0,0,0,0
421036,2,1,1994,0,0,0,0,0,0,0,0,0,0
421036,3,1,1994,0,0,16,0,0,0,0,0,0,0
421037,1,1,1994,17,17,17,17,17,17,17,17,17,17
421038,1,1,1994,15,15,15,15,15,15,15,15,15,15
421039,1,1,1994,1,1,1,1,1,1,1,1,1,1
421039,2,1,1994,0,0,0,0,0,0,0,0,0,0
421039,3,1,1994,0,0,0,0,0,0,0,0,0,0
421040,1,1,1994,15,15,15,15,15,15,15,15,15,15
421041,1,1,1994,0,0,0,0,0,0,0,0,0,0
421041,2,1,1994,0,0,0,0,0,0,0,0,0,0
421042,1,1,1994,18,18,18,18,18,18,18,18,18,18
421043,1,1,1994,20,20,20,20,20,20,20,20,20,20
421044,1,1,1994,36,36,36,36,36,36,36,36,36,36
421044,2,1,1994,0,0,0,0,0,0,0,0,0,0
421045,1,1,1994,16,16,16,16,16,16,16,16,16,16
421046,1,1,1994,8,8,8,8,8,8,8,8,8,8
421047,1,1,1994,2,2,2,2,2,2,2,2,2,2
421048,1,1,1994,0,0,0,0,0,0,0,0,0,0
421049,1,1,1994,0,0,0,0,0,0,0,0,0,0
421050,1,1,1994,30,7,23,18,15,11,10,11,19,18
421051,1,1,1994,0,0,0,0,0,0,0,0,0,0
421051,2,1,1994,0,0,0,0,0,0,0,0,0,0
421051,3,1,1994,0,0,0,0,0,0,0,0,0,0
421052,1,1,1994,24,24,24,24,24,24,24,24,24,24
421053,1,1,1994,15,15,15,15,15,15,15,15,15,15
421054,0,1,1994,0,0,0,0,0,0,0,0,0,0
421054,1,1,1994,0,0,0,0,0,0,0,0,0,0
421055,0,1,1994,0,0,0,0,0,0,0,0,0,0
421055,1,1,1994,0,0,0,0,0,0,0,0,0,0
421056,1,1,1994,0,0,0,0,0,0,0,0,0,0
421056,2,1,1994,0,0,0,0,0,0,0,0,0,0
421057,1,1,1994,6,0,23,11,26,16,28,12,3,0
421058,1,1,1994,18,18,18,18,18,18,18,18,18,18
421058,2,1,1994,0,0,0,0,0,0,0,0,0,0
421058,3,1,1994,0,0,0,0,0,0,9,0,0,0
421059,1,1,1994,0,0,0,0,0,18,0,0,0,0
421060,1,1,1994,19,19,19,19,19,19,19,19,19,19
421061,1,1,1994,0,0,0,0,0,0,5,0,0,0
421061,2,1,1994,9,9,9,9,9,9,9,9,9,9
421062,1,1,1994,33,33,33,33,33,33,33,33,33,33
421062,2,1,1994,0,0,0,0,0,0,0,0,0,0
421063,1,1,1994,0,0,0,0,0,11,0,0,0,0
421064,1,1,1994,0,0,0,0,0,0,3,9,0,0
421064,2,1,1994,0,0,0,0,8,0,0,0,0,0
421065,1,1,1994,9,9,9,9,9,9,9,9,9,9
421065,2,1,1994,0,0,0,0,0,0,0,0,0,0
421066,1,1,1994,0,0,0,0,0,0,0,0,0,0
421066,2,1,1994,0,2,0,0,8,0,0,0,0,0
421067,1,1,1994,0,0,0,0,0,0,0,0,0,0
421067,2,1,1994,0,0,0,0,0,0,0,0,0,0
421067,3,1,1994,0,0,0,0,0,0,0,0,0,0
421068,1,1,1994,0,19,2,0,0,18,0,0,0,0
421069,1,1,1994,39,16,11,20,16,13,17,29,13,36
421070,1,1,1994,0,0,0,0,0,0,0,19,0,0
421070,2,1,1994,0,0,0,0,0,0,0,0,0,0
421071,1,1,1994,0,0,0,0,0,0,0,0,0,0
421071,2,1,1994,0,0,0,0,0,0,0,0,0,0
421071,3,1,1994,0,0,0,0,0,0,0,0,0,0
421071,4,1,1994,0,0,0,0,0,0,0,0,0,0
421072,1,1,1994,0,0,0,0,0,0,0,0,0,0
421072,2,1,1994,0,0,0,0,0,0,0,0,0,0
421072,3,1,1994,0,0,0,0,0,0,0,0,0,20
421072,4,1,1994,0,0,0,0,0,0,0,0,0,0
421073,1,1,1994,0,0,0,0,0,0,0,0,0,0
421073,2,1,1994,0,0,0,0,0,0,0,0,0,0
421074,1,1,1994,20,0,0,0,0,0,16,0,7,0
421074,2,1,1994,12,0,0,0,6,0,0,0,0,0
421074,3,1,1994,0,0,0,0,0,0,0,0,0,7
421075,1,1,1994,0,0,0,0,0,10,0,0,0,0
421075,2,1,1994,0,0,0,0,0,0,0,0,0,0
421076,1,1,1994,0,0,0,0,0,0,0,0,0,0
421076,2,1,1994,0,0,0,0,0,0,0,0,0,9
421077,0,1,1994,0,0,0,0,0,0,0,0,0,0
421077,1,1,1994,0,0,0,0,0,0,0,0,0,0
421078,1,1,1994,0,0,0,0,0,0,0,0,0,0
421078,2,1,1994,0,0,0,0,0,0,0,0,0,0
421078,3,1,1994,0,0,0,0,0,0,0,0,0,0
421079,1,1,1994,39,19,11,15,12,10,34,11,31,10
421080,1,1,1994,0,0,0,0,0,0,0,0,0,0
421081,1,1,1994,0,6,0,0,0,27,25,0,12,0
421081,2,1,1994,0,0,0,0,29,0,0,0,0,6
421082,1,1,1994,0,0,0,0,0,0,0,0,0,0
421082,2,1,1994,0,0,0,0,0,0,0,0,0,0
421083,0,1,1994,0,0,0,0,0,0,0,0,0,0
421083,0,2,1994,0,0,0,0,0,0,0,0,0,0
421083,1,1,1994,0,0,0,0,0,0,0,0,0,0
421084,1,1,1994,0,0,0,0,0,0,0,0,0,0
421084,2,1,1994,0,0,0,0,0,0,0,0,0,0
421085,1,1,1994,0,0,0,0,0,0,0,0,0,0
421085,2,1,1994,0,0,9,0,0,0,0,0,0,0
421086,1,1,1994,0,0,0,0,0,0,0,0,0,0
421086,2,1,1994,0,0,0,0,0,0,0,0,0,0
421087,1,1,1994,0,0,0,0,0,0,0,0,0,0
421087,2,1,1994,0,0,21,0,0,0,0,0,0,0
421088,1,1,1994,0,0,0,0,0,0,0,0,0,0
421088,2,1,1994,0,0,0,0,0,0,0,0,0,0
421089,1,1,1994,0,0,0,0,0,0,0,0,0,0
421089,2,1,1994,0,0,0,0,0,0,0,0,0,0
421089,3,1,1994,0,9,0,0,0,0,0,0,0,0
421090,1,1,1994,0,0,0,0,0,0,0,0,0,0
421090,2,1,1994,0,5,0,0,0,1,0,0,0,0
421091,1,1,1994,0,0,0,0,0,0,0,0,0,0
421092,1,1,1994,0,0,0,0,0,0,0,0,0,0
421092,2,1,1994,0,0,0,0,0,0,0,0,0,0
421093,1,1,1994,0,23,20,21,12,24,10,21,6,30
421093,2,1,1994,27,0,0,0,4,0,0,0,0,0
421094,0,1,1994,15,15,15,15,15,15,15,15,15,15
421094,1,1,1994,0,0,0,0,0,0,0,0,0,0
421095,1,1,1994,23,23,23,23,23,23,23,23,23,23
421095,2,1,1994,0,0,0,0,14,0,0,0,0,0
421096,1,1,1994,0,0,0,0,0,0,0,0,0,0
421096,2,1,1994,0,0,0,0,0,0,0,0,0,0
421097,1,1,1994,0,0,0,0,5,0,0,0,0,0
421098,0,1,1994,0,0,0,0,0,0,0,0,0,0
421098,1,1,1994,0,0,0,0,0,0,0,0,0,0
421099,1,1,1994,15,15,15,15,15,15,15,15,15,15
421099,2,1,1994,0,0,0,0,0,0,0,0,0,0
421100,1,1,1994,0,0,0,0,0,0,0,6,0,0
421101,1,1,1994,0,0,0,0,0,0,0,30,0,18
421102,1,1,1994,0,0,0,0,0,0,0,0,0,0
421102,2,1,1994,0,0,0,0,0,0,0,0,0,0
421103,1,1,1994,0,0,0,0,0,0,0,0,0,0
421104,1,1,1994,0,0,0,0,0,0,0,0,0,0
421104,2,1,1994,0,0,0,0,0,0,0,0,0,0
421105,0,1,1994,0,0,21,5,0,29,13,0,10,0
421105,1,1,1994,0,0,0,0,0,0,0,0,0,0
421106,1,1,1994,7,7,7,7,7,7,7,7,7,7
421106,2,1,1994,9,9,9,9,9,9,9,9,9,9
421107,1,1,1994,3,3,3,3,3,3,3,3,3,3
421107,2,1,1994,17,17,17,17,17,17,17,17,17,17
421108,0,1,1994,0,0,0,0,0,0,0,0,0,0
421108,1,1,1994,0,0,0,0,0,0,0,0,0,0
421109,1,1,1994,0,0,0,0,0,0,0,0,48,0
421109,2,1,1994,0,0,0,0,0,0,0,0,0,0
421110,1,1,1994,25,25,25,25,25,25,25,25,25,25
421111,1,1,1994,1,1,1,1,1,1,1,1,1,1
421112,0,1,1994,0,0,0,0,0,0,0,0,0,0
421112,1,1,1994,0,0,0,0,0,0,0,0,0,0
421113,1,1,1994,10,17,0,18,11,19,19,22,34,15
421114,1,1,1994,0,0,0,0,0,0,0,0,0,0
421114,2,1,1994,0,0,0,0,0,0,0,0,0,0
421115,1,1,1994,29,0,0,0,0,12,23,0,0,0
421116,1,1,1994,21,21,21,21,21,21,21,21,21,21
421117,1,1,1994,0,0,0,0,0,0,0,0,0,0
421117,2,1,1994,0,0,0,0,17,0,0,0,0,0
421118,1,1,1994,12,12,12,12,12,12,12,12,12,12
421119,1,1,1994,0,0,0,6,0,0,0,0,0,0
421119,2,1,1994,0,0,0,0,0,0,0,0,0,0
421120,1,1,1994,0,0,0,0,0,0,0,0,0,0
421120,2,1,1994,0,0,24,0,0,0,0,0,0,0
421121,1,1,1994,0,0,0,0,0,0,0,0,0,0
421121,2,1,1994,0,0,0,4,0,0,0,0,0,0
421122,1,1,1994,0,0,0,0,0,0,0,0,0,0
421122,2,1,1994,0,0,7,0,8,0,11,0,0,0
421123,1,1,1994,0,0,0,0,0,0,0,0,0,0
421124,1,1,1994,0,14,0,28,0,23,0,0,0,0
421124,2,1,1994,0,8,0,0,21,10,0,26,0,0
421124,3,1,1994,0,0,0,0,0,0,0,0,0,0
421125,0,1,1994,0,0,0,0,0,0,0,0,0,0
421125,1,1,1994,0,0,0,15,0,0,0,0,15,0
421126,1,1,1994,13,13,13,13,13,13,13,13,13,13
421127,1,1,1994,0,0,0,0,0,0,0,0,0,0
421127,2,1,1994,0,0,0,0,0,0,0,0,0,0
421128,1,1,1994,0,0,0,0,0,0,0,0,0,0
421129,1,1,1994,0,0,0,0,0,0,0,0,0,0
421129,2,1,1994,0,0,0,0,0,0,0,0,0,14
421129,3,1,1994,0,0,0,0,0,0,0,0,0,0
421130,1,1,1994,0,0,0,0,0,0,0,0,0,0
421130,2,1,1994,0,0,0,0,0,0,0,0,0,20
421131,0,1,1994,0,0,0,0,0,0,0,0,0,0
421131,1,1,1994,0,21,0,0,21,25,9,0,15,0
421132,0,1,1994,0,0,0,0,0,0,0,0,0,0
421132,0,2,1994,14,0,13,0,10,27,12,0,0,0
421132,0,3,1994,0,0,0,0,0,0,0,8,20,45
421132,1,1,1994,16,10,0,16,15,0,26,22,28,28
421132,3,1,1994,0,0,0,27,0,0,0,12,0,11
421133,1,1,1994,19,19,19,19,19,19,19,19,19,19
421134,1,1,1994,19,19,19,19,19,19,19,19,19,19
421135,1,1,1994,18,18,18,18,18,18,18,18,18,18
421136,1,1,1994,0,0,0,0,0,0,0,0,0,0
421136,2,1,1994,0,0,0,0,0,0,0,0,0,0
421137,1,1,1994,23,23,23,23,23,23,23,23,23,23
421138,1,1,1994,0,0,0,0,0,0,0,0,13,0
421139,1,1,1994,0,0,0,10,0,0,0,0,7,0
421140,1,1,1994,0,0,0,0,0,0,0,0,0,0
421140,2,1,1994,0,0,0,0,0,0,0,0,0,0
421141,0,1,1994,0,0,0,0,0,0,0,0,0,0
421141,1,1,1994,20,0,0,0,0,0,0,0,0,27
421142,1,1,1994,0,0,0,0,0,0,0,0,0,0
421142,2,1,1994,0,0,0,6,0,0,0,0,0,0
421143,1,1,1994,23,23,23,23,23,23,23,23,23,23
421143,2,1,1994,0,0,0,0,0,0,0,0,0,0
421144,1,1,1994,14,14,14,14,14,14,14,14,14,14
421145,1,1,1994,0,0,0,0,0,0,0,0,0,9
421145,2,1,1994,0,0,0,0,0,0,0,0,0,0
421146,1,1,1994,16,0,0,0,0,0,0,0,0,0
421146,2,1,1994,0,0,0,0,0,0,0,0,15,0
421147,1,1,1994,21,21,19,8,15,10,11,21,17,12
421148,1,1,1994,0,0,0,0,0,0,0,0,0,0
421149,1,1,1994,12,12,12,12,12,12,12,12,12,12
421150,1,1,1994,29,29,29,29,29,29,29,29,29,29
421150,2,1,1994,0,0,15,0,0,17,0,0,0,0
421151,1,1,1994,0,0,0,0,0,0,0,0,0,0
421152,1,1,1994,26,26,26,26,26,26,26,26,26,26
421152,2,1,1994,0,0,0,0,0,0,7,0,0,0
421152,3,1,1994,0,0,0,0,0,0,0,27,0,0
421153,1,1,1994,20,20,20,20,20,20,20,20,20,20
421153,2,1,1994,0,0,0,0,0,10,33,20,0,0
421154,1,1,1994,0,0,0,0,0,0,0,0,0,0
421154,2,1,1994,0,0,0,0,9,0,0,0,0,0
421155,1,1,1994,6,6,6,6,6,6,6,6,6,6
421155,2,1,1994,0,0,0,0,0,11,0,0,0,0
421156,1,1,1994,0,0,0,0,0,0,0,0,0,0
421156,2,1,1994,0,0,0,0,0,0,32,0,0,0
421157,1,1,1994,0,0,0,10,20,0,0,0,0,0
421157,2,1,1994,0,0,0,0,0,0,0,0,0,0
421158,1,1,1994,0,0,0,0,0,0,0,0,0,0
421159,1,1,1994,0,0,0,0,0,0,0,0,0,0
421160,1,1,1994,0,0,0,0,0,0,0,0,0,0
421161,1,1,1994,0,0,0,0,0,0,0,0,0,0
421162,1,1,1994,0,0,0,0,0,0,0,0,0,0
421163,1,1,1994,0,0,0,0,0,0,0,0,0,0
421163,2,1,1994,0,0,0,0,0,0,0,0,0,0
421164,1,1,1994,23,23,23,23,23,23,23,23,23,23
421165,1,1,1994,0,0,0,0,0,0,0,0,0,0
421165,2,1,1994,0,0,0,0,0,0,0,0,0,0
421166,0,1,1994,0,0,0,0,0,0,0,0,0,0
421166,1,1,1994,0,0,0,0,0,0,0,0,0,0
421167,1,1,1994,23,23,23,23,23,23,23,23,23,23
421168,0,1,1994,0,0,0,0,0,0,0,0,0,0
421168,1,1,1994,0,0,0,0,0,0,0,0,0,0
421169,1,1,1994,64,64,64,64,64,64,64,64,64,64
421169,2,1,1994,0,7,0,0,0,0,0,0,0,9
421170,1,1,1994,15,15,18,26,20,12,7,26,23,19
421170,2,1,1994,7,8,20,9,9,9,14,23,0,3
421171,0,1,1994,0,0,0,0,0,0,0,0,0,0
421171,1,1,1994,11,0,0,32,0,27,0,0,18,0
421172,0,1,1994,0,0,0,0,0,0,0,0,0,0
421172,1,1,1994,0,0,0,0,0,0,0,0,0,0
421173,0,1,1994,0,0,0,0,0,0,0,0,10,27
421173,1,1,1994,0,0,0,2,0,0,0,0,0,0
421174,1,1,1994,0,0,0,0,0,0,0,0,0,0
421174,2,1,1994,0,0,0,0,0,0,0,0,0,0
421175,1,1,1994,0,0,0,0,0,0,0,0,0,0
421175,2,1,1994,0,0,0,0,0,0,0,0,0,0
421176,1,1,1994,0,0,0,0,0,0,0,0,0,0
421176,2,1,1994,0,0,0,0,0,0,0,0,0,0
421177,1,1,1994,0,0,0,0,0,0,0,0,0,0
421177,2,1,1994,0,0,0,0,0,0,0,0,0,0
421178,1,1,1994,0,0,0,0,0,0,0,0,0,0
421178,2,1,1994,0,0,0,0,0,0,0,0,0,0
421179,1,1,1994,0,0,0,0,0,0,0,24,0,12
421179,2,1,1994,0,0,0,0,0,0,0,0,0,0
421180,1,1,1994,19,19,19,19,19,19,19,19,19,19
421180,2,1,1994,15,15,15,15,15,15,15,15,15,15
421181,1,1,1994,0,0,0,0,0,0,0,0,0,0
421181,2,1,1994,0,0,0,0,3,0,0,0,0,0
421182,1,1,1994,0,0,0,0,9,0,0,0,0,0
421182,2,1,1994,0,0,0,0,0,0,0,0,0,0
421183,0,1,1994,20,20,20,20,20,20,20,20,20,20
421183,1,1,1994,14,14,14,14,14,14,14,14,14,14
421184,1,1,1994,0,0,0,0,0,0,0,0,0,0
421184,2,1,1994,0,0,0,0,0,0,0,0,0,0
421185,0,1,1994,0,34,0,0,0,0,0,0,0,0
421185,1,1,1994,0,0,0,0,0,15,0,14,0,10
421186,1,1,1994,0,0,0,0,0,0,0,0,0,0
421186,2,1,1994,0,0,0,0,0,0,0,0,0,0
421186,3,1,1994,0,0,0,0,0,0,0,0,0,0
421187,0,1,1994,0,0,0,0,0,0,0,0,0,0
421187,1,1,1994,0,0,0,0,0,0,0,0,0,0
421188,1,1,1994,19,19,19,19,19,19,19,19,19,19
421189,1,1,1994,20,27,18,10,37,12,0,12,20,16
421190,1,1,1994,15,15,15,15,15,15,15,15,15,15
421191,0,1,1994,0,0,0,0,0,0,0,0,0,0
421191,1,1,1994,3,0,0,0,0,0,0,0,0,0
421191,2,1,1994,36,9,0,0,21,0,12,19,17,27
421192,1,1,1994,0,0,0,0,0,0,0,0,0,0
421193,0,1,1994,0,0,0,0,0,0,0,0,0,0
421193,1,1,1994,0,0,17,0,0,3,0,0,9,0
421194,1,1,1994,18,15,20,14,18,23,15,16,21,9
421195,1,1,1994,0,0,0,0,0,0,0,0,0,0
421195,2,1,1994,0,0,4,0,0,0,0,0,0,0
421195,3,1,1994,0,0,0,0,0,0,0,0,10,0
421196,1,1,1994,0,10,0,0,0,0,18,0,20,13
421197,1,1,1994,0,0,0,0,0,0,0,0,0,4
421197,2,1,1994,0,0,0,0,0,0,0,0,0,0
421198,0,1,1994,0,0,0,0,0,0,0,0,0,0
421198,1,1,1994,0,0,0,0,0,0,0,27,0,0
421199,1,1,1994,0,0,0,0,0,0,0,0,0,0
421199,2,1,1994,0,0,0,0,0,0,0,0,0,0
421200,1,1,1994,0,0,0,0,0,0,0,0,0,0
421201,0,1,1994,7,7,7,7,7,7,7,7,7,7
421201,1,1,1994,0,0,0,0,0,0,0,0,0,0
421202,0,1,1994,14,14,14,14,14,14,14,14,14,14
421202,1,1,1994,26,14,26,30,16,18,23,21,18,24
421203,1,1,1994,17,12,21,33,27,12,18,21,27,14
421204,0,1,1994,0,0,0,0,0,0,0,0,0,0
421204,1,1,1994,0,0,0,0,0,0,0,14,0,0
421205,0,1,1994,0,0,0,19,0,0,0,0,0,0
421205,1,1,1994,0,0,0,0,0,0,0,0,0,0
421206,0,1,1994,0,0,0,0,0,0,0,0,0,0
421206,1,1,1994,0,0,8,0,0,0,0,0,0,0
421206,2,1,1994,0,0,0,0,0,0,0,0,0,0
421206,3,1,1994,0,0,0,0,0,0,0,0,0,0
421207,1,1,1994,0,0,0,0,0,0,0,0,4,0
421208,1,1,1994,0,0,0,0,0,0,0,0,0,0
421208,2,1,1994,0,0,0,0,0,0,0,0,0,0
421209,1,1,1994,0,0,0,13,16,11,8,12,0,0
421210,1,1,1994,0,0,0,0,0,0,0,0,0,0
421211,1,1,1994,0,0,0,0,0,0,0,0,0,0
421211,2,1,1994,0,0,0,0,0,0,0,0,0,0
421212,1,1,1994,4,0,34,10,20,19,8,23,0,12
421212,2,1,1994,0,11,0,0,0,35,0,0,12,32
421213,1,1,1994,30,30,30,30,30,30,30,30,30,30
421214,1,1,1994,0,0,0,0,0,0,0,0,0,0
421214,2,1,1994,0,0,0,0,0,0,0,0,0,0
421215,0,1,1994,0,0,0,0,0,0,0,0,0,27
421215,1,1,1994,0,0,0,0,0,0,0,0,0,0
421216,1,1,1994,0,0,0,0,0,0,0,0,0,0
421216,2,1,1994,37,0,0,24,0,13,0,0,0,0
421217,1,1,1994,19,19,19,19,19,19,19,19,19,19
421217,2,1,1994,0,0,0,0,0,0,0,0,0,0
421218,0,1,1994,0,0,0,0,0,0,0,0,0,0
421218,1,1,1994,0,0,0,0,0,0,0,0,0,0
421219,1,1,1994,5,24,18,11,33,2,28,19,9,0
421219,2,1,1994,0,0,0,25,0,0,14,0,18,0
421220,0,1,1994,16,16,16,16,16,16,16,16,16,16
421220,1,1,1994,0,0,17,0,0,25,0,11,35,16
421221,1,1,1994,0,0,0,0,9,0,0,0,0,0
421221,2,1,1994,0,0,24,0,0,0,0,0,0,19
421222,1,1,1994,0,0,0,0,0,0,0,0,28,0
421223,0,1,1994,0,0,0,0,0,0,0,0,0,0
421223,1,1,1994,0,0,0,0,0,0,0,0,0,0
421223,2,1,1994,0,18,0,0,0,0,0,0,0,0
421224,1,1,1994,12,12,12,12,12,12,12,12,12,12
421224,2,1,1994,26,17,15,14,25,0,0,30,17,21
421224,3,1,1994,19,0,0,26,0,0,0,0,17,21
421225,1,1,1994,0,0,0,0,0,0,0,0,0,0
421225,2,1,1994,0,0,0,0,0,0,0,0,0,0
421226,1,1,1994,0,0,0,0,0,0,0,0,0,0
421227,1,1,1994,0,0,34,0,33,0,0,0,0,0
421228,0,1,1994,17,17,17,17,17,17,17,17,17,17
421228,1,1,1994,0,24,0,0,0,0,0,0,0,11
421229,1,1,1994,0,0,0,0,0,0,3,0,0,0