ST_CASE,VEH_NO,PER_NO,YEAR,P1,P2,P3,P4,P5,P6,P7,P8,P9,P10
421229,2,1,1994,0,0,0,0,0,0,0,0,0,0
421230,1,1,1994,12,12,12,12,12,12,12,12,12,12
421230,2,1,1994,0,0,0,0,0,0,0,0,0,0
421231,0,1,1994,0,13,0,0,8,47,0,0,24,11
421231,1,1,1994,0,0,0,0,0,0,0,0,0,0
421232,1,1,1994,0,0,0,0,0,14,0,24,0,0
421232,2,1,1994,0,0,0,0,0,0,0,11,0,0
421233,1,1,1994,14,14,14,14,14,14,14,14,14,14
421234,0,1,1994,0,0,0,0,0,0,0,0,0,0
421234,1,1,1994,0,0,0,0,0,0,0,0,0,0
421235,1,1,1994,11,11,11,11,11,11,11,11,11,11
421236,0,1,1994,0,0,0,0,0,0,0,0,0,0
421236,1,1,1994,0,0,0,0,0,0,0,0,0,0
421237,1,1,1994,23,23,23,23,23,23,23,23,23,23
421237,2,1,1994,0,0,0,0,0,0,0,0,0,0
421238,1,1,1994,0,0,0,0,21,0,24,0,30,0
421239,1,1,1994,0,0,0,0,0,0,0,0,0,0
421239,2,1,1994,0,0,0,0,0,0,0,0,0,0
421240,1,1,1994,0,12,0,13,23,16,27,0,0,10
421240,2,1,1994,0,12,0,0,0,0,0,0,0,0
421241,1,1,1994,0,0,0,0,0,0,0,0,0,0
421241,2,1,1994,0,0,0,0,0,0,0,0,0,0
421242,1,1,1994,14,8,6,11,12,23,5,0,9,12
421242,2,1,1994,0,0,0,0,0,0,0,0,0,0
421243,1,1,1994,32,32,32,32,32,32,32,32,32,32
421243,2,1,1994,0,0,0,0,0,0,0,0,21,0
421244,0,1,1994,0,0,0,0,0,0,0,0,0,0
421244,1,1,1994,0,0,0,0,0,0,0,0,0,0
421245,1,1,1994,0,0,0,0,0,0,0,0,0,0
421245,2,1,1994,0,0,0,0,0,0,0,0,0,0
421246,1,1,1994,0,0,0,0,16,0,0,0,0,0
421246,2,1,1994,0,0,0,0,0,0,0,0,0,0
421247,1,1,1994,0,0,0,0,0,0,0,0,0,0
421247,2,1,1994,0,0,0,0,0,0,0,0,0,0
421248,1,1,1994,0,0,0,0,0,0,0,0,0,0
421249,1,1,1994,14,14,14,14,14,14,14,14,14,14
421249,2,1,1994,0,0,0,0,0,0,0,0,0,5
421250,1,1,1994,28,28,28,28,28,28,28,28,28,28
421251,1,1,1994,0,0,0,0,0,4,0,0,0,5
421251,2,1,1994,0,0,0,29,0,0,0,0,0,0
421252,0,1,1994,0,0,0,0,0,0,0,0,0,18
421252,1,1,1994,0,0,0,0,0,0,0,0,0,0
421253,1,1,1994,0,0,0,0,0,0,0,0,0,0
421253,2,1,1994,0,0,0,0,0,0,0,0,0,0
421254,1,1,1994,0,0,0,0,0,0,0,0,0,0
421255,1,1,1994,0,0,0,0,0,0,0,0,0,0
421256,1,1,1994,0,0,0,0,0,0,0,0,0,0
421256,2,1,1994,0,0,0,0,0,0,0,0,0,0
421257,1,1,1994,17,13,13,0,31,24,9,0,21,14
421258,1,1,1994,0,0,0,0,0,0,0,0,0,0
421259,1,1,1994,0,0,0,0,0,0,0,0,0,0
421259,2,1,1994,0,0,0,26,0,0,0,0,0,0
421260,1,1,1994,13,13,13,13,13,13,13,13,13,13
421261,1,1,1994,0,0,0,0,0,0,0,0,0,0
421261,2,1,1994,0,0,0,0,0,0,0,0,0,0
421262,1,1,1994,0,0,0,0,13,0,0,0,0,0
421262,2,1,1994,0,0,0,0,0,0,0,0,0,0
421263,1,1,1994,16,16,16,16,16,16,16,16,16,16
421264,1,1,1994,10,0,0,0,0,0,11,0,0,0
421264,2,1,1994,0,0,4,0,10,0,0,0,0,0
421264,3,1,1994,0,0,0,16,0,0,0,13,0,12
421264,4,1,1994,0,10,0,0,0,0,16,0,0,0
421264,5,1,1994,0,0,0,0,10,0,0,0,0,0
421264,6,1,1994,0,18,0,0,0,0,0,0,0,0
421265,1,1,1994,0,0,0,0,0,0,0,9,0,0
421265,2,1,1994,0,0,0,0,0,0,0,0,0,5
421266,1,1,1994,8,18,11,47,22,11,15,13,21,7
421267,1,1,1994,0,0,3,0,0,0,0,0,0,0
421267,2,1,1994,0,0,0,0,0,0,0,0,0,0
421267,3,1,1994,0,0,0,0,0,0,0,0,11,0
421268,0,1,1994,0,13,0,0,0,0,0,0,0,0
421268,0,2,1994,0,0,0,0,0,0,0,0,0,0
421268,1,1,1994,5,19,0,14,13,0,4,0,11,0
421269,1,1,1994,8,8,8,8,8,8,8,8,8,8
421270,1,1,1994,31,31,31,31,31,31,31,31,31,31
421271,1,1,1994,0,0,0,0,0,0,0,0,0,0
421271,2,1,1994,0,0,0,0,0,0,0,16,0,0
421272,1,1,1994,0,0,0,0,0,0,0,0,0,0
421272,2,1,1994,0,18,0,0,0,0,0,0,0,8
421272,3,1,1994,0,0,0,0,0,0,0,0,0,0
421272,4,1,1994,0,0,0,0,0,0,0,14,0,0
421273,1,1,1994,0,0,0,0,15,0,0,0,0,12
421273,2,1,1994,0,0,0,0,0,0,0,0,0,0
421274,0,1,1994,0,0,0,0,0,0,0,0,0,0
421274,1,1,1994,0,0,0,0,0,0,0,0,0,0
421274,2,1,1994,0,0,0,0,0,0,0,0,0,0
421275,1,1,1994,0,0,0,0,0,0,0,0,0,0
421276,1,1,1994,0,0,0,0,0,0,0,0,0,0
421277,1,1,1994,0,0,0,0,0,0,0,0,0,0
421278,1,1,1994,0,0,0,0,0,0,0,0,0,0
421278,2,1,1994,0,0,0,0,0,0,0,0,0,0
421279,1,1,1994,0,0,0,0,0,0,0,0,0,0
421280,1,1,1994,0,0,0,0,0,0,0,0,0,0
421280,2,1,1994,0,0,0,0,0,0,0,0,0,0
421280,3,1,1994,0,0,10,0,0,0,0,0,0,0
421281,1,1,1994,0,0,0,0,0,0,0,0,0,15
421281,2,1,1994,0,0,0,0,0,0,0,0,0,0
421282,1,1,1994,0,0,0,0,0,0,0,0,0,0
421282,2,1,1994,0,0,0,0,11,0,0,0,3,0
421283,1,1,1994,29,29,29,29,29,29,29,29,29,29
421283,2,1,1994,0,0,0,0,0,0,0,0,0,0
421284,0,1,1994,0,0,0,0,0,0,0,0,0,0
421284,1,1,1994,0,0,0,0,0,0,0,0,0,0
421285,1,1,1994,0,0,0,0,0,0,0,0,0,0
421286,0,1,1994,0,0,0,0,0,0,0,0,0,0
421286,1,1,1994,10,0,0,0,0,7,0,0,0,0
421287,1,1,1994,0,0,0,0,19,0,0,0,0,0
421287,2,1,1994,0,0,0,0,0,0,0,0,0,0
421288,1,1,1994,11,11,11,11,11,11,11,11,11,11
421289,0,1,1994,23,23,23,23,23,23,23,23,23,23
421289,1,1,1994,0,0,0,0,0,0,0,0,0,0
421290,1,1,1994,0,0,0,0,0,0,0,0,0,0
421290,2,1,1994,0,0,0,0,0,0,0,0,0,0
421291,1,1,1994,0,0,0,0,0,0,0,0,0,0
421291,2,1,1994,0,0,0,0,0,0,0,0,0,0
421292,1,1,1994,0,0,0,0,0,0,0,0,0,0
421292,2,1,1994,0,0,0,0,0,0,0,0,0,0
421293,1,1,1994,0,0,0,0,0,0,0,0,0,0
421293,2,1,1994,3,0,0,0,0,0,0,0,0,0
421294,1,1,1994,0,0,0,0,0,0,0,0,0,0
421295,1,1,1994,0,0,0,0,0,0,0,0,0,0
421295,2,1,1994,0,0,0,0,0,0,0,0,0,0
421296,0,1,1994,0,0,0,0,0,0,0,0,0,0
421296,0,2,1994,0,0,0,0,0,0,0,0,0,0
421296,1,1,1994,0,0,0,0,0,0,0,0,0,0
421297,1,1,1994,16,16,16,16,16,16,16,16,16,16
421298,1,1,1994,0,0,13,0,0,0,0,0,0,0
421298,2,1,1994,0,0,0,0,0,0,0,0,0,0
421299,1,1,1994,13,13,13,13,13,13,13,13,13,13
421300,1,1,1994,0,0,0,0,0,0,0,0,0,0
421300,2,1,1994,7,14,21,30,22,13,13,5,0,20
421301,1,1,1994,0,0,0,0,0,0,0,0,0,0
421301,2,1,1994,0,0,0,0,0,0,0,0,0,0
421302,1,1,1994,0,0,0,0,0,0,0,0,0,0
421302,2,1,1994,0,0,0,0,0,0,0,0,0,0
421303,1,1,1994,0,0,0,0,0,0,0,0,0,0
421304,1,1,1994,0,0,0,0,0,0,0,0,0,0
421305,1,1,1994,0,0,0,0,0,0,0,0,0,0
421305,2,1,1994,0,0,0,0,0,0,0,0,0,0
421306,1,1,1994,0,0,0,0,0,0,0,0,0,0
421306,2,1,1994,0,0,0,0,0,0,0,0,0,0
421307,1,1,1994,26,26,26,26,26,26,26,26,26,26
421308,0,1,1994,23,0,0,0,0,0,0,0,0,0
421308,1,1,1994,0,0,0,0,0,0,0,0,0,0
421309,1,1,1994,0,9,0,0,0,0,0,0,0,0
421309,2,1,1994,0,0,0,0,0,0,0,0,0,0
421310,1,1,1994,0,0,0,0,0,0,0,0,0,0
421311,0,1,1994,0,0,0,0,0,0,0,0,0,0
421311,1,1,1994,0,0,0,0,0,0,0,10,0,0
421312,1,1,1994,0,0,0,0,0,0,0,0,0,0
421312,2,1,1994,0,0,0,0,0,0,0,0,0,0
421313,1,1,1994,0,0,0,0,0,0,0,0,0,0
421313,2,1,1994,0,0,0,0,0,0,0,15,0,0
421314,1,1,1994,0,14,14,0,10,14,26,0,0,0
421315,1,1,1994,17,17,17,17,17,17,17,17,17,17
421316,0,1,1994,13,13,13,13,13,13,13,13,13,13
421316,1,1,1994,0,0,0,0,0,0,15,0,0,0
421317,1,1,1994,0,0,0,0,0,0,0,0,0,0
421318,1,1,1994,0,0,0,0,0,0,0,0,0,0
421318,2,1,1994,0,0,0,0,0,0,0,0,0,0
421319,0,1,1994,0,0,0,0,0,0,0,0,0,0
421319,1,1,1994,0,0,0,0,0,0,0,0,0,0
421320,0,1,1994,0,0,0,0,0,0,0,0,0,0
421320,1,1,1994,0,0,0,0,0,0,0,0,0,0
421321,1,1,1994,24,24,24,24,24,24,24,24,24,24
421322,1,1,1994,0,0,0,0,0,0,0,0,0,0
421322,2,1,1994,0,0,0,0,0,0,0,0,47,0
421323,1,1,1994,26,0,10,12,21,17,15,29,28,15
421324,1,1,1994,0,0,27,0,0,0,0,0,0,0
421324,2,1,1994,0,0,0,0,0,0,0,0,0,0
421325,1,1,1994,6,9,0,14,0,11,20,2,8,0
421325,2,1,1994,0,0,0,0,0,0,0,0,0,0
421326,0,1,1994,31,0,0,0,0,18,0,0,0,0
421326,1,1,1994,11,11,11,11,11,11,11,11,11,11
421326,2,1,1994,0,0,0,5,4,0,17,0,0,0
421327,0,1,1994,10,14,0,0,0,0,0,14,0,0
421327,1,1,1994,13,13,13,13,13,13,13,13,13,13
421328,1,1,1994,0,0,0,15,0,0,0,0,0,0
421328,2,1,1994,0,0,0,0,0,0,0,0,0,0
440001,1,1,1994,0,0,0,0,0,0,0,0,0,0
440001,2,1,1994,0,0,0,0,0,0,0,0,0,0
440002,1,1,1994,24,24,24,24,24,24,24,24,24,24
440003,1,1,1994,0,0,0,0,0,0,0,0,0,0
440004,0,1,1994,0,0,0,0,0,0,0,0,0,0
440004,1,1,1994,0,0,0,0,0,0,0,0,0,0
440005,1,2,1994,0,0,0,0,0,0,0,0,0,0
440005,2,1,1994,0,0,0,0,0,0,0,0,0,0
440005,3,1,1994,0,0,0,0,3,0,0,0,0,0
440005,4,1,1994,0,0,0,0,0,0,0,0,0,0
440006,0,1,1994,9,9,9,9,9,9,9,9,9,9
440006,1,1,1994,7,19,14,11,0,0,15,20,5,32
440007,1,1,1994,0,0,0,0,0,0,0,0,0,0
440007,2,1,1994,0,19,16,0,0,0,22,14,0,0
440008,1,1,1994,29,29,29,29,29,29,29,29,29,29
440009,1,1,1994,0,0,0,0,0,0,0,0,0,0
440009,2,1,1994,0,0,0,0,0,0,0,0,0,11
440010,1,1,1994,0,0,0,0,0,0,0,0,0,0
440011,0,1,1994,0,0,0,0,0,0,0,0,0,0
440011,0,2,1994,0,0,0,0,0,0,0,0,0,0
440011,1,1,1994,4,4,4,4,4,4,4,4,4,4
440012,1,1,1994,0,0,0,0,0,0,0,0,0,0
440013,1,1,1994,25,25,25,25,25,25,25,25,25,25
440014,1,1,1994,0,0,0,0,0,0,0,0,0,0
440015,0,1,1994,0,0,0,0,0,0,0,0,0,0
440015,1,1,1994,0,0,0,0,0,0,0,0,0,0
440017,1,1,1994,0,0,0,0,0,0,0,0,0,0
440017,2,1,1994,0,0,0,0,0,0,0,0,0,0
440018,1,2,1994,18,19,23,23,0,0,10,17,4,0
440019,1,2,1994,20,12,10,14,7,12,12,9,15,13
440020,1,2,1994,19,14,9,12,11,21,34,16,9,16
440021,1,1,1994,22,22,22,22,22,22,22,22,22,22
440022,0,1,1994,0,0,0,0,0,0,0,0,0,0
440022,0,2,1994,0,0,0,0,0,0,0,0,0,0
440022,1,1,1994,0,0,0,0,0,0,0,0,0,0
440023,0,1,1994,0,0,0,0,0,0,0,0,0,0
440023,1,1,1994,0,0,0,0,9,0,0,0,0,0
440024,1,1,1994,0,0,0,0,0,0,0,0,0,0
440024,2,1,1994,0,0,0,0,0,0,0,0,0,0
440026,1,1,1994,0,0,0,0,0,0,0,0,0,0
440026,2,1,1994,0,0,0,0,0,0,0,0,0,0
440026,3,1,1994,0,0,0,0,0,0,0,0,0,0
440026,4,1,1994,0,0,0,0,0,11,0,0,0,0
440027,0,1,1994,0,0,0,0,0,0,0,0,0,0
440027,1,1,1994,0,0,0,0,0,0,0,0,0,0
440028,1,1,1994,0,0,0,0,0,0,0,0,0,0
440028,2,1,1994,0,0,0,0,4,0,0,0,0,0
440029,0,1,1994,28,28,28,28,28,28,28,28,28,28
440029,1,1,1994,0,0,15,0,14,0,0,0,0,0
440030,1,1,1994,2,20,0,13,0,25,10,0,6,0
440031,1,1,1994,20,20,20,20,20,20,20,20,20,20
440032,0,1,1994,0,0,0,0,0,0,0,0,0,0
440032,1,1,1994,0,0,0,0,0,0,0,0,0,0
440033,0,1,1994,0,0,0,0,0,0,0,0,0,0
440033,1,1,1994,0,0,0,0,0,0,0,0,0,0
440034,1,2,1994,30,0,0,0,0,0,20,0,6,10
440034,2,1,1994,0,0,0,0,0,0,0,0,0,0
440035,0,1,1994,0,0,0,0,0,0,0,0,0,0
440035,1,1,1994,0,0,0,0,0,0,0,0,0,0
440036,0,1,1994,30,30,30,30,30,30,30,30,30,30
440036,1,1,1994,0,0,0,0,0,0,0,0,0,0
440037,1,1,1994,28,28,28,28,28,28,28,28,28,28
440037,2,1,1994,0,12,0,26,0,0,0,0,0,0
440038,1,2,1994,37,37,37,37,37,37,37,37,37,37
440038,2,1,1994,0,0,0,14,0,0,25,0,0,0
440039,1,1,1994,0,0,0,0,0,0,0,0,0,0
440040,1,2,1994,17,7,11,24,16,4,26,18,14,17
440041,1,1,1994,0,0,0,0,0,0,0,0,0,0
440042,1,2,1994,18,22,17,19,7,14,15,8,7,11
440042,2,1,1994,0,0,0,0,0,0,0,0,0,0
440043,1,1,1994,31,31,31,31,31,31,31,31,31,31
440044,0,1,1994,17,17,17,17,17,17,17,17,17,17
440044,1,1,1994,0,0,0,0,0,0,0,0,0,0
440045,1,2,1994,21,23,16,24,31,16,4,13,21,20
440046,1,1,1994,0,0,0,0,0,0,0,0,0,0
440047,0,1,1994,0,0,0,0,0,0,0,0,0,0
440047,1,1,1994,0,0,0,0,0,0,0,0,0,0
440048,1,1,1994,0,0,0,0,0,0,0,0,0,0
440049,1,1,1994,1,1,1,1,1,1,1,1,1,1
440049,2,1,1994,0,49,11,17,0,0,0,0,0,12
440049,3,1,1994,27,0,0,0,0,0,19,0,0,0
440050,1,2,1994,22,10,6,10,20,13,13,17,15,2
440051,1,2,1994,0,0,0,0,0,0,0,7,0,0
440052,1,2,1994,0,0,0,0,8,0,0,0,0,0
440052,2,1,1994,0,0,0,0,0,0,0,0,0,0
440053,1,1,1994,1,1,1,1,1,1,1,1,1,1
440053,2,1,1994,0,0,4,0,24,0,0,0,0,0
440054,1,1,1994,0,0,0,0,0,0,0,0,0,0
440055,1,2,1994,0,0,0,0,0,0,0,0,0,0
440055,2,1,1994,0,0,0,0,0,0,0,0,0,0
440056,1,1,1994,0,0,0,0,0,0,0,0,0,0
440056,2,1,1994,0,0,0,0,0,0,10,0,17,0
440057,0,1,1994,6,6,6,6,6,6,6,6,6,6
440057,1,1,1994,0,0,0,0,0,10,19,0,0,0
440058,1,1,1994,16,16,16,16,16,16,16,16,16,16
440059,1,1,1994,4,4,4,4,4,4,4,4,4,4
440060,1,1,1994,6,6,6,6,6,6,6,6,6,6
440060,2,1,1994,0,0,0,0,0,0,0,0,0,0
440061,0,1,1994,29,29,29,29,29,29,29,29,29,29
440061,1,1,1994,0,0,0,0,10,0,0,0,0,0
440062,1,2,1994,0,0,0,0,0,0,0,0,0,0
440062,2,1,1994,0,0,0,0,0,0,0,0,0,0
440063,1,2,1994,0,11,27,0,0,0,0,0,0,0
440063,2,1,1994,12,0,0,0,13,11,30,18,11,19
440064,0,1,1994,0,0,0,0,0,0,0,0,0,0
440064,1,1,1994,3,0,0,17,0,0,0,0,0,0
440064,2,1,1994,0,0,0,0,0,0,0,0,0,0
440064,3,1,1994,0,0,0,0,0,0,0,0,0,0
450001,1,1,1994,0,0,0,0,0,0,0,0,0,0
450002,1,1,1994,0,0,0,0,0,12,0,0,0,0
450002,2,1,1994,0,0,0,0,16,0,0,0,10,0
450003,0,1,1994,0,0,0,0,0,0,0,0,0,0
450003,1,1,1994,0,0,0,0,0,0,0,0,0,0
450004,0,1,1994,0,0,0,25,0,0,0,0,0,0
450004,1,1,1994,0,0,0,0,0,0,0,0,0,0
450005,1,1,1994,0,0,0,0,0,0,0,0,0,0
450005,2,1,1994,0,0,0,0,0,0,0,0,0,0
450006,1,1,1994,0,0,0,0,0,0,0,0,0,0
450006,2,1,1994,0,0,0,0,0,19,0,0,0,0
450006,3,1,1994,0,0,0,0,0,11,0,0,0,0
450007,1,1,1994,23,0,0,0,0,0,9,0,0,0
450008,1,1,1994,0,0,0,0,0,0,0,3,0,0
450008,2,1,1994,0,0,0,0,0,0,0,0,0,0
450009,1,1,1994,0,0,12,8,15,15,0,0,0,0
450010,1,1,1994,0,0,10,0,0,14,0,0,15,0
450011,0,1,1994,0,16,0,0,0,0,0,0,0,0
450011,1,1,1994,0,0,0,0,0,0,0,0,0,0
450012,1,1,1994,28,28,28,28,28,28,28,28,28,28
450013,1,1,1994,0,0,0,0,0,0,0,0,0,0
450014,1,1,1994,0,0,0,0,0,0,0,0,0,0
450014,2,1,1994,0,0,0,23,0,0,0,0,0,0
450015,1,1,1994,0,0,0,0,14,0,0,0,0,0
450016,1,1,1994,0,0,0,0,0,0,0,0,0,0
450016,2,1,1994,16,16,16,16,16,16,16,16,16,16
450017,1,1,1994,19,0,0,0,0,0,19,0,0,18
450018,0,1,1994,0,0,0,0,0,0,0,0,0,0
450018,0,2,1994,0,0,0,0,0,0,0,0,0,0
450018,0,3,1994,0,0,0,0,0,0,0,0,0,0
450018,1,1,1994,0,0,0,0,0,0,0,0,0,0
450018,2,1,1994,0,16,4,0,14,33,0,8,11,23
450019,1,1,1994,18,18,18,18,18,18,18,18,18,18
450020,1,1,1994,0,0,0,0,0,0,0,0,0,0
450021,0,1,1994,0,0,0,0,0,0,0,0,0,0
450021,0,2,1994,0,0,0,0,0,0,0,0,0,0
450021,0,3,1994,0,0,0,19,0,15,22,19,13,0
450021,1,1,1994,0,0,0,0,0,0,0,0,0,7
450022,1,1,1994,0,0,18,0,0,0,0,0,4,0
450022,2,1,1994,14,0,11,21,0,25,9,9,13,20
450023,1,1,1994,36,36,36,36,36,36,36,36,36,36
450024,1,1,1994,0,0,0,0,0,0,0,18,0,0
450025,1,1,1994,0,0,0,0,0,0,0,0,0,0
450025,2,1,1994,7,18,20,15,2,12,13,3,12,11
450026,1,1,1994,0,0,0,0,0,0,0,0,0,0
450026,2,1,1994,1,1,1,1,1,1,1,1,1,1
450027,1,1,1994,0,0,13,0,0,23,0,0,0,0
450028,1,1,1994,0,0,0,0,0,0,0,0,0,0
450029,1,1,1994,0,0,0,0,0,0,0,0,0,0
450030,1,1,1994,0,0,0,0,0,0,0,0,0,0
450030,2,1,1994,33,0,22,24,0,23,18,38,0,18
450031,1,1,1994,0,0,0,0,0,0,0,0,0,0
450031,2,1,1994,0,0,0,0,0,0,0,0,0,0
450031,3,1,1994,0,0,0,0,0,0,0,0,0,0
450032,1,1,1994,0,0,0,0,0,0,0,0,0,0
450033,1,1,1994,0,0,0,0,0,0,0,0,0,0
450033,2,1,1994,0,0,0,0,0,17,4,0,0,0
450034,1,1,1994,0,0,0,0,0,0,0,0,0,0
450034,2,1,1994,0,0,0,0,0,0,0,0,0,0
450035,1,1,1994,0,0,0,15,0,0,0,0,0,0
450035,2,1,1994,0,0,0,0,0,0,0,0,0,0
450036,1,1,1994,0,0,0,0,0,0,0,0,0,0
450036,2,1,1994,0,6,0,0,0,0,0,0,0,0
450037,1,1,1994,0,0,0,0,0,0,0,17,0,0
450037,2,1,1994,0,0,0,0,0,0,0,0,0,0
450037,3,1,1994,0,0,0,0,0,0,0,0,0,0
450038,1,1,1994,29,30,33,19,20,25,10,25,19,15
450039,1,1,1994,0,0,0,0,0,0,0,0,0,0
450039,2,1,1994,0,0,0,0,0,0,0,0,0,0
450039,3,1,1994,0,0,0,0,0,0,0,0,0,0
450040,1,1,1994,32,0,0,0,0,0,0,0,0,7
450041,1,1,1994,0,0,0,0,0,0,0,0,0,0
450041,2,1,1994,6,6,6,6,6,6,6,6,6,6
450042,1,1,1994,21,0,0,0,0,0,0,0,0,0
450043,0,1,1994,0,0,0,0,9,0,0,0,0,0
450043,1,1,1994,0,0,0,0,0,0,0,0,0,0
450044,1,1,1994,0,0,0,0,0,0,0,0,0,0
450044,2,1,1994,33,0,0,0,0,0,0,0,0,0
450045,1,1,1994,0,15,0,0,0,0,0,0,28,0
450046,1,1,1994,0,0,0,0,0,0,0,0,0,0
450047,1,1,1994,11,11,11,11,11,11,11,11,11,11
450048,1,1,1994,25,25,25,25,25,25,25,25,25,25
450049,1,1,1994,12,12,12,12,12,12,12,12,12,12
450050,1,1,1994,0,0,0,0,0,0,0,0,0,0
450050,2,1,1994,14,21,21,15,11,11,12,10,16,22
450051,0,1,1994,0,0,5,8,0,0,0,0,21,16
450051,0,2,1994,0,0,0,0,0,0,0,0,0,0
450051,1,1,1994,10,0,18,0,19,0,0,0,0,34
450052,1,1,1994,19,19,19,19,19,19,19,19,19,19
450053,0,1,1994,0,0,0,0,0,0,0,0,0,0
450053,1,1,1994,0,0,0,0,0,0,0,0,0,0
450054,1,1,1994,0,0,0,0,0,0,0,0,0,0
450054,2,1,1994,0,0,0,0,0,0,0,0,0,0
450055,1,1,1994,0,0,0,0,0,5,0,0,0,0
450055,2,1,1994,0,0,0,0,0,0,0,0,0,0
450056,0,1,1994,20,20,15,14,18,15,27,9,21,41
450056,1,1,1994,0,0,0,0,0,0,0,0,0,15
450057,1,1,1994,0,0,0,0,0,0,0,0,0,0
450057,2,1,1994,0,0,0,0,0,0,0,0,0,0
450058,1,1,1994,0,0,0,0,0,0,0,0,2,0
450058,2,1,1994,0,0,0,0,0,0,0,0,0,0
450058,3,1,1994,0,0,0,0,0,0,0,0,0,0
450059,1,1,1994,0,0,0,0,0,0,0,0,0,0
450059,2,1,1994,0,0,0,0,0,0,0,0,0,0
450060,1,1,1994,0,3,0,0,0,0,0,0,0,0
450061,1,1,1994,32,32,32,32,32,32,32,32,32,32
450061,2,1,1994,0,0,0,0,0,0,0,0,0,0
450061,3,1,1994,0,0,0,0,0,0,0,0,0,0
450062,1,1,1994,0,14,0,0,0,33,16,0,0,0
450063,1,1,1994,0,0,0,0,0,0,0,0,0,0
450063,2,1,1994,0,0,0,0,0,0,0,0,0,0
450064,1,1,1994,0,0,0,0,0,0,0,13,0,0
450064,2,1,1994,0,0,0,0,0,0,0,0,0,0
450065,0,1,1994,27,23,26,30,16,10,9,31,5,34
450065,1,1,1994,0,0,0,0,0,0,0,0,0,0
450066,1,1,1994,0,0,0,0,0,0,0,0,0,0
450067,1,1,1994,0,0,0,0,10,0,0,0,0,0
450068,1,1,1994,0,0,0,0,0,0,0,0,0,0
450068,2,1,1994,15,15,15,15,15,15,15,15,15,15
450069,0,1,1994,9,20,26,21,23,13,17,28,41,12
450069,1,1,1994,20,0,0,0,0,0,0,0,0,0
450070,1,1,1994,0,0,0,0,0,11,0,0,0,0
450070,2,1,1994,0,0,0,0,0,0,0,0,0,0
450070,3,1,1994,0,0,0,0,0,0,0,0,0,0
450071,1,1,1994,0,0,0,0,0,0,0,0,0,0
450071,2,1,1994,0,0,0,0,0,0,0,0,0,0
450072,1,1,1994,24,24,24,24,24,24,24,24,24,24
450073,1,1,1994,0,0,0,0,0,0,0,0,0,0
450074,1,1,1994,0,0,0,0,0,0,0,0,0,0
450074,2,1,1994,0,0,0,0,0,0,0,0,0,0
450075,1,1,1994,0,0,0,0,0,0,0,0,0,0
450075,2,1,1994,10,10,10,10,10,10,10,10,10,10
450076,0,1,1994,0,0,0,27,0,0,19,0,0,0
450076,1,1,1994,0,0,0,0,0,0,0,0,0,0
450077,1,1,1994,0,0,0,0,0,0,0,0,0,0
450078,1,1,1994,0,0,0,0,0,0,0,0,0,0
450078,2,1,1994,0,0,0,0,0,0,0,0,0,0
450079,0,1,1994,0,0,0,0,12,0,0,0,0,0
450079,1,1,1994,0,0,0,0,0,0,0,0,0,0
450080,1,1,1994,0,0,0,11,0,0,0,0,0,0
450080,2,1,1994,0,0,0,0,9,0,0,0,0,0
450081,1,1,1994,15,6,4,0,6,10,8,19,0,10
450081,2,1,1994,0,0,0,0,0,0,0,0,0,0
450081,3,1,1994,0,0,0,0,45,0,0,0,0,0
450082,1,1,1994,37,13,0,17,26,4,8,0,0,15
450083,1,1,1994,0,0,0,0,0,0,0,0,0,0
450083,2,1,1994,0,0,0,0,0,0,0,0,0,0
450084,0,1,1994,0,20,0,23,41,18,0,42,0,0
450084,1,1,1994,0,0,0,0,0,0,0,0,0,0
450085,1,1,1994,0,0,0,0,0,36,0,0,0,0
450085,2,1,1994,0,0,0,0,0,0,0,0,0,12
450085,3,1,1994,17,17,17,17,17,17,17,17,17,17
450086,1,1,1994,0,6,0,0,0,0,11,10,10,17
450087,1,1,1994,0,0,0,0,0,0,0,0,0,0
450087,2,1,1994,0,0,0,0,0,0,0,0,0,0
450087,3,1,1994,0,0,0,0,0,0,8,0,0,15
450088,1,1,1994,0,0,0,0,0,0,0,0,0,0
450088,2,1,1994,0,0,0,0,0,0,0,0,0,0
450089,1,1,1994,0,0,0,0,0,0,0,0,0,0
450089,2,1,1994,0,0,0,0,0,0,0,0,1,0
450090,1,1,1994,0,0,0,39,0,0,0,0,0,0
450090,2,1,1994,10,10,10,10,10,10,10,10,10,10
450090,3,1,1994,18,18,18,18,18,18,18,18,18,18
450091,1,1,1994,0,0,0,0,0,0,0,0,0,0
450091,2,1,1994,0,0,0,0,0,0,0,0,0,0
450092,0,1,1994,26,14,27,17,16,20,13,23,39,25
450092,1,1,1994,0,0,0,0,0,0,0,0,0,0
450093,1,1,1994,8,21,26,22,14,0,6,19,0,0
450094,1,1,1994,0,23,0,0,0,0,0,14,0,10
450095,1,1,1994,0,4,24,11,0,0,0,0,0,0
450096,1,1,1994,0,0,34,0,0,23,26,4,0,0
450097,1,1,1994,0,0,0,0,12,0,0,0,0,0
450098,1,1,1994,0,7,0,0,0,0,0,0,0,0
450098,2,1,1994,0,0,0,0,0,0,0,0,0,0
450099,0,1,1994,28,28,28,28,28,28,28,28,28,28
450099,1,1,1994,0,0,0,0,0,0,0,0,0,0