ST_CASE,VEH_NO,PER_NO,YEAR,P1,P2,P3,P4,P5,P6,P7,P8,P9,P10
470068,0,1,1994,0,0,0,0,0,0,32,0,0,0
470068,1,1,1994,0,0,0,22,0,0,0,13,0,0
470068,2,1,1994,0,0,0,0,0,0,0,0,0,0
470069,1,1,1994,27,27,27,27,27,27,27,27,27,27
470069,2,1,1994,0,0,0,0,0,0,0,0,0,0
470069,3,1,1994,0,0,0,0,0,0,0,0,0,0
470070,0,1,1994,12,12,12,12,12,12,12,12,12,12
470070,1,1,1994,0,0,0,0,0,0,0,0,0,0
470070,2,1,1994,0,0,0,0,0,0,0,0,0,0
470071,1,1,1994,30,30,30,30,30,30,30,30,30,30
470071,2,1,1994,0,0,0,0,0,0,0,0,0,0
470072,1,1,1994,0,0,0,0,0,0,0,0,0,0
470072,2,1,1994,0,0,0,0,0,0,0,0,0,0
470073,1,1,1994,0,0,0,0,0,0,0,0,0,0
470073,2,1,1994,0,0,0,0,0,0,0,0,0,0
470074,1,1,1994,0,0,0,0,0,0,0,0,0,0
470074,2,1,1994,0,0,0,0,0,0,0,0,0,0
470075,1,1,1994,0,0,0,0,0,0,0,0,0,0
470076,1,1,1994,0,0,0,0,0,0,0,0,0,0
470076,2,1,1994,7,0,0,0,0,0,0,0,0,9
470077,1,1,1994,25,25,25,25,25,25,25,25,25,25
470077,2,1,1994,0,0,0,0,0,0,0,0,0,0
470078,1,1,1994,0,0,0,0,0,0,0,0,0,0
470078,2,1,1994,0,0,0,0,10,0,0,0,0,0
470078,3,1,1994,0,0,0,0,0,0,0,0,0,0
470079,1,1,1994,0,0,0,0,0,0,0,0,0,0
470080,1,1,1994,0,0,0,0,0,0,0,0,0,0
470081,1,1,1994,10,10,10,10,10,10,10,10,10,10
470082,1,1,1994,18,18,18,18,18,18,18,18,18,18
470083,1,1,1994,0,0,0,0,0,0,0,0,0,0
470083,2,1,1994,0,0,0,0,0,0,0,0,0,0
470083,3,1,1994,0,0,0,0,0,0,0,9,0,0
470084,0,1,1994,29,29,29,29,29,29,29,29,29,29
470084,1,1,1994,0,0,0,0,0,0,0,0,0,0
470085,0,1,1994,0,0,0,0,0,0,0,0,0,0
470085,0,2,1994,0,0,0,0,0,0,0,0,0,0
470085,1,1,1994,21,19,8,5,11,6,31,16,14,19
470086,1,1,1994,13,13,13,13,13,13,13,13,13,13
470087,1,1,1994,0,0,0,0,0,0,0,0,0,0
470087,2,1,1994,0,0,0,0,0,0,0,18,0,0
470088,1,1,1994,10,10,10,10,10,10,10,10,10,10
470089,1,1,1994,22,10,24,18,3,33,12,49,9,17
470089,2,1,1994,0,0,0,0,20,0,0,0,0,0
470089,3,1,1994,0,0,0,0,0,0,0,0,0,0
470090,1,1,1994,0,0,0,0,0,0,0,0,0,0
470091,1,1,1994,8,8,8,8,8,8,8,8,8,8
470092,1,1,1994,0,0,0,0,0,0,0,0,0,0
470092,2,1,1994,23,23,23,23,23,23,23,23,23,23
470093,1,1,1994,0,0,0,0,0,0,0,0,0,0
470093,2,1,1994,0,0,0,0,0,0,0,0,0,0
470093,3,1,1994,0,0,0,0,0,0,0,0,0,0
470094,1,1,1994,0,0,0,0,0,0,0,0,0,0
470094,2,1,1994,0,0,0,0,0,0,0,0,0,0
470095,1,1,1994,0,0,0,10,0,17,0,0,9,0
470096,1,1,1994,0,0,0,0,0,0,0,0,0,0
470096,2,1,1994,0,0,0,0,0,5,0,0,0,0
470097,1,1,1994,16,0,0,20,14,8,26,11,18,0
470098,0,1,1994,0,0,0,0,0,0,0,0,0,0
470098,1,1,1994,0,0,0,0,0,0,0,0,0,0
470099,1,1,1994,0,0,0,0,0,0,0,22,0,0
470100,1,1,1994,0,0,0,0,0,0,0,0,0,0
470100,2,1,1994,19,0,0,0,0,0,20,11,0,11
470101,1,1,1994,18,18,18,18,18,18,18,18,18,18
470102,1,1,1994,0,0,0,0,0,0,0,0,0,0
470102,2,1,1994,0,0,0,0,0,0,0,0,0,0
470103,1,1,1994,18,18,18,18,18,18,18,18,18,18
470104,1,1,1994,0,0,0,0,0,0,0,0,0,0
470104,2,1,1994,0,0,0,0,0,0,0,0,0,0
470105,1,1,1994,0,0,0,0,0,0,0,0,0,0
470105,2,1,1994,0,0,0,0,0,0,0,0,0,0
470106,1,1,1994,0,0,0,0,0,0,0,0,0,0
470106,2,1,1994,0,0,0,0,0,0,0,0,0,0
470107,1,1,1994,11,11,11,11,11,11,11,11,11,11
470107,2,1,1994,0,0,0,0,0,0,0,0,0,0
470108,1,1,1994,24,24,24,24,24,24,24,24,24,24
470109,1,1,1994,0,0,0,0,0,0,0,0,0,0
470110,1,1,1994,0,0,0,0,0,0,0,0,0,0
470111,1,1,1994,18,18,18,18,18,18,18,18,18,18
470112,1,1,1994,0,0,0,0,0,0,0,0,0,0
470112,2,1,1994,0,0,0,0,0,0,0,0,0,0
470113,1,1,1994,0,0,0,0,0,0,0,0,0,0
470113,2,1,1994,0,0,0,0,0,0,0,0,0,0
470114,1,1,1994,0,0,0,0,0,0,0,0,0,0
470115,1,1,1994,12,12,12,12,12,12,12,12,12,12
470116,0,1,1994,0,0,0,0,0,0,0,0,0,0
470116,1,1,1994,0,0,0,0,0,0,0,0,0,0
470117,1,1,1994,10,10,10,10,10,10,10,10,10,10
470118,1,1,1994,0,0,0,0,0,0,0,0,0,0
470119,1,1,1994,0,0,14,0,35,0,0,0,0,0
470119,2,1,1994,0,0,0,0,0,0,0,0,8,0
470119,3,1,1994,0,0,0,0,0,0,0,0,0,0
470120,1,1,1994,0,0,0,0,0,0,11,0,0,0
470121,0,1,1994,0,0,0,0,0,0,0,0,0,0
470121,1,1,1994,0,0,0,0,0,0,0,0,0,0
470122,1,1,1994,0,0,0,0,0,0,0,0,0,0
470123,1,1,1994,0,0,0,0,0,0,0,0,0,0
470123,2,1,1994,0,0,0,0,0,0,0,0,0,0
470124,0,1,1994,0,0,0,0,0,0,0,0,0,0
470124,1,1,1994,0,0,0,0,0,0,0,0,0,0
470125,1,1,1994,37,37,37,37,37,37,37,37,37,37
470126,1,1,1994,33,33,33,33,33,33,33,33,33,33
470127,1,1,1994,0,0,0,0,0,0,0,0,0,0
470127,2,1,1994,0,0,0,0,0,0,0,0,0,0
470128,1,1,1994,0,0,0,0,0,0,0,0,0,0
470128,2,1,1994,0,0,0,0,0,0,0,0,0,0
470129,1,1,1994,0,0,0,0,0,0,0,0,0,0
470130,1,1,1994,0,0,0,0,0,0,0,0,0,0
470130,2,1,1994,0,0,0,0,9,0,0,0,0,4
470131,1,1,1994,11,0,23,13,9,27,14,30,0,0
470132,1,1,1994,0,0,0,0,0,0,0,0,0,0
470133,1,1,1994,0,0,0,0,0,0,0,0,0,0
470133,2,1,1994,0,0,0,15,0,0,0,0,0,0
470134,1,1,1994,0,0,0,0,0,0,0,0,0,0
470135,1,1,1994,22,22,22,22,22,22,22,22,22,22
470136,0,1,1994,17,17,17,17,17,17,17,17,17,17
470136,1,1,1994,0,0,0,0,0,0,0,0,0,0
470137,1,1,1994,0,0,0,0,0,0,0,0,0,0
470137,2,1,1994,0,0,0,0,0,0,0,0,0,0
470138,1,1,1994,13,13,13,13,13,13,13,13,13,13
470138,2,1,1994,19,19,19,19,19,19,19,19,19,19
470139,1,1,1994,22,22,22,22,22,22,22,22,22,22
470140,1,1,1994,35,35,35,35,35,35,35,35,35,35
470141,1,1,1994,26,0,0,0,25,0,0,27,0,0
470142,1,1,1994,28,28,28,28,28,28,28,28,28,28
470142,2,1,1994,0,0,0,0,0,0,0,0,0,0
470143,1,1,1994,0,0,0,0,0,0,0,0,0,0
470144,1,1,1994,19,19,19,19,19,19,19,19,19,19
470144,2,1,1994,0,0,0,0,0,0,0,0,0,0
470145,1,1,1994,14,14,14,14,14,14,14,14,14,14
470146,1,1,1994,32,32,32,32,32,32,32,32,32,32
470147,1,1,1994,28,28,28,28,28,28,28,28,28,28
470148,1,1,1994,28,28,28,28,28,28,28,28,28,28
470149,1,1,1994,14,14,14,14,14,14,14,14,14,14
470149,2,1,1994,0,0,0,0,0,0,0,0,0,0
470150,1,1,1994,0,0,0,0,0,0,0,0,0,0
470150,2,1,1994,0,0,0,0,0,0,0,0,0,0
470151,1,1,1994,19,18,0,26,7,20,16,14,0,0
470152,1,1,1994,25,25,25,25,25,25,25,25,25,25
470153,1,1,1994,0,0,0,0,0,0,0,0,0,0
470153,2,1,1994,0,0,0,0,0,0,0,0,0,0
470154,1,1,1994,0,0,0,0,0,0,0,0,0,0
470154,2,1,1994,0,0,0,0,0,0,0,0,0,0
470155,1,1,1994,0,0,0,0,0,0,0,0,0,0
470155,2,1,1994,0,0,0,0,0,0,0,0,0,0
470156,1,1,1994,0,0,0,0,0,0,0,0,0,0
470156,2,1,1994,0,0,0,0,0,0,0,0,0,0
470157,1,1,1994,0,0,0,0,0,0,0,0,0,0
470157,2,1,1994,1,1,1,1,1,1,1,1,1,1
470158,1,1,1994,0,0,0,0,0,0,0,0,0,0
470158,2,1,1994,0,0,0,0,0,0,0,0,0,0
470158,3,1,1994,0,0,0,0,0,0,0,0,0,6
470159,1,1,1994,20,20,20,20,20,20,20,20,20,20
470159,2,1,1994,0,0,0,0,0,0,0,0,0,0
470160,1,1,1994,24,24,24,24,24,24,24,24,24,24
470160,2,1,1994,0,0,0,0,0,0,0,0,0,0
470161,1,1,1994,15,15,15,15,15,15,15,15,15,15
470162,1,1,1994,0,0,0,0,0,0,0,0,0,0
470162,2,1,1994,0,0,0,0,0,0,0,0,0,0
470163,0,1,1994,17,17,17,17,17,17,17,17,17,17
470163,1,1,1994,0,0,0,0,0,0,0,0,0,0
470164,1,1,1994,0,0,0,0,0,0,0,0,0,0
470164,2,1,1994,0,0,0,0,0,0,0,0,0,0
470165,1,1,1994,28,28,28,28,28,28,28,28,28,28
470166,1,1,1994,0,0,0,0,0,0,0,0,0,0
470167,1,1,1994,34,34,34,34,34,34,34,34,34,34
470167,2,1,1994,0,0,0,0,0,0,0,0,0,0
470168,1,1,1994,0,0,0,0,0,0,0,0,0,0
470168,2,1,1994,0,0,0,0,0,0,0,0,0,0
470169,1,1,1994,0,0,0,0,0,0,0,0,0,0
470170,1,1,1994,0,0,0,0,0,0,0,0,0,0
470170,2,1,1994,0,0,0,0,0,0,0,0,0,0
470171,0,1,1994,0,0,0,0,0,0,0,0,0,0
470171,1,1,1994,0,0,0,0,0,0,0,0,0,0
470172,1,1,1994,0,0,0,0,0,0,0,0,0,0
470172,2,1,1994,0,0,0,0,0,0,0,0,0,0
470173,1,1,1994,0,0,0,0,0,0,0,0,0,0
470173,2,1,1994,0,0,0,0,0,0,0,0,0,0
470174,1,1,1994,17,17,17,17,17,17,17,17,17,17
470174,2,1,1994,0,0,0,0,0,0,0,0,0,0
470175,1,1,1994,0,0,0,0,0,0,0,0,0,0
470175,2,1,1994,21,21,21,21,21,21,21,21,21,21
470176,1,1,1994,15,15,15,15,15,15,15,15,15,15
470177,1,1,1994,0,0,0,0,0,0,0,0,0,0
470177,2,1,1994,0,0,0,0,0,0,0,0,0,0
470177,3,1,1994,0,0,0,0,0,0,0,0,0,0
470178,1,1,1994,23,23,23,23,23,23,23,23,23,23
470179,1,1,1994,8,8,8,8,8,8,8,8,8,8
470181,1,1,1994,0,0,0,0,0,0,0,0,0,0
470182,1,1,1994,0,0,0,0,0,0,0,0,0,0
470182,2,1,1994,0,0,0,0,0,0,0,0,0,0
470183,1,1,1994,0,0,0,0,0,0,0,0,0,0
470183,2,1,1994,6,6,6,6,6,6,6,6,6,6
470184,1,1,1994,0,0,0,0,0,0,0,0,0,0
470185,1,1,1994,0,0,0,0,0,0,0,0,0,0
470186,1,1,1994,0,0,0,0,0,0,0,0,0,0
470187,1,1,1994,0,0,0,0,0,0,0,0,0,0
470187,2,1,1994,0,0,0,0,0,0,2,0,0,0
470188,1,1,1994,0,0,0,0,0,0,0,14,0,0
470189,1,1,1994,0,0,0,0,0,0,0,0,0,0
470190,1,1,1994,0,0,0,0,0,0,0,0,0,0
470191,1,1,1994,0,0,0,0,0,0,0,0,0,0
470191,2,1,1994,0,0,0,0,0,0,0,0,23,0
470192,0,1,1994,0,0,0,0,0,0,0,0,0,0
470192,1,1,1994,22,22,22,22,22,22,22,22,22,22
470193,1,1,1994,9,9,9,9,9,9,9,9,9,9
470194,1,1,1994,22,22,22,22,22,22,22,22,22,22
470195,1,1,1994,5,5,5,5,5,5,5,5,5,5
470196,1,1,1994,0,0,0,0,0,3,0,0,0,0
470197,1,1,1994,0,0,14,0,0,0,0,11,0,19
470198,0,1,1994,0,0,0,0,0,0,0,0,0,0
470198,1,1,1994,0,0,0,0,0,0,0,0,0,0
470199,1,1,1994,0,0,0,0,0,0,0,0,0,0
470199,2,1,1994,11,11,11,11,11,11,11,11,11,11
470200,1,1,1994,0,0,0,0,0,0,0,0,0,0
470200,2,1,1994,0,0,0,0,0,0,0,0,0,0
470201,1,1,1994,0,0,0,0,0,0,0,0,0,0
470202,1,1,1994,0,0,0,0,0,0,0,0,0,0
470202,2,1,1994,0,0,0,0,0,0,0,0,0,0
470203,1,1,1994,0,0,0,0,0,0,0,0,0,0
470203,2,1,1994,0,0,0,0,0,0,0,0,0,0
470204,1,1,1994,0,0,0,0,0,0,0,0,0,0
470204,2,1,1994,0,0,0,0,0,0,0,0,0,0
470205,1,1,1994,0,0,0,0,0,0,0,0,0,0
470205,2,1,1994,0,0,0,0,0,0,0,0,0,0
470206,1,1,1994,0,0,0,0,0,0,0,0,0,0
470206,2,1,1994,0,0,0,0,0,0,0,0,0,0
470207,1,1,1994,0,0,0,0,0,0,0,11,0,0
470208,1,1,1994,0,0,19,0,15,0,0,0,0,7
470209,1,1,1994,0,0,0,0,0,0,0,0,0,0
470209,2,1,1994,0,0,0,0,0,0,0,0,0,0
470210,1,1,1994,0,0,0,0,0,0,0,0,0,0
470211,1,1,1994,0,0,0,0,0,0,0,0,0,0
470212,1,1,1994,0,0,0,20,3,0,16,0,14,23
470213,1,1,1994,0,0,0,0,0,0,0,0,0,0
470213,2,1,1994,0,0,0,0,0,0,0,0,0,0
470214,1,1,1994,26,26,26,26,26,26,26,26,26,26
470215,1,1,1994,0,0,0,0,0,0,0,0,0,0
470215,2,1,1994,0,0,0,0,0,0,0,0,0,0
470216,1,1,1994,0,0,0,0,0,0,0,0,0,0
470217,1,1,1994,0,0,0,0,0,0,0,0,0,0
470218,1,1,1994,9,13,19,10,19,0,0,0,28,0
470219,1,1,1994,0,0,0,0,0,0,0,0,0,0
470219,2,1,1994,0,0,0,0,0,0,0,0,0,0
470220,1,1,1994,10,10,10,10,10,10,10,10,10,10
470221,1,1,1994,0,0,0,0,0,0,0,0,0,0
470222,1,1,1994,0,0,0,0,0,0,0,0,0,0
470222,2,1,1994,13,13,13,13,13,13,13,13,13,13
470223,1,1,1994,0,0,0,0,0,0,0,0,0,0
470223,2,1,1994,7,7,7,7,7,7,7,7,7,7
470224,1,1,1994,1,1,1,1,1,1,1,1,1,1
470225,1,1,1994,0,0,0,10,0,0,0,0,0,0
470225,2,1,1994,22,22,22,22,22,22,22,22,22,22
470226,1,1,1994,24,24,24,24,24,24,24,24,24,24
470226,2,1,1994,0,0,0,0,0,0,0,0,0,0
470227,1,1,1994,0,0,0,0,0,0,0,0,0,0
470227,2,1,1994,0,0,0,0,0,0,0,0,35,0
470228,1,1,1994,0,0,0,0,0,0,0,0,0,0
470228,2,1,1994,0,0,0,0,0,0,0,0,0,0
470229,1,1,1994,0,0,0,0,23,0,0,0,0,0
470230,1,1,1994,15,15,15,15,15,15,15,15,15,15
470231,1,1,1994,35,35,35,35,35,35,35,35,35,35
470232,0,1,1994,26,26,26,26,26,26,26,26,26,26
470232,1,1,1994,0,0,0,0,20,0,0,0,0,0
470233,1,1,1994,6,6,6,6,6,6,6,6,6,6
470234,1,1,1994,0,0,0,0,0,0,0,0,0,0
470235,0,1,1994,0,0,0,0,0,0,0,0,0,0
470235,1,1,1994,0,0,0,0,0,0,0,0,0,0
470236,1,1,1994,0,0,0,0,0,0,0,0,0,0
470236,2,1,1994,0,0,0,0,0,0,0,0,0,0
470237,1,1,1994,0,0,0,0,0,0,18,0,0,0
470238,1,1,1994,0,0,0,0,0,0,0,0,0,0
470238,2,1,1994,0,0,0,14,0,0,0,0,0,0
470239,0,1,1994,20,20,20,20,20,20,20,20,20,20
470239,1,1,1994,0,0,0,0,0,0,0,0,0,0
470240,1,1,1994,0,0,0,0,0,0,0,0,0,0
470240,2,1,1994,24,24,24,24,24,24,24,24,24,24
470241,1,1,1994,0,0,0,0,0,0,0,0,0,0
470241,2,1,1994,0,0,0,0,0,0,0,0,0,0
470242,1,1,1994,16,16,16,16,16,16,16,16,16,16
470243,1,1,1994,30,30,30,30,30,30,30,30,30,30
470244,1,1,1994,7,7,7,7,7,7,7,7,7,7
470245,1,1,1994,17,17,17,17,17,17,17,17,17,17
470246,1,1,1994,0,0,0,0,0,0,0,0,0,0
470246,2,1,1994,0,0,0,0,0,0,0,0,0,0
470247,1,1,1994,0,0,0,0,0,0,0,0,0,0
470248,1,1,1994,23,23,23,23,23,23,23,23,23,23
470249,1,1,1994,0,0,0,0,0,0,0,0,0,0
470250,1,1,1994,0,0,0,15,0,0,0,0,0,9
470250,2,1,1994,0,0,0,0,0,0,0,0,0,0
470251,1,1,1994,0,0,0,0,0,0,0,0,0,0
470252,0,1,1994,0,0,0,0,0,0,0,0,0,0
470252,1,1,1994,0,0,0,0,0,0,0,0,0,0
470253,1,1,1994,24,24,24,24,24,24,24,24,24,24
470254,1,1,1994,8,8,8,8,8,8,8,8,8,8
470255,1,1,1994,0,0,0,0,0,0,0,0,0,0
470256,1,1,1994,0,0,0,0,0,0,0,0,0,0
470257,1,1,1994,20,20,20,20,20,20,20,20,20,20
470257,2,1,1994,0,0,0,0,0,0,0,0,0,0
470258,1,1,1994,8,8,8,8,8,8,8,8,8,8
470258,2,1,1994,0,0,0,0,0,0,8,0,0,10
470259,1,1,1994,0,0,0,0,0,0,0,0,0,0
470259,2,1,1994,0,0,0,0,0,0,0,0,0,0
470260,1,1,1994,0,0,0,0,0,0,0,0,0,0
470260,2,1,1994,0,0,0,0,0,0,0,0,0,0
470261,1,1,1994,25,25,25,25,25,25,25,25,25,25
470263,1,1,1994,0,0,0,0,0,0,0,0,0,0
470263,2,1,1994,0,0,0,0,0,0,0,0,0,0
470264,1,1,1994,0,0,0,0,0,0,0,0,0,0
470265,0,1,1994,20,20,20,20,20,20,20,20,20,20
470265,1,1,1994,0,0,0,0,0,0,0,0,0,0
470266,1,1,1994,0,0,0,0,0,0,0,0,3,0
470266,2,1,1994,0,0,0,0,0,0,0,0,0,0
470267,1,1,1994,0,0,0,0,0,0,0,0,0,0
470268,0,1,1994,0,0,0,0,0,0,0,0,0,0
470268,1,1,1994,0,18,0,0,17,0,28,0,0,9
470269,0,1,1994,0,0,0,0,0,0,0,0,0,0
470269,1,1,1994,0,0,0,0,0,6,0,0,0,8
470270,1,1,1994,0,11,0,7,18,0,0,0,14,0
470271,1,1,1994,0,0,0,0,0,0,0,0,0,0
470271,2,1,1994,0,0,0,0,0,0,0,0,0,0
470272,1,1,1994,0,0,0,0,0,0,0,0,0,0
470272,2,1,1994,0,0,0,0,0,0,0,0,0,0
470273,1,1,1994,0,0,0,0,0,0,0,0,0,0
470274,1,1,1994,0,0,0,0,0,0,0,0,0,0
470275,1,1,1994,0,0,0,0,0,0,0,0,0,0
470275,2,1,1994,0,0,0,0,0,0,0,0,0,0
470276,1,1,1994,0,0,0,0,0,0,0,0,0,0
470276,2,1,1994,0,0,0,0,0,0,0,0,0,0
470277,0,1,1994,0,0,19,0,0,0,0,0,0,0
470277,1,1,1994,0,0,0,0,0,0,0,0,0,0
470278,1,1,1994,48,48,48,48,48,48,48,48,48,48
470279,1,1,1994,0,0,0,0,0,0,0,0,0,0
470279,2,1,1994,0,0,0,0,0,0,0,0,0,0
470280,1,1,1994,0,0,0,0,0,0,0,0,0,0
470281,1,1,1994,0,0,0,0,0,0,0,0,0,0
470281,2,1,1994,0,0,0,0,0,0,0,0,0,0
470282,1,1,1994,30,30,30,30,30,30,30,30,30,30
470283,1,1,1994,0,0,0,0,0,0,0,0,0,0
470284,0,1,1994,0,0,20,15,0,0,0,0,0,0
470284,1,1,1994,0,0,0,0,0,0,0,0,0,0
470285,0,1,1994,0,0,0,0,0,0,0,0,0,0
470285,1,1,1994,0,29,0,0,26,0,0,0,0,0
470286,1,1,1994,0,0,0,0,0,0,0,0,0,0
470286,2,1,1994,20,20,20,20,20,20,20,20,20,20
470286,3,1,1994,0,0,0,0,0,0,0,0,0,0
470287,1,1,1994,25,25,25,25,25,25,25,25,25,25
470288,1,1,1994,0,0,0,0,0,0,0,0,0,0
470289,1,1,1994,0,0,0,0,0,0,0,0,0,0
470290,1,1,1994,0,0,0,0,0,0,0,0,0,0
470291,1,1,1994,0,0,0,0,0,0,0,0,0,0
470291,2,1,1994,10,10,10,10,10,10,10,10,10,10
470292,0,1,1994,0,8,4,20,0,10,0,0,18,0
470292,1,1,1994,0,0,0,0,0,0,0,0,0,0
470293,0,1,1994,12,12,12,12,12,12,12,12,12,12
470293,1,1,1994,0,13,0,0,0,0,0,0,0,0
470294,1,1,1994,0,0,0,0,0,0,0,0,0,0
470295,1,1,1994,21,21,21,21,21,21,21,21,21,21
470296,1,1,1994,23,23,23,23,23,23,23,23,23,23
470296,2,1,1994,0,0,0,0,0,0,0,0,0,0
470297,1,1,1994,0,0,0,0,0,0,0,0,0,0
470297,2,1,1994,0,0,0,0,0,0,0,0,0,0
470299,0,1,1994,0,0,0,0,0,0,0,0,0,0
470299,1,1,1994,15,0,0,0,0,0,23,6,0,0
470300,1,1,1994,0,0,0,0,0,0,0,0,0,0
470300,2,1,1994,0,0,0,0,0,0,0,0,0,0
470301,1,1,1994,0,0,0,0,0,0,0,0,0,0
470301,2,1,1994,0,0,0,0,0,0,0,0,0,0
470302,1,1,1994,13,13,13,13,13,13,13,13,13,13
470303,1,1,1994,0,8,0,0,14,8,0,0,0,20
470303,2,1,1994,0,0,0,0,0,0,0,0,0,0
470304,1,1,1994,0,0,0,0,0,0,0,0,0,0
470304,2,1,1994,0,0,0,0,0,0,0,0,0,0
470305,0,1,1994,21,20,16,10,25,20,28,31,13,19
470305,1,1,1994,0,0,0,0,0,0,0,0,0,0
470306,1,1,1994,20,20,20,20,20,20,20,20,20,20
470307,1,1,1994,0,0,0,0,0,0,0,0,0,0
470307,2,1,1994,0,0,0,0,0,0,0,0,0,0
470307,3,1,1994,0,0,0,0,0,0,0,0,0,0
470308,1,1,1994,0,0,0,0,0,0,0,0,0,0
470308,2,1,1994,0,0,0,0,0,0,0,0,0,0
470310,1,1,1994,1,1,1,1,1,1,1,1,1,1
470310,2,1,1994,0,0,0,0,0,0,0,0,0,0
470311,1,1,1994,0,0,0,0,0,0,0,0,0,0
470312,1,1,1994,0,0,0,0,0,0,0,0,0,0
470312,2,1,1994,0,0,0,0,0,0,0,0,0,0
470313,1,1,1994,4,4,4,4,4,4,4,4,4,4
470314,1,1,1994,8,8,8,8,8,8,8,8,8,8
470314,2,1,1994,0,0,0,0,0,0,0,0,0,0
470315,1,1,1994,16,16,16,16,16,16,16,16,16,16
470316,1,1,1994,18,18,18,18,18,18,18,18,18,18
470317,1,1,1994,0,0,0,0,0,0,0,0,0,0
470318,1,1,1994,0,0,0,0,0,0,0,0,0,0
470319,1,1,1994,25,25,25,25,25,25,25,25,25,25
470320,1,1,1994,3,3,3,3,3,3,3,3,3,3
470321,1,1,1994,0,0,0,0,0,0,0,0,0,0
470321,2,1,1994,0,0,0,0,0,0,0,0,0,23
470322,1,1,1994,0,0,0,0,0,0,0,0,0,0
470323,1,1,1994,0,0,0,0,0,0,0,0,0,0
470324,1,1,1994,17,17,17,17,17,17,17,17,17,17
470326,1,1,1994,17,17,17,17,17,17,17,17,17,17
470327,1,1,1994,23,23,23,23,23,23,23,23,23,23
470328,1,1,1994,0,0,25,19,37,23,18,16,35,27
470328,2,1,1994,23,23,23,23,23,23,23,23,23,23
470329,1,1,1994,14,14,14,14,14,14,14,14,14,14
470330,1,1,1994,14,14,14,14,14,14,14,14,14,14
470330,2,1,1994,0,0,0,0,0,0,0,0,0,0
470331,1,1,1994,0,0,0,0,0,0,0,0,0,0
470332,1,1,1994,4,4,4,4,4,4,4,4,4,4
470332,2,1,1994,0,0,0,0,0,0,0,0,0,0
470334,1,1,1994,0,0,0,0,0,0,0,0,0,0
470334,2,1,1994,18,0,0,0,0,0,0,0,0,0
470335,0,1,1994,0,0,0,0,0,0,0,0,0,0
470335,1,1,1994,0,0,0,0,0,0,13,0,0,0
470336,1,1,1994,0,0,0,0,0,0,0,0,0,0
470337,1,1,1994,0,0,0,0,0,0,0,0,14,0
470338,1,1,1994,0,0,0,0,0,0,0,0,0,0
470339,1,1,1994,0,0,0,0,0,0,0,0,0,9
470339,2,1,1994,0,0,0,0,0,0,0,0,0,0
470340,1,1,1994,8,8,8,8,8,8,8,8,8,8
470340,2,1,1994,0,0,0,0,0,0,0,0,0,0
470341,0,1,1994,30,30,30,30,30,30,30,30,30,30
470341,1,1,1994,7,7,7,7,7,7,7,7,7,7
470342,1,1,1994,0,0,0,0,0,0,0,0,0,0
470343,0,1,1994,25,25,25,25,25,25,25,25,25,25
470343,1,1,1994,0,0,0,13,0,0,0,0,0,0
470344,1,1,1994,13,13,13,13,13,13,13,13,13,13
470345,1,1,1994,0,0,0,0,0,0,0,0,0,0
470347,1,1,1994,11,11,11,11,11,11,11,11,11,11
470348,1,1,1994,0,0,0,0,0,0,17,0,0,0
470349,1,1,1994,0,0,0,0,0,0,0,0,0,0
470349,2,1,1994,0,0,0,0,0,0,0,0,0,0
470351,1,1,1994,0,0,0,0,0,6,0,0,0,0
470351,2,1,1994,0,0,0,0,0,0,0,0,0,0
470352,1,1,1994,0,0,0,0,0,0,0,0,0,0
470352,2,1,1994,0,0,0,0,0,0,0,0,0,0
470353,1,1,1994,9,9,9,9,9,9,9,9,9,9
470354,1,1,1994,22,22,22,22,22,22,22,22,22,22
470355,1,1,1994,0,0,0,0,0,0,0,0,0,0
470356,1,1,1994,0,0,0,0,0,0,0,0,0,0
470356,2,1,1994,0,0,0,0,0,0,0,0,0,0
470357,1,1,1994,0,0,0,0,0,0,0,0,0,0
470358,0,1,1994,0,0,0,0,0,0,0,0,0,0
470358,1,1,1994,0,0,0,0,0,0,0,0,0,0
470359,1,1,1994,17,17,17,17,17,17,17,17,17,17
470360,1,1,1994,0,0,0,0,0,3,0,0,0,0
470360,2,1,1994,0,0,0,0,0,0,0,0,0,0
470361,1,1,1994,0,0,0,0,0,0,0,0,0,0
470362,1,1,1994,0,0,0,0,0,0,0,0,0,0
470363,1,1,1994,30,30,30,30,30,30,30,30,30,30
470364,1,1,1994,0,0,0,0,0,0,0,0,0,0
470364,2,1,1994,0,0,0,0,0,0,0,0,0,0
470365,1,1,1994,0,0,0,0,0,0,0,0,0,0
470366,1,1,1994,0,0,0,0,0,0,0,0,0,0
470367,0,1,1994,17,17,17,17,17,17,17,17,17,17
470367,1,1,1994,0,0,0,0,0,0,0,0,0,0
470368,1,1,1994,0,0,0,0,0,0,0,0,0,0
470368,2,1,1994,0,0,0,0,0,0,0,0,0,0
470368,3,1,1994,0,0,0,0,0,0,0,0,0,0