ST_CASE,VEH_NO,PER_NO,YEAR,P1,P2,P3,P4,P5,P6,P7,P8,P9,P10
470368,4,1,1994,0,0,0,0,0,0,0,0,0,0
470369,1,1,1994,11,11,11,11,11,11,11,11,11,11
470370,1,1,1994,17,17,17,17,17,17,17,17,17,17
470370,2,1,1994,13,0,0,0,0,0,0,0,11,0
470371,1,1,1994,31,18,19,25,9,24,26,19,24,29
470372,1,1,1994,26,26,26,26,26,26,26,26,26,26
470373,1,1,1994,18,18,18,18,18,18,18,18,18,18
470374,0,1,1994,5,5,5,5,5,5,5,5,5,5
470374,1,1,1994,0,0,0,0,0,0,0,0,0,0
470375,1,1,1994,0,0,0,0,0,0,0,0,0,0
470375,3,1,1994,0,0,0,0,0,0,0,0,0,0
470377,0,1,1994,25,25,25,25,25,25,25,25,25,25
470377,1,1,1994,0,0,0,0,0,0,0,0,0,0
470378,1,1,1994,0,0,0,0,0,0,0,0,0,0
470378,2,1,1994,0,0,0,0,0,0,0,0,0,0
470378,3,1,1994,0,9,8,0,0,0,35,15,31,5
470379,0,1,1994,0,0,0,0,0,0,0,0,0,0
470379,1,1,1994,0,0,0,0,0,0,0,0,0,0
470380,1,1,1994,0,0,0,0,0,0,0,0,0,0
470380,2,1,1994,6,6,6,6,6,6,6,6,6,6
470381,1,1,1994,0,0,0,0,0,0,0,0,0,0
470381,2,1,1994,25,25,25,25,25,25,25,25,25,25
470382,1,1,1994,17,5,9,18,13,3,25,12,27,7
470383,1,1,1994,0,0,0,0,0,0,0,0,0,0
470384,1,1,1994,0,0,0,0,0,0,0,0,0,0
470384,2,1,1994,0,0,0,0,0,0,0,0,0,0
470385,1,1,1994,3,3,3,3,3,3,3,3,3,3
470385,2,1,1994,21,21,21,21,21,21,21,21,21,21
470386,1,1,1994,0,0,5,0,0,0,0,0,0,0
470386,2,1,1994,0,0,0,0,0,0,0,0,0,0
470387,1,1,1994,25,25,25,25,25,25,25,25,25,25
470388,1,1,1994,26,26,26,26,26,26,26,26,26,26
470389,1,1,1994,0,0,0,0,0,0,0,0,0,0
470390,1,1,1994,0,0,0,0,0,0,0,0,0,0
470391,0,1,1994,0,0,0,0,9,13,0,0,0,0
470391,1,1,1994,0,0,0,0,3,0,0,0,0,0
470392,0,1,1994,0,0,0,0,0,0,0,0,0,0
470392,1,1,1994,0,0,0,0,0,0,0,0,0,0
470393,1,1,1994,0,0,0,0,0,0,0,0,0,0
470394,1,1,1994,0,0,0,0,0,0,0,0,0,0
470395,1,1,1994,25,0,0,22,15,16,18,0,27,10
470396,1,1,1994,0,0,0,0,0,0,0,0,0,0
470396,2,1,1994,0,0,0,0,7,0,0,0,0,0
470397,1,1,1994,0,0,0,0,0,0,0,0,0,0
470398,1,1,1994,0,0,0,0,0,0,0,0,0,0
470398,2,1,1994,0,0,0,0,0,0,0,0,0,0
470399,1,1,1994,0,0,0,0,0,0,0,0,0,0
470399,2,1,1994,0,0,0,0,0,0,0,0,0,11
470400,0,1,1994,21,21,21,21,21,21,21,21,21,21
470400,1,1,1994,0,0,0,0,0,0,0,0,0,0
470401,1,1,1994,25,25,25,25,25,25,25,25,25,25
470401,2,1,1994,15,15,15,15,15,15,15,15,15,15
470402,1,1,1994,21,21,21,21,21,21,21,21,21,21
470402,2,1,1994,0,0,0,0,0,0,0,0,0,0
470403,1,1,1994,9,9,9,9,9,9,9,9,9,9
470404,0,1,1994,0,0,0,0,25,0,0,0,0,0
470404,1,1,1994,0,0,0,0,0,20,0,0,0,0
470405,1,1,1994,20,20,20,20,20,20,20,20,20,20
470405,2,1,1994,30,30,30,30,30,30,30,30,30,30
470406,0,1,1994,13,13,13,13,13,13,13,13,13,13
470406,1,1,1994,0,0,0,0,0,0,0,0,0,0
470407,1,1,1994,0,0,0,0,0,0,0,0,0,0
470407,2,1,1994,0,0,0,0,0,0,0,0,16,14
470408,1,2,1994,0,0,0,0,37,0,0,16,0,7
470409,1,1,1994,0,0,0,19,0,0,0,0,0,0
470410,1,1,1994,0,0,0,0,0,0,0,0,0,0
470411,1,1,1994,0,0,0,0,0,0,0,0,0,0
470411,2,1,1994,0,0,0,0,0,0,0,0,0,0
470412,1,1,1994,0,0,0,0,0,0,0,0,0,0
470413,1,1,1994,0,0,0,0,0,0,0,0,0,0
470413,2,1,1994,0,0,0,0,0,0,0,0,0,0
470414,1,1,1994,29,29,29,29,29,29,29,29,29,29
470415,1,1,1994,0,3,15,0,0,0,0,21,0,3
470416,1,1,1994,0,0,0,0,0,0,0,0,0,0
470417,1,1,1994,0,0,0,0,0,0,0,0,0,0
470417,2,1,1994,0,0,0,0,0,0,0,0,0,0
470417,3,1,1994,0,0,0,0,0,0,0,0,0,0
470418,1,1,1994,12,12,12,12,12,12,12,12,12,12
470420,1,1,1994,0,0,0,0,0,0,0,0,0,0
470421,1,1,1994,0,0,0,0,0,0,0,0,0,0
470421,2,1,1994,0,0,0,0,0,0,0,0,0,0
470422,1,1,1994,0,0,0,0,0,0,0,0,0,0
470423,1,1,1994,0,0,24,0,0,0,0,0,0,0
470423,2,1,1994,0,0,0,0,0,0,0,0,0,0
470424,1,1,1994,0,0,0,0,0,0,0,0,0,0
470424,2,1,1994,0,0,0,0,0,0,0,0,0,0
470425,1,1,1994,0,0,0,0,0,0,0,0,0,0
470425,2,1,1994,0,0,0,0,0,0,0,0,0,0
470426,1,1,1994,0,0,0,0,0,0,0,0,0,0
470427,1,1,1994,29,29,29,29,29,29,29,29,29,29
470428,1,1,1994,0,0,0,0,0,0,0,0,0,0
470429,1,1,1994,0,0,0,0,0,0,0,0,0,0
470429,2,1,1994,0,0,30,0,0,0,0,0,0,0
470430,1,1,1994,8,13,0,0,0,0,12,13,0,0
470430,2,1,1994,0,0,0,0,0,0,0,0,0,0
470431,1,1,1994,12,12,12,12,12,12,12,12,12,12
470432,1,1,1994,0,0,0,0,0,0,0,0,0,0
470433,1,1,1994,0,0,0,0,0,0,0,0,0,0
470433,2,1,1994,0,0,0,0,0,0,0,0,0,0
470433,3,1,1994,0,0,0,0,0,0,0,0,0,0
470434,1,1,1994,18,18,18,18,18,18,18,18,18,18
470434,2,1,1994,0,0,0,0,0,0,0,0,0,0
470435,1,1,1994,33,33,33,33,33,33,33,33,33,33
470435,2,1,1994,0,0,0,0,0,0,0,0,0,0
470436,1,1,1994,0,0,0,0,0,0,0,0,0,0
470436,2,1,1994,0,0,0,0,0,0,0,0,0,0
470437,1,1,1994,0,0,0,0,0,0,0,0,0,0
470438,1,1,1994,0,0,0,0,0,0,0,0,0,0
470438,2,1,1994,0,0,0,0,0,0,0,0,0,0
470438,3,1,1994,0,0,0,8,0,0,0,0,0,0
470439,1,1,1994,35,35,35,35,35,35,35,35,35,35
470440,0,1,1994,0,0,0,0,0,0,0,0,0,0
470440,1,1,1994,0,0,0,0,0,0,0,0,0,0
470441,1,1,1994,0,0,0,0,0,0,0,0,0,0
470441,2,1,1994,3,0,0,24,0,0,0,0,0,0
470441,3,1,1994,0,0,1,0,0,0,0,0,0,0
470442,1,1,1994,0,0,0,0,0,0,0,0,0,0
470443,1,1,1994,16,16,16,16,16,16,16,16,16,16
470444,0,1,1994,0,0,0,0,0,0,0,0,0,0
470444,1,1,1994,0,0,0,0,0,0,0,0,0,0
470445,1,1,1994,0,0,0,0,0,0,0,0,0,0
470446,1,1,1994,0,0,0,0,0,0,0,0,0,0
470447,1,1,1994,0,0,0,0,0,0,0,0,0,0
470447,2,1,1994,0,0,0,0,0,0,8,0,0,0
470448,1,1,1994,0,0,0,0,15,0,0,0,0,0
470449,1,1,1994,11,11,11,11,11,11,11,11,11,11
470450,1,1,1994,0,0,0,0,0,0,0,0,0,0
470450,2,1,1994,0,0,0,0,0,0,0,0,0,0
470451,0,1,1994,16,16,16,16,16,16,16,16,16,16
470451,1,1,1994,30,0,0,0,0,17,0,15,0,6
470452,0,1,1994,21,21,21,21,21,21,21,21,21,21
470452,1,1,1994,21,21,21,21,21,21,21,21,21,21
470453,1,1,1994,0,0,0,0,0,0,0,0,0,0
470454,1,1,1994,0,0,0,0,0,0,0,0,0,0
470454,2,1,1994,0,0,0,0,0,0,0,0,0,0
470455,1,1,1994,0,0,0,0,0,0,0,0,0,0
470455,2,1,1994,0,0,0,0,0,41,45,0,0,0
470456,0,1,1994,0,0,0,0,0,0,0,0,0,0
470456,1,1,1994,0,0,0,0,0,0,0,0,0,0
470457,1,1,1994,6,6,6,6,6,6,6,6,6,6
470458,1,1,1994,25,25,25,25,25,25,25,25,25,25
470459,1,1,1994,23,23,23,23,23,23,23,23,23,23
470460,1,1,1994,18,18,18,18,18,18,18,18,18,18
470461,1,1,1994,0,0,0,0,0,0,0,0,0,0
470461,2,1,1994,0,5,0,0,0,0,7,0,0,0
470461,3,1,1994,0,0,0,0,0,0,0,0,0,12
470462,1,1,1994,0,0,0,0,0,0,0,0,0,0
470462,2,1,1994,0,0,0,0,0,0,0,0,0,0
470463,1,1,1994,0,0,0,0,0,0,0,0,0,0
470463,2,1,1994,23,0,14,19,0,5,0,0,18,0
470464,1,1,1994,0,0,5,0,3,0,0,0,0,4
470464,2,1,1994,0,0,0,0,0,0,0,0,0,0
470465,1,1,1994,9,9,9,9,9,9,9,9,9,9
470466,1,1,1994,3,3,3,3,3,3,3,3,3,3
470466,2,1,1994,0,0,0,0,0,0,0,0,0,0
470467,1,1,1994,0,0,0,0,0,0,0,0,0,0
470467,2,1,1994,0,0,0,0,0,0,0,0,0,0
470467,3,1,1994,0,0,0,0,0,0,0,0,0,0
470468,1,1,1994,17,17,17,17,17,17,17,17,17,17
470469,1,1,1994,0,0,0,0,0,0,0,0,0,0
470469,2,1,1994,0,0,8,0,0,0,0,0,0,0
470470,1,1,1994,0,0,0,0,0,0,0,0,0,0
470470,2,1,1994,0,22,0,0,11,0,0,0,0,0
470471,1,1,1994,20,20,20,20,20,20,20,20,20,20
470471,2,1,1994,0,0,17,0,0,8,0,0,0,0
470472,1,1,1994,0,0,0,0,0,0,0,0,0,0
470473,1,1,1994,9,9,9,9,9,9,9,9,9,9
470474,1,1,1994,0,0,0,0,0,0,0,0,0,0
470474,2,1,1994,5,5,5,5,5,5,5,5,5,5
470475,1,1,1994,27,23,9,28,0,10,30,20,13,36
470476,1,1,1994,0,0,0,0,0,0,0,0,0,0
470479,1,1,1994,0,0,0,0,0,0,0,0,0,0
470479,2,1,1994,0,0,0,0,0,0,0,0,0,0
470480,1,1,1994,34,11,25,0,15,4,14,0,16,0
470480,2,1,1994,0,0,0,0,0,0,0,0,0,0
470481,1,1,1994,0,0,0,0,0,0,0,0,0,0
470481,2,1,1994,0,0,0,0,0,0,0,0,0,0
470482,0,1,1994,11,0,40,0,10,6,0,9,9,0
470482,1,1,1994,0,0,0,0,0,0,0,0,0,0
470483,1,1,1994,11,11,11,11,11,11,11,11,11,11
470484,1,1,1994,0,0,0,0,0,0,0,0,0,0
470485,1,1,1994,15,15,15,15,15,15,15,15,15,15
470486,1,1,1994,16,16,16,16,16,16,16,16,16,16
470487,1,1,1994,0,0,0,0,0,0,0,0,0,0
470487,2,1,1994,0,0,0,0,0,0,0,0,0,0
470488,1,1,1994,4,4,4,4,4,4,4,4,4,4
470489,1,1,1994,0,0,0,0,0,0,0,0,0,0
470489,2,1,1994,0,0,0,0,0,0,0,0,0,0
470490,1,1,1994,0,0,0,0,0,0,0,0,0,0
470491,0,1,1994,20,20,20,20,20,20,20,20,20,20
470491,1,1,1994,0,0,0,0,0,0,0,0,0,0
470492,1,1,1994,0,0,0,0,0,0,0,0,0,0
470492,2,1,1994,0,0,0,0,0,0,0,0,0,0
470493,1,1,1994,0,0,0,0,0,0,0,0,0,0
470494,1,1,1994,0,0,0,0,0,0,0,0,0,0
470494,2,1,1994,0,0,0,0,0,0,0,0,0,0
470495,1,1,1994,0,0,0,0,0,0,0,0,0,0
470496,1,1,1994,18,18,18,18,18,18,18,18,18,18
470497,1,1,1994,0,0,0,0,0,0,0,0,0,0
470497,2,1,1994,0,0,0,0,0,0,0,0,0,0
470498,1,1,1994,0,0,0,0,0,0,0,0,0,0
470499,1,1,1994,0,0,0,0,0,0,0,0,0,0
470501,1,1,1994,0,0,0,0,0,0,0,0,0,0
470501,2,1,1994,0,0,0,0,0,0,0,0,0,0
470503,1,1,1994,0,0,0,0,0,0,0,0,0,0
470504,1,1,1994,0,0,0,0,0,0,0,0,0,0
470504,2,1,1994,0,0,0,0,0,0,0,0,0,0
470504,3,1,1994,0,0,0,0,0,0,0,0,0,0
470505,1,1,1994,25,25,25,25,25,25,25,25,25,25
470506,1,1,1994,25,25,25,25,25,25,25,25,25,25
470507,1,1,1994,0,0,0,0,0,0,0,0,0,0
470507,2,1,1994,0,0,0,0,0,0,0,0,0,0
470508,1,1,1994,0,0,0,0,11,20,0,0,15,0
470509,1,1,1994,0,0,0,0,0,0,0,0,0,0
470509,2,1,1994,0,0,0,15,18,0,27,0,0,0
470509,3,1,1994,0,0,0,0,0,0,0,0,0,0
470510,1,1,1994,0,0,0,0,0,0,0,0,0,0
470510,2,1,1994,0,0,0,0,0,0,0,0,0,0
470511,1,1,1994,0,0,0,0,0,0,0,0,0,0
470511,2,1,1994,0,0,0,0,0,0,0,0,0,0
470512,1,1,1994,0,0,0,0,0,0,0,0,0,0
470512,2,1,1994,0,0,0,0,0,0,0,0,0,0
470513,1,1,1994,0,0,0,0,0,0,0,0,0,0
470513,2,1,1994,11,16,0,10,0,0,0,0,0,0
470514,1,1,1994,0,0,0,0,7,0,0,0,0,0
470515,1,1,1994,0,0,0,0,0,0,0,0,0,0
470515,2,1,1994,17,17,17,17,17,17,17,17,17,17
470516,1,1,1994,12,12,12,12,12,12,12,12,12,12
470516,2,1,1994,0,0,0,0,0,0,0,0,0,0
470517,1,1,1994,7,0,0,0,10,9,0,0,0,3
470518,1,1,1994,0,0,0,0,0,0,0,0,0,0
470518,2,1,1994,0,0,0,0,0,0,0,0,0,0
470519,1,1,1994,0,0,0,0,0,0,0,0,0,0
470520,1,1,1994,0,0,0,21,0,34,0,0,0,10
470520,2,1,1994,0,0,0,0,0,0,0,0,0,15
470520,3,1,1994,0,0,0,9,9,27,15,12,19,21
470520,4,1,1994,23,0,17,23,0,0,29,0,14,0
470520,5,1,1994,0,25,28,0,0,14,12,0,0,0
470521,1,1,1994,7,7,7,7,7,7,7,7,7,7
470522,1,1,1994,18,18,18,18,18,18,18,18,18,18
470523,1,1,1994,0,0,0,0,0,0,0,0,0,0
470523,2,1,1994,0,0,0,0,0,0,0,0,0,0
470523,3,1,1994,0,0,0,0,0,0,0,0,0,0
470523,4,1,1994,0,0,0,0,0,0,0,0,0,0
470524,1,1,1994,0,0,0,0,0,0,0,0,0,0
470524,2,1,1994,0,0,0,0,0,0,0,0,0,0
470524,3,1,1994,0,0,0,0,0,0,0,0,0,0
470525,1,1,1994,0,0,0,0,0,0,0,0,0,0
470526,1,1,1994,0,0,0,0,0,0,0,0,0,0
470527,1,1,1994,13,0,0,0,0,0,20,36,0,23
470528,1,1,1994,0,0,0,0,0,0,0,0,0,0
470528,2,1,1994,2,2,2,2,2,2,2,2,2,2
470529,1,1,1994,0,0,0,0,0,0,0,0,0,0
470529,2,1,1994,0,0,0,0,0,0,0,0,0,0
470530,1,1,1994,30,18,22,0,20,26,23,22,21,15
470532,1,1,1994,0,0,0,0,0,0,0,0,0,0
470533,1,1,1994,0,0,0,0,0,0,0,0,0,0
470533,2,1,1994,0,0,0,0,0,0,0,0,0,0
470533,3,1,1994,0,0,0,0,0,0,0,0,0,0
470535,1,1,1994,0,0,0,0,0,0,0,0,0,0
470535,2,1,1994,0,0,0,0,0,0,0,0,0,0
470536,1,1,1994,0,0,0,0,0,0,8,0,0,0
470537,1,1,1994,0,0,0,0,0,0,0,0,0,0
470537,2,1,1994,0,0,0,0,0,0,0,0,0,0
470538,1,1,1994,6,6,6,6,6,6,6,6,6,6
470539,1,1,1994,0,0,0,0,0,0,0,0,0,0
470540,1,1,1994,0,0,0,0,0,0,0,0,0,0
470540,2,1,1994,0,0,0,0,0,0,0,0,0,0
470541,1,1,1994,0,0,0,0,0,0,0,0,0,0
470542,1,1,1994,0,0,0,0,0,0,0,0,0,0
470543,1,1,1994,0,0,0,0,0,8,0,0,0,0
470544,1,1,1994,0,0,0,0,0,0,0,0,0,0
470545,0,1,1994,18,18,18,18,18,18,18,18,18,18
470545,1,1,1994,0,23,35,0,18,0,9,0,0,0
470546,1,1,1994,21,21,21,21,21,21,21,21,21,21
470548,1,1,1994,0,0,0,0,0,0,0,0,0,0
470548,2,1,1994,0,0,0,0,0,0,0,0,0,0
470549,1,1,1994,22,22,22,22,22,22,22,22,22,22
470550,1,1,1994,0,0,0,0,0,0,0,0,0,0
470551,1,1,1994,3,3,3,3,3,3,3,3,3,3
470552,1,1,1994,0,0,0,0,0,0,0,0,0,0
470552,2,1,1994,0,0,0,0,0,0,0,0,0,0
470553,1,1,1994,23,23,23,23,23,23,23,23,23,23
470553,2,1,1994,28,6,0,18,17,0,8,6,0,0
470554,1,1,1994,0,0,0,0,0,0,0,0,0,0
470554,2,1,1994,0,0,0,0,0,0,0,0,0,0
470555,1,1,1994,13,13,13,13,13,13,13,13,13,13
470555,2,1,1994,0,0,0,0,0,0,0,0,0,0
470556,1,1,1994,0,0,0,0,0,0,0,0,0,0
470557,1,1,1994,0,0,0,0,0,0,0,0,0,0
470557,2,1,1994,0,0,0,0,0,0,0,0,0,0
470558,1,1,1994,0,10,0,14,9,0,17,16,0,0
470559,1,1,1994,26,26,26,26,26,26,26,26,26,26
470560,1,1,1994,17,6,19,22,16,12,39,0,7,34
470561,1,1,1994,0,0,0,0,0,0,0,0,0,0
470561,2,1,1994,0,0,0,0,0,0,0,0,0,0
470561,3,1,1994,0,0,0,0,0,0,0,0,0,0
470562,1,1,1994,15,15,15,15,15,15,15,15,15,15
470563,1,1,1994,0,0,0,0,0,0,0,0,0,0
470564,1,1,1994,0,0,0,0,0,0,0,0,0,0
470564,2,1,1994,0,0,0,0,0,0,0,0,0,0
470565,1,1,1994,0,0,0,0,0,0,0,0,0,0
470565,2,1,1994,13,13,13,13,13,13,13,13,13,13
470566,0,1,1994,26,26,26,26,26,26,26,26,26,26
470566,1,1,1994,0,0,0,0,0,0,0,0,8,0
470567,1,1,1994,0,0,0,0,0,0,0,0,0,0
470567,2,1,1994,0,0,0,0,0,0,0,0,0,0
470568,1,1,1994,19,0,18,24,0,0,30,12,0,9
470569,1,1,1994,0,0,0,0,0,0,0,0,0,0
470569,2,1,1994,0,0,0,0,0,0,0,0,0,0
470570,1,1,1994,29,29,29,29,29,29,29,29,29,29
470570,2,1,1994,0,0,0,0,0,0,0,0,0,0
470571,1,1,1994,0,0,0,0,0,0,0,0,0,0
470571,2,1,1994,17,0,0,0,0,0,0,0,0,0
470571,3,1,1994,0,0,0,0,0,0,0,0,0,0
470572,1,1,1994,0,0,0,0,0,0,0,0,0,0
470572,2,1,1994,0,0,0,0,0,0,0,0,0,0
470573,1,1,1994,0,0,0,0,0,0,0,0,0,0
470573,2,1,1994,2,2,2,2,2,2,2,2,2,2
470574,1,1,1994,0,0,0,0,0,0,0,0,0,0
470574,2,1,1994,0,0,0,0,0,0,0,0,0,0
470575,1,1,1994,7,7,7,7,7,7,7,7,7,7
470576,1,1,1994,27,27,27,27,27,27,27,27,27,27
470577,1,1,1994,21,21,21,21,21,21,21,21,21,21
470578,1,1,1994,0,0,0,0,0,0,0,0,0,0
470578,2,1,1994,0,0,0,0,0,0,0,0,0,0
470579,1,1,1994,0,0,0,0,0,0,0,0,0,0
470579,2,1,1994,0,0,0,0,0,0,0,0,0,0
470580,0,1,1994,0,0,0,0,0,0,0,0,0,0
470580,1,1,1994,0,0,0,0,8,0,0,0,0,0
470581,1,1,1994,0,0,0,0,0,0,0,0,0,0
470581,2,1,1994,0,0,0,0,0,0,0,0,0,0
470581,3,1,1994,0,0,0,0,0,0,0,0,0,0
470582,1,1,1994,31,31,31,31,31,31,31,31,31,31
470583,1,1,1994,7,7,7,7,7,7,7,7,7,7
470584,1,1,1994,0,0,0,0,0,0,0,0,0,0
470584,2,1,1994,0,0,0,0,0,0,0,0,0,0
470585,1,1,1994,22,22,22,22,22,22,22,22,22,22
470586,1,1,1994,0,18,0,0,0,0,0,0,0,0
470586,2,1,1994,0,0,0,0,0,0,0,0,0,0
470587,1,1,1994,0,0,0,0,0,0,0,0,0,0
470588,1,1,1994,11,11,11,11,11,11,11,11,11,11
470589,1,1,1994,0,0,0,0,0,0,0,0,0,0
470590,1,1,1994,0,0,0,0,0,0,0,0,0,0
470590,2,1,1994,0,0,0,0,0,0,7,0,0,0
470591,1,1,1994,0,0,0,0,0,0,0,0,0,0
470592,1,1,1994,0,0,0,0,0,0,0,0,0,0
470592,2,1,1994,0,0,0,0,0,0,0,0,0,0
470593,1,1,1994,0,0,0,0,0,0,0,0,0,0
470594,1,1,1994,0,0,0,0,0,0,0,0,0,0
470594,2,1,1994,0,0,0,0,0,0,0,0,0,0
470595,1,1,1994,22,22,22,22,22,22,22,22,22,22
470596,0,1,1994,0,12,0,0,0,39,23,18,0,2
470596,1,1,1994,13,13,13,13,13,13,13,13,13,13
470596,2,1,1994,7,0,0,0,0,0,8,0,0,0
470597,0,1,1994,0,0,0,0,0,0,0,0,0,0
470597,1,1,1994,0,0,0,0,0,0,0,0,0,0
470598,1,1,1994,13,0,0,0,0,0,0,0,0,0
470599,1,1,1994,0,0,0,0,0,0,0,0,0,0
470600,1,1,1994,8,8,8,8,8,8,8,8,8,8
470600,2,1,1994,18,18,18,18,18,18,18,18,18,18
470601,1,1,1994,16,16,16,16,16,16,16,16,16,16
470602,1,1,1994,26,26,26,26,26,26,26,26,26,26
470603,1,1,1994,0,0,0,0,0,0,0,0,0,0
470603,2,1,1994,0,0,0,0,0,0,0,0,0,0
470604,1,1,1994,0,0,0,0,0,0,0,0,0,0
470605,1,1,1994,0,0,0,0,0,0,0,0,0,0
470605,2,1,1994,0,21,0,0,0,0,0,0,4,0
470606,1,1,1994,11,11,11,11,11,11,11,11,11,11
470607,1,1,1994,20,20,20,20,20,20,20,20,20,20
470608,1,1,1994,32,32,32,32,32,32,32,32,32,32
470609,1,1,1994,0,0,0,0,0,0,9,0,0,0
470610,1,1,1994,0,0,0,0,0,0,0,0,0,0
470610,2,1,1994,0,0,0,0,0,0,0,0,0,0
470611,1,1,1994,0,0,0,0,16,0,0,0,0,0
470611,2,1,1994,0,0,0,0,0,0,0,0,0,0
470613,0,1,1994,0,0,0,0,0,0,0,0,0,0
470613,1,1,1994,0,0,0,0,0,0,0,0,0,0
470614,1,1,1994,0,0,0,0,0,0,0,0,0,0
470614,2,1,1994,0,0,0,0,0,0,0,0,0,0
470615,1,1,1994,22,22,22,22,22,22,22,22,22,22
470615,2,1,1994,0,0,0,0,0,0,0,0,0,0
470616,1,1,1994,0,0,0,0,4,0,0,0,0,0
470616,2,1,1994,0,0,0,0,0,0,0,0,0,0
470617,1,1,1994,0,0,0,0,0,0,0,0,0,0
470617,2,1,1994,0,0,0,0,0,0,0,0,0,0
470618,0,1,1994,0,0,0,0,0,0,0,0,0,0
470618,1,1,1994,0,0,0,0,0,0,0,0,0,0
470619,1,1,1994,0,0,0,0,0,0,0,0,0,0
470619,2,1,1994,0,0,0,0,0,0,0,0,0,0
470619,3,1,1994,0,0,0,0,0,0,0,0,0,0
470620,1,1,1994,0,0,0,0,0,0,0,0,0,0
470621,1,1,1994,2,2,2,2,2,2,2,2,2,2
470622,1,1,1994,0,0,0,0,0,0,0,0,0,0
470623,1,1,1994,0,0,0,0,0,0,22,0,0,0
470624,1,1,1994,0,0,0,0,0,0,0,0,0,0
470625,1,1,1994,15,15,15,15,15,15,15,15,15,15
470625,2,1,1994,1,1,1,1,1,1,1,1,1,1
470626,1,1,1994,0,0,0,0,0,0,0,0,0,0
470627,1,1,1994,20,20,20,20,20,20,20,20,20,20
470628,1,1,1994,0,0,29,17,26,12,0,0,0,0
470628,2,1,1994,0,0,0,0,0,0,0,0,0,0
470629,1,1,1994,0,0,0,0,0,0,0,0,0,0
470630,0,1,1994,0,0,0,0,0,0,0,21,0,0
470630,1,1,1994,0,0,0,0,0,0,0,0,0,0
470631,1,1,1994,0,0,0,0,0,0,0,0,0,0
470632,1,1,1994,0,0,0,0,0,0,0,0,0,0
470632,2,1,1994,0,0,0,0,0,0,0,0,0,0
470633,1,1,1994,0,0,0,0,0,0,0,0,0,0
470633,2,1,1994,0,0,0,0,0,0,0,0,0,0
470634,1,1,1994,20,20,20,20,20,20,20,20,20,20
470634,2,1,1994,0,0,0,0,0,0,0,0,0,0
470635,1,1,1994,0,0,0,0,0,0,0,0,0,0
470635,2,1,1994,0,0,0,0,0,0,0,0,0,0
470636,1,1,1994,15,15,15,15,15,15,15,15,15,15
470636,2,1,1994,0,0,0,0,0,0,0,0,0,0
470637,1,1,1994,17,17,17,17,17,17,17,17,17,17
470638,1,1,1994,0,0,0,0,0,0,0,0,0,0
470638,2,1,1994,0,0,0,0,0,0,0,0,0,0
470639,1,1,1994,0,0,0,0,0,0,0,0,0,0
470640,1,1,1994,0,0,0,0,0,0,0,0,0,0
470640,2,1,1994,0,0,0,0,0,0,12,0,0,0
470641,1,1,1994,0,0,0,0,0,0,0,0,0,0
470641,2,1,1994,0,0,0,0,0,0,0,0,0,0
470642,1,1,1994,0,0,0,0,0,0,0,0,0,0
470643,1,1,1994,0,0,0,0,0,0,0,0,0,0
470644,1,1,1994,0,0,0,0,0,0,0,0,0,0
470645,1,1,1994,0,0,0,0,0,0,0,0,0,0
470646,1,1,1994,16,16,16,16,16,16,16,16,16,16
470647,1,1,1994,0,0,0,0,0,0,0,0,0,0
470647,2,1,1994,0,0,0,0,0,0,0,0,0,0
470648,1,1,1994,0,0,0,0,0,0,0,0,0,0
470649,1,1,1994,0,0,0,0,0,0,0,0,0,0
470650,1,1,1994,0,0,0,0,9,0,0,0,0,0
470650,2,1,1994,0,0,0,0,0,0,0,0,0,0
470651,1,1,1994,0,0,0,0,0,0,0,0,0,0
470652,1,1,1994,20,20,20,20,20,20,20,20,20,20
470653,1,1,1994,0,0,0,0,0,0,0,0,0,0
470654,1,1,1994,25,25,25,25,25,25,25,25,25,25
470655,1,1,1994,0,0,0,0,0,0,0,0,0,0
470656,1,1,1994,5,5,5,5,5,5,5,5,5,5
470657,1,1,1994,0,0,0,0,0,0,0,0,0,0
470658,1,1,1994,14,14,14,14,14,14,14,14,14,14
470659,1,1,1994,0,0,0,0,0,0,0,0,0,0
470659,2,1,1994,0,0,0,0,0,0,0,0,0,0
470660,1,1,1994,16,16,16,16,16,16,16,16,16,16
470661,1,1,1994,0,0,0,0,0,24,0,0,11,9
470662,1,1,1994,0,0,0,0,0,0,0,0,0,0
470662,2,1,1994,0,0,0,0,0,0,0,0,0,0
470663,1,1,1994,25,25,25,25,25,25,25,25,25,25
470664,1,1,1994,0,0,0,0,0,0,0,0,0,0
470664,2,1,1994,0,0,0,0,0,0,0,0,0,0
470665,1,1,1994,0,0,0,0,0,0,0,0,0,0
470665,2,1,1994,0,0,0,0,0,0,0,0,0,0
470666,1,1,1994,16,16,16,16,16,16,16,16,16,16
470667,1,1,1994,29,29,29,29,29,29,29,29,29,29
470668,1,1,1994,2,2,2,2,2,2,2,2,2,2
470669,1,1,1994,0,0,0,0,0,0,0,0,0,0
470669,2,1,1994,0,0,0,0,0,0,0,0,0,0
470670,1,1,1994,17,17,17,17,17,17,17,17,17,17
470671,1,1,1994,0,15,30,15,20,0,0,4,0,0