ST_CASE,VEH_NO,PER_NO,YEAR,P1,P2,P3,P4,P5,P6,P7,P8,P9,P10
540235,1,1,1994,0,0,0,0,0,0,0,0,0,0
540235,2,1,1994,0,0,0,0,0,0,0,0,0,0
540236,1,1,1994,21,21,21,21,21,21,21,21,21,21
540238,1,1,1994,0,0,0,0,0,0,0,28,3,0
540239,1,1,1994,0,0,0,0,0,0,0,0,0,0
540239,2,1,1994,0,0,0,0,0,0,0,0,0,0
540240,1,1,1994,0,0,0,0,0,0,0,0,0,0
540240,2,1,1994,0,0,0,0,0,0,0,0,0,0
540241,1,1,1994,0,0,0,0,0,0,0,0,0,0
540241,2,1,1994,0,0,0,0,0,0,0,25,0,0
540242,1,1,1994,0,0,0,0,0,0,14,0,0,0
540243,1,1,1994,0,0,0,0,0,0,0,0,0,0
540244,1,1,1994,24,24,24,24,24,24,24,24,24,24
540245,1,1,1994,0,0,0,0,0,0,0,0,13,0
540246,0,1,1994,0,0,0,0,0,0,0,0,0,0
540246,1,1,1994,22,0,0,0,0,0,0,0,0,0
540247,1,1,1994,0,0,0,0,0,0,0,0,0,24
540247,2,1,1994,0,0,0,0,0,0,0,0,0,0
540248,1,1,1994,3,0,0,0,0,0,0,0,0,0
540248,2,1,1994,0,0,0,0,0,0,0,0,0,0
540249,1,1,1994,0,0,0,0,0,0,0,0,7,0
540249,2,1,1994,33,33,33,33,33,33,33,33,33,33
540250,0,1,1994,0,0,0,0,0,0,0,0,0,0
540250,1,1,1994,0,0,0,0,0,0,0,0,0,0
540251,1,1,1994,0,0,0,0,0,0,0,0,0,0
540252,1,1,1994,21,21,21,21,21,21,21,21,21,21
540253,1,1,1994,0,2,0,0,0,0,0,0,0,0
540253,2,1,1994,0,0,0,0,0,0,0,0,0,0
540254,1,1,1994,0,0,0,0,0,0,0,0,0,0
540255,1,1,1994,0,0,0,0,0,0,0,0,0,0
540255,2,1,1994,0,0,0,0,0,0,0,0,0,0
540256,1,1,1994,0,0,0,0,0,0,0,0,0,0
540257,1,1,1994,0,0,0,0,0,0,14,0,0,0
540258,1,1,1994,24,24,24,24,24,24,24,24,24,24
540259,1,1,1994,11,11,11,11,11,11,11,11,11,11
540260,1,1,1994,0,0,0,0,0,0,0,0,0,0
540261,1,1,1994,0,0,0,0,0,0,0,0,0,0
540261,2,1,1994,0,0,0,0,0,18,0,0,0,0
540262,1,1,1994,0,0,0,0,0,0,0,0,0,0
540263,1,1,1994,0,0,0,0,0,0,0,0,0,0
540263,2,1,1994,18,18,18,18,18,18,18,18,18,18
540264,1,1,1994,0,0,0,0,0,0,0,0,0,0
540264,2,1,1994,0,0,0,0,0,0,0,0,0,0
540265,0,1,1994,45,45,45,45,45,45,45,45,45,45
540265,1,1,1994,0,27,0,0,0,0,0,0,0,0
540266,1,1,1994,0,0,0,0,0,0,0,0,0,0
540266,2,1,1994,0,0,0,0,0,0,0,0,0,0
540266,3,1,1994,0,0,0,0,0,0,0,0,0,0
540266,4,1,1994,0,0,0,0,0,0,0,0,0,0
540267,1,1,1994,0,28,0,0,0,0,0,0,0,0
540267,2,1,1994,0,0,0,0,0,0,0,0,0,0
540268,1,1,1994,0,0,0,0,0,0,0,0,0,0
540268,2,1,1994,0,0,0,0,0,0,0,0,19,0
540269,1,1,1994,0,0,0,0,0,0,0,0,0,0
540269,2,1,1994,0,0,0,0,0,0,0,0,0,0
540270,1,1,1994,0,16,0,6,8,0,0,0,0,11
540271,1,1,1994,20,20,20,20,20,20,20,20,20,20
540272,1,1,1994,0,0,0,0,0,0,0,0,0,0
540272,2,1,1994,0,0,0,0,0,0,0,0,0,0
540273,1,1,1994,0,0,3,0,0,0,0,0,16,0
540273,2,1,1994,16,0,24,0,18,0,7,17,0,0
540273,3,1,1994,0,7,0,0,0,12,0,18,0,6
540274,1,1,1994,14,14,14,14,14,14,14,14,14,14
540274,2,1,1994,0,0,0,0,0,0,0,0,0,0
540274,3,1,1994,0,0,0,0,0,0,0,0,0,0
540275,1,1,1994,0,0,0,0,0,0,0,0,0,0
540275,2,1,1994,0,0,0,0,0,0,0,0,0,0
540276,1,1,1994,0,0,0,0,0,0,0,0,0,0
540276,2,1,1994,0,0,0,0,0,0,0,0,0,0
540277,1,1,1994,29,29,29,29,29,29,29,29,29,29
540277,2,1,1994,0,0,0,0,0,0,0,0,0,0
540278,1,1,1994,0,0,0,0,0,0,0,0,0,0
540279,1,1,1994,0,0,0,0,0,0,0,0,0,0
540280,1,1,1994,0,4,24,0,33,0,0,0,22,0
540281,1,1,1994,0,0,0,0,0,0,0,0,0,0
540282,1,1,1994,24,24,24,24,24,24,24,24,24,24
540283,1,1,1994,44,44,44,44,44,44,44,44,44,44
540284,1,1,1994,0,0,0,0,0,0,0,0,0,0
540285,1,1,1994,9,9,9,9,9,9,9,9,9,9
540286,1,1,1994,8,8,8,8,8,8,8,8,8,8
540286,2,1,1994,0,0,0,0,0,0,0,0,0,0
540286,3,1,1994,0,0,0,0,0,0,0,0,0,0
540287,1,1,1994,39,39,39,39,39,39,39,39,39,39
540288,1,1,1994,18,18,18,18,18,18,18,18,18,18
540289,1,1,1994,0,0,0,0,0,0,0,0,0,0
540289,2,1,1994,0,0,0,0,0,0,0,0,0,0
540289,3,1,1994,0,0,0,0,0,0,0,0,0,0
540290,1,1,1994,0,0,0,0,0,0,0,0,0,0
540290,2,1,1994,0,0,0,0,0,0,0,0,0,0
540291,0,1,1994,0,0,0,0,0,0,0,0,0,0
540291,1,1,1994,0,0,0,0,0,0,0,0,0,0
540293,1,1,1994,0,0,0,0,31,0,0,0,0,0
540294,0,1,1994,0,0,0,0,0,0,0,0,0,0
540294,1,1,1994,0,0,0,0,0,0,0,0,0,0
540295,1,1,1994,8,8,8,8,8,8,8,8,8,8
540295,2,1,1994,0,12,0,0,0,0,0,0,0,13
540296,1,1,1994,25,25,25,25,25,25,25,25,25,25
540297,0,1,1994,0,0,0,0,0,0,0,0,0,0
540297,1,1,1994,0,0,0,0,0,0,0,0,0,0
540299,1,1,1994,16,16,16,16,16,16,16,16,16,16
540300,1,1,1994,0,0,0,0,0,0,0,0,0,0
540300,2,1,1994,0,0,0,0,0,0,0,0,0,0
540301,0,1,1994,40,40,40,40,40,40,40,40,40,40
540301,1,1,1994,0,0,0,0,17,0,0,11,6,0
540302,1,1,1994,0,0,0,11,0,0,0,0,0,0
540303,1,1,1994,18,18,18,18,18,18,18,18,18,18
540304,1,1,1994,13,13,13,13,13,13,13,13,13,13
540305,1,1,1994,19,19,19,19,19,19,19,19,19,19
540306,1,1,1994,0,0,0,0,0,0,0,0,0,0
540306,2,1,1994,40,40,40,40,40,40,40,40,40,40
540307,1,1,1994,31,31,31,31,31,31,31,31,31,31
540308,1,1,1994,0,0,0,0,0,0,0,0,0,0
540309,1,1,1994,26,26,26,26,26,26,26,26,26,26
540311,0,1,1994,0,0,0,0,0,0,0,0,0,0
540311,1,1,1994,0,0,5,0,0,0,0,0,0,0
540312,1,1,1994,0,0,0,0,0,0,0,0,0,0
540312,2,1,1994,0,0,0,0,0,0,0,0,0,0
540313,0,1,1994,0,0,0,0,0,0,0,0,0,0
540313,0,2,1994,0,9,2,0,0,0,0,0,0,15
540313,1,1,1994,0,0,0,0,0,0,0,0,0,0
540314,1,1,1994,0,0,0,0,0,0,0,0,0,0
540314,2,1,1994,44,44,44,44,44,44,44,44,44,44
540315,1,1,1994,0,0,0,0,0,0,0,0,0,0
540315,2,1,1994,0,0,0,20,0,0,0,0,0,0
540316,1,1,1994,0,0,0,0,0,0,0,0,0,0
540316,2,1,1994,0,0,0,0,0,0,0,0,10,0
540317,1,1,1994,0,14,23,22,19,41,15,21,32,18
540318,1,1,1994,20,20,20,20,20,20,20,20,20,20
540319,1,1,1994,0,0,0,10,0,0,0,0,0,0
540320,1,1,1994,16,16,16,16,16,16,16,16,16,16
540320,2,1,1994,0,9,8,0,0,0,0,0,0,0
540321,1,1,1994,17,26,22,0,26,18,16,22,26,24
540322,1,1,1994,25,25,25,25,25,25,25,25,25,25
540323,1,1,1994,24,24,24,24,24,24,24,24,24,24
540323,2,1,1994,0,0,0,0,0,0,0,0,0,0
540324,1,1,1994,46,46,46,46,46,46,46,46,46,46
540325,1,1,1994,0,0,0,0,0,0,0,0,0,0
540325,2,1,1994,11,11,11,11,11,11,11,11,11,11
540325,3,1,1994,0,0,0,0,0,0,0,0,0,0
540326,1,1,1994,21,21,21,21,21,21,21,21,21,21
540327,1,1,1994,30,14,14,28,11,28,29,30,20,19
540328,0,1,1994,0,0,0,0,0,0,0,0,0,0
540328,1,1,1994,0,0,0,0,0,0,0,0,0,0
540329,1,1,1994,10,10,10,10,10,10,10,10,10,10
540330,1,1,1994,0,0,0,0,0,0,0,0,0,0
540330,2,1,1994,0,0,0,5,0,0,0,0,0,6
540331,1,1,1994,0,0,0,0,0,0,0,0,0,0
540332,2,1,1994,0,0,0,0,0,0,0,0,0,0
540333,1,1,1994,0,0,0,0,0,0,0,0,0,0
540334,1,1,1994,19,19,19,19,19,19,19,19,19,19
540335,0,1,1994,29,29,29,29,29,29,29,29,29,29
540335,1,1,1994,0,0,0,0,0,0,0,0,0,0
550001,1,1,1994,21,21,21,21,21,21,21,21,21,21
550002,1,1,1994,7,7,7,7,7,7,7,7,7,7
550002,2,1,1994,16,16,16,16,16,16,16,16,16,16
550003,1,1,1994,0,0,0,0,0,0,0,0,0,0
550003,2,1,1994,0,0,0,0,0,0,0,0,0,0
550003,3,1,1994,0,0,0,0,11,0,0,0,0,0
550003,4,1,1994,0,0,0,0,0,0,0,0,0,0
550004,1,1,1994,0,0,0,0,0,0,0,0,0,0
550005,1,1,1994,0,0,0,0,0,0,0,0,0,0
550005,2,1,1994,0,0,0,0,0,0,0,0,0,0
550006,1,1,1994,0,0,0,0,0,0,0,11,0,0
550006,2,1,1994,28,0,22,16,0,0,0,0,0,15
550007,1,1,1994,16,16,16,16,16,16,16,16,16,16
550008,1,1,1994,0,0,0,0,0,0,0,0,0,0
550009,1,1,1994,0,0,0,0,0,0,0,0,0,0
550009,2,1,1994,0,0,0,0,0,0,0,0,0,0
550010,1,1,1994,0,0,0,0,0,0,0,10,0,0
550010,2,1,1994,0,0,0,0,0,0,0,0,0,0
550011,1,1,1994,0,0,0,0,0,0,0,0,0,0
550011,2,1,1994,0,0,0,0,0,0,0,0,0,0
550012,1,1,1994,0,0,0,0,0,0,0,0,0,0
550012,2,1,1994,0,0,0,0,0,0,0,0,0,0
550013,1,1,1994,22,22,22,22,22,22,22,22,22,22
550013,2,1,1994,0,0,0,0,0,0,0,0,0,0
550014,1,1,1994,20,20,20,20,20,20,20,20,20,20
550015,1,1,1994,0,0,0,0,0,0,0,0,0,0
550015,2,1,1994,7,7,7,7,7,7,7,7,7,7
550016,1,1,1994,0,0,0,0,0,0,0,0,0,0
550016,2,1,1994,0,0,0,0,0,0,0,0,0,0
550017,1,1,1994,0,0,0,0,0,0,0,0,0,0
550017,2,1,1994,0,0,0,0,0,0,0,0,0,0
550018,1,1,1994,0,0,0,0,0,0,0,0,0,0
550018,2,1,1994,0,0,0,0,0,0,0,0,0,0
550018,3,1,1994,0,0,0,0,0,0,0,0,0,0
550019,1,1,1994,0,0,0,0,0,0,0,0,0,0
550019,2,1,1994,0,0,0,9,0,0,0,0,0,0
550020,1,1,1994,0,0,0,0,0,0,0,0,0,0
550020,2,1,1994,0,0,0,0,0,0,0,0,0,0
550021,1,1,1994,14,14,14,14,14,14,14,14,14,14
550021,2,1,1994,0,0,0,0,0,0,0,0,0,0
550022,1,1,1994,0,0,0,0,0,0,0,0,0,0
550023,1,1,1994,0,0,0,0,0,0,0,0,0,0
550023,2,1,1994,0,0,0,0,0,0,0,0,0,0
550024,0,1,1994,0,0,0,0,0,0,0,0,0,0
550024,1,1,1994,0,0,0,0,0,0,0,0,0,0
550025,1,1,1994,0,0,0,0,0,0,0,0,0,0
550025,2,1,1994,0,0,0,0,0,0,0,0,0,0
550026,1,1,1994,0,0,0,0,0,0,0,0,0,0
550026,2,1,1994,0,0,0,0,0,0,0,0,0,0
550027,1,1,1994,0,0,0,0,0,0,0,0,0,0
550027,2,1,1994,0,0,0,0,0,0,0,0,0,0
550027,3,1,1994,0,0,0,0,0,0,0,0,0,0
550028,1,1,1994,14,0,0,0,0,0,0,0,0,0
550028,2,1,1994,0,0,0,0,0,0,0,0,0,0
550029,1,1,1994,0,0,0,0,0,0,0,0,0,0
550029,2,1,1994,0,0,0,0,0,0,0,0,0,0
550030,1,1,1994,0,0,0,0,0,0,0,0,0,0
550030,2,1,1994,0,0,0,0,0,0,0,0,0,0
550031,1,1,1994,5,5,5,5,5,5,5,5,5,5
550031,2,1,1994,0,0,0,0,0,0,0,0,0,0
550031,3,1,1994,0,0,0,0,0,0,0,0,0,0
550032,0,1,1994,0,0,0,0,0,0,0,0,0,0
550032,1,1,1994,0,0,0,0,0,0,0,0,0,0
550033,1,1,1994,0,0,0,0,0,0,0,0,0,0
550033,2,1,1994,0,0,0,0,0,0,0,0,0,0
550033,3,1,1994,0,0,0,0,0,0,0,0,0,0
550034,1,1,1994,17,17,17,17,17,17,17,17,17,17
550034,2,1,1994,0,0,0,0,0,0,0,0,0,0
550035,1,1,1994,0,0,0,0,0,0,0,0,0,0
550035,2,1,1994,0,0,0,0,0,0,0,0,0,0
550036,1,1,1994,1,1,1,1,1,1,1,1,1,1
550036,2,1,1994,0,0,0,0,0,0,0,0,0,0
550037,1,1,1994,0,0,0,0,0,0,0,0,0,0
550038,1,1,1994,0,0,0,0,0,0,0,0,0,0
550038,2,1,1994,0,0,0,0,0,0,0,0,0,0
550039,1,1,1994,20,20,20,20,20,20,20,20,20,20
550040,1,1,1994,0,0,0,0,0,0,0,0,0,0
550040,2,1,1994,0,0,0,0,0,0,0,0,0,0
550041,1,1,1994,0,0,0,0,0,0,0,0,0,0
550041,2,1,1994,0,0,0,0,0,0,0,0,0,0
550042,1,1,1994,0,0,38,20,0,0,0,0,19,0
550042,2,1,1994,0,0,0,0,0,0,0,0,0,0
550043,1,1,1994,13,13,13,13,13,13,13,13,13,13
550043,2,1,1994,0,0,0,0,0,0,0,0,0,0
550044,1,1,1994,0,0,0,0,0,0,0,0,0,0
550044,2,1,1994,10,10,10,10,10,10,10,10,10,10
550045,1,1,1994,0,0,0,0,0,0,0,0,0,0
550045,2,1,1994,0,0,0,0,0,0,0,0,0,0
550046,1,1,1994,0,0,0,0,0,0,0,0,0,0
550047,1,1,1994,0,0,0,0,0,0,0,0,0,0
550047,2,1,1994,15,0,0,0,0,0,0,0,0,0
550048,0,1,1994,0,0,0,0,0,0,0,0,0,0
550048,1,1,1994,0,0,0,0,0,0,0,0,0,0
550049,0,1,1994,0,0,0,0,0,0,0,0,0,0
550049,1,1,1994,0,0,0,10,0,0,0,13,0,0
550050,1,1,1994,0,0,0,0,0,0,0,0,0,0
550051,1,1,1994,6,6,6,6,6,6,6,6,6,6
550051,2,1,1994,0,12,0,0,0,0,0,0,0,0
550052,1,1,1994,19,19,19,19,19,19,19,19,19,19
550053,1,1,1994,0,0,0,0,0,0,0,0,0,0
550053,2,1,1994,0,0,0,0,0,0,0,0,0,0
550053,3,1,1994,0,0,0,0,0,0,0,0,0,0
550054,1,1,1994,0,0,0,0,0,0,0,0,0,0
550054,2,1,1994,0,0,0,0,0,0,0,0,0,0
550055,1,1,1994,0,0,0,0,0,0,0,0,0,0
550055,2,1,1994,0,0,0,0,0,0,0,0,0,0
550056,1,1,1994,0,0,0,0,0,0,0,0,0,0
550056,2,1,1994,0,0,0,0,0,0,0,0,0,0
550057,1,1,1994,16,16,16,16,16,16,16,16,16,16
550058,1,1,1994,0,0,0,0,0,0,0,0,0,0
550058,2,1,1994,0,0,0,0,0,0,0,0,0,0
550059,1,1,1994,11,11,11,11,11,11,11,11,11,11
550060,1,1,1994,0,0,0,0,0,0,0,0,0,0
550060,2,1,1994,0,0,0,0,0,0,0,0,0,0
550061,1,1,1994,22,22,22,22,22,22,22,22,22,22
550062,1,1,1994,0,0,0,0,0,0,0,0,0,0
550063,1,1,1994,7,7,7,7,7,7,7,7,7,7
550064,1,1,1994,0,0,0,0,0,0,0,0,0,0
550064,2,1,1994,0,0,0,0,0,0,0,0,0,0
550064,3,1,1994,0,0,0,0,0,0,0,0,0,0
550065,1,1,1994,0,30,0,0,0,0,0,0,0,0
550065,2,1,1994,0,0,0,0,0,0,0,0,0,0
550066,1,1,1994,0,0,0,0,0,0,0,9,0,0
550066,2,1,1994,0,0,0,0,0,0,0,0,0,0
550067,1,1,1994,0,0,0,0,0,0,0,0,0,0
550067,2,1,1994,0,0,0,0,0,0,0,0,0,0
550068,1,1,1994,0,0,0,0,0,0,0,0,0,0
550069,1,1,1994,0,0,0,0,0,0,0,19,0,0
550069,2,1,1994,19,19,19,19,19,19,19,19,19,19
550070,1,1,1994,0,0,0,0,0,0,0,0,0,0
550071,1,1,1994,9,9,9,9,9,9,9,9,9,9
550072,1,1,1994,8,8,8,8,8,8,8,8,8,8
550073,1,1,1994,0,0,0,0,0,0,0,0,0,0
550074,0,1,1994,0,0,0,0,0,0,0,0,0,0
550074,1,1,1994,0,0,0,0,0,0,0,0,0,0
550075,1,1,1994,22,22,22,22,22,22,22,22,22,22
550076,1,1,1994,13,13,13,13,13,13,13,13,13,13
550077,0,1,1994,8,8,8,8,8,8,8,8,8,8
550077,1,1,1994,0,0,0,0,0,0,0,0,0,0
550078,1,1,1994,16,16,16,16,16,16,16,16,16,16
550078,2,1,1994,0,0,0,0,0,0,0,0,0,0
550079,1,1,1994,0,0,0,0,0,0,0,0,0,0
550080,1,1,1994,0,0,0,0,0,0,0,0,0,0
550081,1,1,1994,0,0,11,0,0,0,0,0,0,0
550081,2,1,1994,0,0,0,0,0,0,0,0,0,0
550082,1,1,1994,0,0,0,0,0,0,0,0,0,0
550083,1,1,1994,0,0,0,0,0,0,0,0,0,0
550084,0,1,1994,0,0,0,0,0,0,0,0,0,0
550084,1,1,1994,0,0,0,0,0,0,0,0,0,0
550085,1,1,1994,0,0,0,0,0,0,0,0,0,0
550085,2,1,1994,0,0,0,0,0,0,0,0,0,0
550085,3,1,1994,0,0,0,0,0,0,0,0,0,0
550085,4,1,1994,0,0,0,0,0,0,0,0,0,0
550085,5,1,1994,0,0,0,0,0,0,0,0,0,0
550086,1,1,1994,0,0,0,0,0,0,0,0,0,0
550086,2,1,1994,26,26,26,26,26,26,26,26,26,26
550086,3,1,1994,0,0,0,0,0,0,0,0,0,0
550087,1,1,1994,0,0,0,0,0,0,0,0,0,0
550087,2,1,1994,0,0,0,0,0,0,0,0,0,0
550088,1,1,1994,21,21,21,21,21,21,21,21,21,21
550089,1,1,1994,0,0,0,0,0,0,0,0,0,0
550089,2,1,1994,0,0,0,0,0,0,0,0,0,0
550090,1,1,1994,4,4,4,4,4,4,4,4,4,4
550091,1,1,1994,0,0,0,0,0,0,0,0,0,0
550091,2,1,1994,13,15,19,0,12,4,0,0,0,0
550092,1,1,1994,0,0,0,0,0,0,0,0,0,0
550093,1,1,1994,7,7,7,7,7,7,7,7,7,7
550094,1,1,1994,0,0,0,0,0,0,0,0,0,0
550095,1,1,1994,21,21,21,21,21,21,21,21,21,21
550096,0,1,1994,0,0,0,0,0,0,0,0,0,0
550096,1,1,1994,0,0,0,0,0,0,0,0,0,0
550097,1,1,1994,0,0,0,0,0,0,0,0,0,0
550098,1,1,1994,13,13,13,13,13,13,13,13,13,13
550099,1,1,1994,0,0,0,0,0,0,0,0,0,0
550099,2,1,1994,0,0,0,0,0,0,0,0,0,0
550100,1,1,1994,0,0,0,0,0,0,0,0,0,0
550101,1,1,1994,0,0,15,0,17,0,0,0,0,13
550101,2,1,1994,0,0,0,0,0,0,0,0,0,12
550102,1,1,1994,0,0,0,0,0,0,0,0,0,0
550103,1,1,1994,0,0,0,0,0,0,0,0,0,0
550103,2,1,1994,0,0,0,0,0,0,4,5,0,0
550103,3,1,1994,0,0,0,0,0,0,0,0,0,0
550104,1,1,1994,0,0,0,0,0,0,0,0,0,0
550104,2,1,1994,0,0,0,0,0,0,0,0,0,0
550105,1,1,1994,17,17,17,17,17,17,17,17,17,17
550106,0,1,1994,0,0,0,0,0,0,0,0,0,0
550106,1,1,1994,0,0,0,0,0,7,0,17,12,0
550107,1,1,1994,14,14,14,14,14,14,14,14,14,14
550108,1,1,1994,0,0,0,0,0,0,0,0,0,0
550109,1,1,1994,0,0,0,0,0,0,0,0,0,0
550109,2,1,1994,0,0,0,0,0,0,0,0,0,0
550110,1,1,1994,0,0,0,0,0,0,0,0,0,0
550111,1,1,1994,0,0,0,0,0,0,0,0,0,0
550111,2,1,1994,0,0,0,0,10,25,0,22,0,0
550112,1,1,1994,0,0,0,0,0,0,0,0,0,0
550112,2,1,1994,0,0,0,0,0,0,0,0,0,0
550112,3,1,1994,0,0,0,0,0,0,0,0,0,0
550113,0,1,1994,0,0,0,0,0,0,0,0,0,0
550113,1,1,1994,0,0,0,0,0,0,0,0,0,0
550114,1,1,1994,0,0,0,0,0,0,0,0,0,0
550114,2,1,1994,0,0,0,0,0,0,0,0,0,0
550115,0,1,1994,0,0,0,0,0,0,0,0,0,0
550115,1,1,1994,15,15,15,15,15,15,15,15,15,15
550116,1,1,1994,6,6,6,6,6,6,6,6,6,6
550117,1,1,1994,0,0,0,0,0,0,0,0,0,0
550118,1,1,1994,11,11,11,11,11,11,11,11,11,11
550118,2,1,1994,0,0,0,0,0,0,0,0,0,0
550119,1,1,1994,0,0,0,0,0,0,0,0,0,0
550119,2,1,1994,0,0,0,0,0,0,0,0,0,0
550120,1,1,1994,13,13,13,13,13,13,13,13,13,13
550121,1,1,1994,3,3,3,3,3,3,3,3,3,3
550121,2,1,1994,0,0,0,0,0,0,0,0,0,0
550122,1,1,1994,0,0,0,0,0,0,0,0,0,0
550123,1,1,1994,17,17,17,17,17,17,17,17,17,17
550124,1,1,1994,0,0,0,0,17,0,8,0,0,0
550124,2,1,1994,0,6,20,0,0,0,0,0,0,20
550126,1,1,1994,22,0,17,21,0,0,0,0,29,14
550126,2,1,1994,0,0,0,0,0,0,0,0,0,0
550126,3,1,1994,0,0,0,0,0,0,0,8,0,0
550127,1,1,1994,23,23,23,23,23,23,23,23,23,23
550128,1,1,1994,37,37,37,37,37,37,37,37,37,37
550129,1,1,1994,28,28,28,28,28,28,28,28,28,28
550130,1,1,1994,0,0,0,0,0,0,0,0,0,0
550130,2,1,1994,0,0,0,0,0,0,0,0,15,0
550131,1,1,1994,0,0,0,0,0,0,0,0,0,0
550131,2,1,1994,0,0,0,0,0,0,0,0,0,0
550132,1,1,1994,0,0,0,0,0,0,0,0,0,0
550132,2,1,1994,0,0,0,0,0,0,0,0,0,0
550133,1,1,1994,26,26,26,26,26,26,26,26,26,26
550134,1,1,1994,21,21,21,21,21,21,21,21,21,21
550134,2,1,1994,0,0,0,0,0,0,0,0,0,0
550135,1,1,1994,0,0,0,0,0,0,0,0,0,0
550135,2,1,1994,0,0,0,0,0,0,0,0,0,0
550136,1,1,1994,18,18,18,18,18,18,18,18,18,18
550137,1,1,1994,22,22,22,22,22,22,22,22,22,22
550138,1,1,1994,26,26,26,26,26,26,26,26,26,26
550139,1,1,1994,27,27,27,27,27,27,27,27,27,27
550140,1,1,1994,0,0,0,0,0,0,0,0,0,0
550140,2,1,1994,0,0,0,0,0,0,0,0,0,0
550140,3,1,1994,0,0,0,0,0,0,0,0,0,0
550141,1,1,1994,0,0,0,0,0,0,0,0,0,0
550141,2,1,1994,0,0,0,0,0,0,0,0,0,0
550142,1,1,1994,0,0,0,0,0,0,0,0,0,0
550143,1,1,1994,16,16,16,16,16,16,16,16,16,16
550144,1,1,1994,18,18,18,18,18,18,18,18,18,18
550145,1,1,1994,10,10,10,10,10,10,10,10,10,10
550146,1,1,1994,0,0,0,0,0,0,0,0,0,0
550146,2,1,1994,0,0,0,0,0,0,0,0,0,0
550147,1,1,1994,0,0,0,0,0,0,0,0,0,0
550147,2,1,1994,0,0,0,0,0,0,0,0,0,0
550148,1,1,1994,0,0,0,0,0,0,0,0,0,0
550148,2,1,1994,7,8,0,6,0,19,6,0,0,0
550149,1,1,1994,14,14,14,14,14,14,14,14,14,14
550150,1,1,1994,0,0,0,0,8,0,0,15,0,0
550150,2,1,1994,0,0,0,0,0,0,0,0,0,0
550151,1,1,1994,14,14,14,14,14,14,14,14,14,14
550151,2,1,1994,17,17,17,17,17,17,17,17,17,17
550152,1,1,1994,7,7,7,7,7,7,7,7,7,7
550153,1,1,1994,0,0,0,0,0,0,0,0,0,0
550153,2,1,1994,0,0,0,0,0,0,0,0,0,0
550154,1,1,1994,28,28,28,28,28,28,28,28,28,28
550155,1,1,1994,0,0,0,0,0,0,0,0,0,17
550155,2,1,1994,0,0,0,0,0,0,0,0,0,0
550156,1,1,1994,0,0,0,0,0,0,0,0,0,0
550156,2,1,1994,0,0,0,0,0,0,0,0,0,0
550157,1,1,1994,15,15,15,15,15,15,15,15,15,15
550158,1,1,1994,18,18,18,18,18,18,18,18,18,18
550159,1,1,1994,21,21,21,21,21,21,21,21,21,21
550160,1,1,1994,11,11,11,11,11,11,11,11,11,11
550161,0,1,1994,0,0,0,0,0,0,0,0,0,0
550161,1,1,1994,0,0,0,0,0,0,0,0,0,0
550162,1,1,1994,0,0,0,0,0,0,0,0,0,0
550162,2,1,1994,0,0,0,0,0,0,0,0,0,0
550163,1,1,1994,0,0,0,0,0,0,0,0,0,0
550164,1,1,1994,0,0,0,0,0,0,0,0,0,0
550165,1,1,1994,0,0,0,0,0,0,0,0,0,0
550166,1,1,1994,23,23,23,23,23,23,23,23,23,23
550167,1,1,1994,0,0,0,0,0,0,0,0,0,0
550167,2,1,1994,14,14,14,14,14,14,14,14,14,14
550168,1,1,1994,6,6,6,6,6,6,6,6,6,6
550168,2,1,1994,13,13,13,13,13,13,13,13,13,13
550169,1,1,1994,23,23,23,23,23,23,23,23,23,23
550170,1,1,1994,0,0,0,0,0,0,0,0,0,0
550170,2,1,1994,0,0,0,0,0,0,0,0,0,0
550171,1,1,1994,0,0,0,0,0,0,0,0,0,0
550171,2,1,1994,0,0,0,0,0,0,0,0,0,0
550171,3,1,1994,0,0,0,0,0,0,0,0,0,0
550172,1,1,1994,0,0,0,0,0,0,0,0,0,0
550172,2,1,1994,0,0,0,0,0,0,0,0,0,0
550173,1,1,1994,28,28,28,28,28,28,28,28,28,28
550174,1,1,1994,8,0,0,22,0,0,0,0,0,0
550175,0,1,1994,9,9,9,9,9,9,9,9,9,9
550175,1,1,1994,0,0,0,0,0,0,0,0,0,0
550176,0,1,1994,0,0,0,0,0,0,0,0,0,0
550176,1,1,1994,0,0,0,0,0,0,0,0,0,0
550178,1,1,1994,0,0,0,0,0,0,0,0,0,0
550178,2,1,1994,0,0,0,0,0,0,0,0,0,0
550179,1,1,1994,0,0,0,0,0,0,9,0,0,9
550179,2,1,1994,0,0,0,0,0,0,0,0,0,0
550180,1,1,1994,14,14,14,14,14,14,14,14,14,14
550181,1,1,1994,28,28,28,28,28,28,28,28,28,28
550182,1,1,1994,0,0,0,0,0,0,0,0,0,0
550183,1,1,1994,9,9,9,9,9,9,9,9,9,9
550184,1,1,1994,0,0,0,0,0,0,0,0,0,0
550184,2,1,1994,0,0,0,0,0,0,0,0,0,0
550185,1,1,1994,0,0,0,0,0,0,0,0,0,0
550185,2,1,1994,0,0,0,0,0,0,0,0,0,0