ST_CASE,VEH_NO,PER_NO,YEAR,P1,P2,P3,P4,P5,P6,P7,P8,P9,P10
62039,1,1,1994,17,17,17,17,17,17,17,17,17,17
62040,1,1,1994,0,0,20,0,0,0,0,0,0,0
62041,1,1,1994,19,19,19,19,19,19,19,19,19,19
62042,1,1,1994,9,9,9,9,9,9,9,9,9,9
62043,1,1,1994,7,7,7,7,7,7,7,7,7,7
62044,1,1,1994,13,13,13,13,13,13,13,13,13,13
62044,2,1,1994,0,0,0,0,0,0,0,0,0,0
62044,3,1,1994,0,0,0,0,0,0,0,0,0,0
62045,1,1,1994,17,17,17,17,17,17,17,17,17,17
62046,1,1,1994,14,14,14,14,14,14,14,14,14,14
62047,1,1,1994,5,5,5,5,5,5,5,5,5,5
62048,1,1,1994,0,0,0,0,0,0,0,0,0,0
62049,1,1,1994,15,15,15,15,15,15,15,15,15,15
62050,0,1,1994,0,0,0,0,0,0,0,0,0,0
62050,1,1,1994,0,0,0,0,0,0,0,0,0,0
62051,1,1,1994,0,0,0,0,5,0,0,0,0,0
62052,0,1,1994,11,11,11,11,11,11,11,11,11,11
62052,1,1,1994,0,0,0,0,0,0,0,0,0,0
62053,0,1,1994,0,0,0,0,0,0,0,0,0,0
62053,1,1,1994,0,0,0,0,0,0,0,0,0,0
62054,0,1,1994,0,0,0,0,0,0,0,0,0,28
62054,0,2,1994,0,0,0,0,0,0,0,0,0,0
62054,1,1,1994,0,0,0,0,0,0,0,0,0,0
62055,0,1,1994,0,0,0,0,0,0,0,0,0,0
62055,1,1,1994,0,0,0,0,0,0,0,0,0,0
62056,1,1,1994,0,0,0,0,0,0,0,0,0,0
62057,1,1,1994,13,13,13,13,13,13,13,13,13,13
62058,1,1,1994,15,15,15,15,15,15,15,15,15,15
62059,0,1,1994,0,0,0,0,0,0,0,0,0,0
62059,1,1,1994,0,0,0,0,0,0,0,0,5,0
62060,1,1,1994,0,0,0,0,0,0,0,0,0,0
62061,1,1,1994,18,18,18,18,18,18,18,18,18,18
62062,1,1,1994,9,9,9,9,9,9,9,9,9,9
62063,1,1,1994,0,0,0,0,0,0,0,0,0,0
62064,1,1,1994,13,13,13,13,13,13,13,13,13,13
62065,1,1,1994,0,0,0,0,0,0,0,0,0,0
62066,1,1,1994,0,0,0,0,0,0,0,0,0,0
62067,1,1,1994,0,0,0,0,0,0,0,0,0,8
62068,1,1,1994,0,0,0,0,0,0,0,0,0,0
62069,0,1,1994,0,0,0,0,0,0,0,0,0,0
62069,1,1,1994,0,0,0,0,0,0,0,0,0,0
62070,1,1,1994,0,0,0,0,0,0,0,0,0,0
62071,1,1,1994,0,0,0,18,0,0,0,0,0,11
62072,0,1,1994,0,0,0,0,0,0,0,0,0,0
62072,1,1,1994,0,0,0,10,0,0,0,0,2,20
62073,1,1,1994,19,19,19,19,19,19,19,19,19,19
62074,1,1,1994,18,18,18,18,18,18,18,18,18,18
62075,0,1,1994,0,0,0,0,0,0,0,0,0,0
62075,1,1,1994,0,0,0,0,0,0,0,0,0,0
62076,1,1,1994,0,0,0,0,0,0,0,0,0,0
62077,1,1,1994,0,0,0,0,0,0,0,0,0,0
62078,1,1,1994,0,0,0,0,0,0,0,0,0,0
62079,0,1,1994,0,0,0,0,0,0,0,0,0,0
62079,1,1,1994,0,0,0,12,0,0,0,0,0,0
62080,1,1,1994,0,0,0,0,0,0,0,0,0,0
62081,0,1,1994,6,6,6,6,6,6,6,6,6,6
62081,2,1,1994,13,13,13,13,13,13,13,13,13,13
62082,1,1,1994,0,0,0,0,0,0,10,0,0,0
62083,1,1,1994,0,0,0,0,0,0,0,0,0,0
62084,0,1,1994,0,0,0,0,0,0,0,0,0,0
62084,1,1,1994,0,0,0,0,0,0,0,0,0,0
62085,0,1,1994,0,0,0,0,19,0,0,0,39,0
62085,1,1,1994,0,0,0,0,0,0,0,0,0,0
62086,0,1,1994,11,11,11,11,11,11,11,11,11,11
62086,1,1,1994,10,0,0,0,0,0,0,0,0,15
62087,1,1,1994,0,0,0,0,0,0,0,0,0,0
62088,1,1,1994,9,10,0,14,0,0,0,0,0,0
62089,0,1,1994,0,0,0,0,0,0,0,0,0,0
62089,1,1,1994,0,0,0,0,0,0,0,0,0,0
62090,0,1,1994,18,18,18,18,18,18,18,18,18,18
62090,1,1,1994,21,0,12,0,0,0,0,0,15,0
62091,1,1,1994,1,1,1,1,1,1,1,1,1,1
62092,1,1,1994,0,0,0,0,0,0,0,0,0,0
62093,1,1,1994,6,6,6,6,6,6,6,6,6,6
62094,1,1,1994,30,30,30,30,30,30,30,30,30,30
62095,0,1,1994,0,0,0,0,0,0,0,0,0,0
62095,1,1,1994,0,0,16,2,0,0,0,0,0,0
62096,1,1,1994,9,9,9,9,9,9,9,9,9,9
62097,0,1,1994,0,0,0,0,0,0,0,0,0,0
62097,1,1,1994,0,0,0,0,0,0,0,0,0,0
62098,0,1,1994,25,25,25,25,25,25,25,25,25,25
62098,1,1,1994,0,0,0,0,0,0,0,0,0,0
62099,1,1,1994,19,19,19,19,19,19,19,19,19,19
62100,0,1,1994,9,9,9,9,9,9,9,9,9,9
62100,1,1,1994,0,0,0,0,0,0,0,0,0,0
62101,1,1,1994,0,0,0,0,0,0,0,0,0,0
62102,0,1,1994,2,2,2,2,2,2,2,2,2,2
62102,1,1,1994,0,0,0,0,0,0,0,0,0,0
62103,1,1,1994,10,10,10,10,10,10,10,10,10,10
62104,1,1,1994,0,0,0,0,0,0,0,0,0,0
62105,1,1,1994,0,0,0,0,0,0,0,5,13,0
62106,1,1,1994,0,0,0,0,0,0,0,0,0,0
62107,1,1,1994,0,0,0,0,0,0,0,0,0,0
62108,1,1,1994,0,0,0,0,0,0,0,0,0,0
62109,1,1,1994,0,10,26,23,34,24,0,0,0,0
62110,1,1,1994,0,0,0,0,0,0,0,0,0,0
62111,0,1,1994,20,20,20,20,20,20,20,20,20,20
62111,1,1,1994,0,0,0,0,0,0,17,0,0,0
62112,0,1,1994,30,30,30,30,30,30,30,30,30,30
62112,1,1,1994,0,0,0,0,13,24,0,0,0,0
62113,1,1,1994,0,0,0,0,0,0,0,0,0,0
62114,1,1,1994,22,22,22,22,22,22,22,22,22,22
62115,1,1,1994,0,0,0,0,0,0,0,0,0,0
62116,1,1,1994,0,0,0,0,0,0,0,0,0,0
62117,1,1,1994,14,14,14,14,14,14,14,14,14,14
62118,1,1,1994,36,36,36,36,36,36,36,36,36,36
62119,1,1,1994,0,0,0,0,0,0,0,0,0,0
62120,0,1,1994,19,19,19,19,19,19,19,19,19,19
62120,1,1,1994,14,0,15,0,0,0,0,0,0,0
62121,1,1,1994,20,20,20,20,20,20,20,20,20,20
62122,1,1,1994,4,0,0,0,0,0,0,0,0,26
62123,1,1,1994,0,0,0,0,0,0,0,0,0,0
62124,1,1,1994,0,0,0,0,0,0,0,0,0,0
62125,1,1,1994,21,21,21,21,21,21,21,21,21,21
62126,0,1,1994,0,0,0,0,0,0,0,0,0,0
62126,1,1,1994,0,0,0,0,0,0,0,0,0,0
62127,1,1,1994,0,0,0,0,0,0,0,0,0,0
62128,1,1,1994,0,0,0,0,0,0,0,0,0,0
62129,1,1,1994,0,0,0,0,0,0,0,0,0,0
62130,0,1,1994,0,0,0,0,0,0,0,0,0,0
62130,1,1,1994,0,0,0,0,0,0,0,0,0,0
62131,1,1,1994,0,0,0,0,0,0,0,0,0,0
62133,1,1,1994,0,0,0,0,0,0,0,0,0,0
62134,1,1,1994,0,0,0,0,0,0,0,0,0,0
62135,0,1,1994,11,11,11,11,11,11,11,11,11,11
62135,1,1,1994,0,3,0,22,0,0,23,0,0,30
62136,0,1,1994,7,7,7,7,7,7,7,7,7,7
62136,1,1,1994,13,13,13,13,13,13,13,13,13,13
62137,1,1,1994,11,11,11,11,11,11,11,11,11,11
62138,1,1,1994,29,29,29,29,29,29,29,29,29,29
62139,1,1,1994,0,0,0,0,0,0,0,0,0,0
62140,0,1,1994,0,0,0,0,0,0,0,0,0,0
62140,1,1,1994,0,0,0,0,0,0,0,0,0,0
62141,1,1,1994,0,0,0,0,0,0,0,0,0,0
62142,0,1,1994,0,0,0,0,0,0,0,0,0,0
62142,1,1,1994,0,0,0,0,0,0,0,0,0,0
62143,0,1,1994,0,0,0,0,0,0,0,0,0,0
62143,1,1,1994,0,0,0,0,0,0,0,0,0,0
62144,1,1,1994,0,0,0,0,0,0,0,0,0,0
62145,1,1,1994,0,0,0,0,0,0,0,0,0,0
62146,1,1,1994,0,0,0,0,0,0,0,0,0,0
62147,0,1,1994,32,32,32,32,32,32,32,32,32,32
62147,1,1,1994,0,0,0,0,0,0,0,0,0,0
62148,1,1,1994,0,0,0,0,0,0,0,0,0,0
62149,0,1,1994,0,0,0,0,8,0,18,0,12,0
62149,1,1,1994,0,0,0,0,0,0,0,0,0,0
62150,1,1,1994,0,0,0,0,0,0,0,0,0,0
62151,1,1,1994,0,0,0,0,0,0,0,0,0,0
62152,1,1,1994,13,13,13,13,13,13,13,13,13,13
62153,1,1,1994,0,0,0,0,0,0,0,0,0,0
62154,0,1,1994,0,0,0,0,0,0,0,0,0,0
62154,0,2,1994,0,0,42,0,0,0,0,0,0,0
62154,1,1,1994,0,0,0,0,0,0,0,0,0,0
62155,1,1,1994,0,14,15,0,5,0,0,18,0,0
62156,1,1,1994,12,12,12,12,12,12,12,12,12,12
62157,1,1,1994,0,0,0,0,0,0,0,0,0,0
62158,1,1,1994,0,0,0,0,0,0,0,0,0,0
62159,1,1,1994,19,19,19,19,19,19,19,19,19,19
62160,1,1,1994,19,19,19,19,19,19,19,19,19,19
62161,1,1,1994,0,0,0,0,0,0,0,0,0,0
62162,0,1,1994,0,0,0,28,0,0,0,0,0,0
62162,1,1,1994,0,6,0,0,0,0,0,0,0,0
62163,0,1,1994,0,0,0,0,0,0,0,0,0,0
62163,1,1,1994,0,0,0,0,0,0,0,0,0,0
62164,0,1,1994,0,0,0,0,0,0,0,0,0,0
62164,1,1,1994,0,0,0,0,0,0,0,0,0,0
62165,0,1,1994,0,0,0,0,0,0,0,0,0,0
62165,1,1,1994,0,0,0,0,0,0,0,0,0,0
62166,0,1,1994,0,0,0,0,0,0,0,0,0,0
62166,1,1,1994,0,0,0,0,0,0,0,0,0,30
62167,1,1,1994,0,5,4,19,0,0,22,0,0,0
62168,1,1,1994,14,14,14,14,14,14,14,14,14,14
62169,1,1,1994,30,0,17,16,23,22,13,21,16,12
62170,1,1,1994,13,13,13,13,13,13,13,13,13,13
62171,1,1,1994,23,8,12,7,6,24,9,7,20,12
62171,2,1,1994,14,14,14,14,14,14,14,14,14,14
62172,1,1,1994,0,0,0,0,0,0,0,0,0,0
62173,1,1,1994,13,13,13,13,13,13,13,13,13,13
62174,1,1,1994,5,5,5,5,5,5,5,5,5,5
62175,1,1,1994,14,14,14,14,14,14,14,14,14,14
62176,1,1,1994,13,13,13,13,13,13,13,13,13,13
62177,1,1,1994,0,0,0,0,0,0,0,0,0,0
62178,0,1,1994,0,0,0,0,0,0,0,0,0,0
62178,1,1,1994,0,0,0,0,0,0,0,0,0,0
62179,0,1,1994,0,0,0,0,0,0,0,0,0,0
62179,1,1,1994,0,0,0,0,0,0,0,0,0,0
62180,1,1,1994,0,0,0,0,0,0,0,0,0,0
62181,0,1,1994,0,0,0,0,0,0,0,0,0,0
62181,1,1,1994,30,30,30,30,30,30,30,30,30,30
62182,1,1,1994,0,0,0,0,0,0,0,0,0,0
62183,1,1,1994,15,15,15,15,15,15,15,15,15,15
62184,1,1,1994,14,0,0,0,0,0,23,0,0,0
62185,1,1,1994,0,0,0,0,0,0,0,0,0,0
62186,0,1,1994,0,0,0,0,0,24,0,0,15,0
62186,1,1,1994,0,0,0,0,0,0,0,20,0,0
62187,0,1,1994,9,12,30,30,29,21,24,16,0,0
62187,1,1,1994,0,0,0,0,0,0,0,0,0,0
62188,1,1,1994,0,0,0,0,0,0,0,0,0,0
62188,2,1,1994,0,0,0,21,0,0,0,0,0,0
62189,0,1,1994,11,11,11,11,11,11,11,11,11,11
62189,1,1,1994,0,0,4,0,0,0,0,0,0,20
62190,0,1,1994,17,17,17,17,17,17,17,17,17,17
62190,2,1,1994,0,0,0,0,0,6,0,0,0,0
62191,0,1,1994,0,0,0,0,0,0,0,0,0,0
62191,1,1,1994,0,0,0,0,0,0,0,0,0,0
62192,1,1,1994,0,0,0,0,0,0,0,0,0,0
62193,0,1,1994,0,0,0,0,0,0,0,0,0,0
62193,1,1,1994,0,0,0,0,0,0,0,0,5,0
62194,0,1,1994,0,0,0,0,0,0,0,0,0,0
62194,1,1,1994,18,16,0,0,10,0,0,0,0,0
62195,0,1,1994,0,0,0,0,0,0,0,0,0,0
62195,1,1,1994,0,0,0,0,0,0,0,0,0,0
62196,1,1,1994,10,10,10,10,10,10,10,10,10,10
62197,1,1,1994,0,0,0,0,0,0,0,0,0,0
62198,1,1,1994,0,0,0,0,0,0,0,0,0,0
62198,2,1,1994,0,18,0,0,0,0,0,0,0,0
62199,1,1,1994,0,0,14,0,9,14,5,26,0,11
62200,1,1,1994,0,0,0,0,0,0,0,0,0,0
62201,0,1,1994,0,0,0,0,0,0,0,0,0,0
62201,1,1,1994,0,0,0,13,0,0,0,0,0,0
62202,1,1,1994,0,0,0,0,0,0,0,0,0,0
62203,1,1,1994,0,0,0,0,0,0,0,0,0,0
62203,2,1,1994,0,0,0,0,0,0,0,0,0,0
62204,1,1,1994,12,12,12,12,12,12,12,12,12,12
62205,1,1,1994,0,0,0,0,0,0,0,0,0,0
62205,2,1,1994,0,0,0,0,0,0,0,0,0,0
62205,3,1,1994,0,0,0,0,0,0,0,0,0,0
62206,0,1,1994,5,5,5,5,5,5,5,5,5,5
62206,1,1,1994,0,0,0,9,14,22,0,0,16,0
62207,0,1,1994,0,0,0,0,0,0,0,0,0,0
62207,1,1,1994,0,0,0,0,0,0,19,0,0,0
62208,0,1,1994,0,11,15,0,0,0,0,0,0,0
62208,1,1,1994,0,0,0,0,0,0,11,0,19,0
62209,0,1,1994,0,0,0,0,0,0,0,0,0,0
62209,1,1,1994,0,0,0,0,0,0,0,0,0,0
62210,0,1,1994,0,0,0,0,0,0,0,0,0,0
62210,1,1,1994,0,0,0,0,0,0,0,0,0,0
62211,0,1,1994,0,0,0,0,0,0,0,0,0,0
62211,1,1,1994,0,13,0,0,0,0,0,0,0,0
62212,1,1,1994,12,12,12,12,12,12,12,12,12,12
62212,2,1,1994,0,0,0,0,0,0,0,0,0,0
62213,1,1,1994,0,0,0,0,0,0,0,0,0,0
62213,2,1,1994,0,0,0,0,0,0,0,0,0,0
62214,0,1,1994,0,0,0,0,0,0,0,0,0,0
62214,1,1,1994,0,0,0,0,0,0,0,0,0,0
62215,1,1,1994,27,27,27,27,27,27,27,27,27,27
62216,1,1,1994,0,24,0,0,0,0,0,0,0,0
62216,2,1,1994,0,0,0,0,0,0,0,0,0,0
62217,1,1,1994,0,0,0,0,0,0,0,0,0,0
62217,2,1,1994,0,0,0,16,0,0,0,0,0,0
62218,1,1,1994,0,0,0,0,0,0,0,0,0,0
62218,2,1,1994,2,2,2,2,2,2,2,2,2,2
62219,0,1,1994,0,0,0,0,0,0,0,0,0,0
62219,0,2,1994,20,40,11,0,0,9,0,0,0,0
62219,1,1,1994,11,11,11,11,11,11,11,11,11,11
62220,1,1,1994,0,0,0,0,0,12,0,0,0,0
62220,2,1,1994,0,0,0,0,0,0,0,18,0,0
62220,3,1,1994,0,9,7,0,12,0,0,0,0,0
62221,1,1,1994,0,0,0,0,0,0,0,0,0,0
62221,2,1,1994,0,0,19,0,0,0,0,0,0,0
62222,1,1,1994,0,0,0,0,0,0,0,0,0,0
62222,2,1,1994,0,0,0,0,0,0,0,0,0,0
62223,1,1,1994,0,0,0,0,0,0,0,0,0,0
62223,2,1,1994,0,0,0,0,0,0,0,0,0,0
62223,3,1,1994,0,0,0,0,0,0,0,0,0,0
62224,1,1,1994,0,0,0,0,0,0,0,0,0,0
62224,2,1,1994,0,21,0,0,0,0,0,0,0,0
62224,3,1,1994,0,0,0,13,0,0,0,0,0,0
62225,0,1,1994,0,35,51,19,21,15,0,11,15,32
62225,1,1,1994,0,0,0,0,0,0,0,0,0,0
62225,2,1,1994,0,0,0,0,0,0,0,0,0,0
62226,1,1,1994,16,16,16,16,16,16,16,16,16,16
62226,2,1,1994,0,0,0,0,0,0,0,0,0,0
62227,1,1,1994,0,0,0,0,0,0,0,0,0,0
62227,2,1,1994,0,0,0,0,0,0,0,0,0,0
62228,1,1,1994,0,0,0,0,0,0,0,0,0,0
62228,2,1,1994,0,0,0,0,0,0,0,0,0,0
62228,3,1,1994,0,0,0,0,0,0,0,0,0,0
62229,1,1,1994,0,0,0,0,0,0,0,0,0,0
62229,2,1,1994,0,0,0,0,0,0,0,0,0,0
62229,3,1,1994,0,0,0,0,0,0,30,0,0,0
62230,1,1,1994,2,2,2,2,2,2,2,2,2,2
62230,2,1,1994,0,0,0,0,0,0,0,0,0,0
62231,1,1,1994,0,0,0,0,0,0,0,0,0,0
62231,2,1,1994,0,0,0,0,0,0,7,0,0,0
62232,1,1,1994,0,0,0,0,0,0,0,0,0,0
62232,2,1,1994,0,0,0,0,0,0,0,0,0,0
62233,0,1,1994,0,0,0,0,0,0,0,0,0,19
62233,1,1,1994,0,0,0,0,0,0,0,0,0,0
62233,2,1,1994,0,0,0,0,0,25,0,0,0,0
62234,0,1,1994,0,0,0,0,0,0,0,0,0,16
62234,1,1,1994,0,0,0,0,0,0,0,0,0,0
62235,1,1,1994,13,0,0,2,0,0,0,0,19,0
62235,2,1,1994,0,0,19,0,0,0,0,0,0,0
62236,1,1,1994,0,0,0,0,0,0,0,0,0,0
62236,2,1,1994,0,0,0,0,0,0,0,0,0,0
62237,1,1,1994,14,14,14,14,14,14,14,14,14,14
62237,2,1,1994,0,0,0,0,0,0,0,0,0,0
62238,0,1,1994,27,27,27,27,27,27,27,27,27,27
62238,1,1,1994,0,0,0,0,0,0,0,12,0,0
62239,1,1,1994,0,0,0,0,0,0,0,0,0,0
62239,2,1,1994,25,0,0,0,0,0,0,0,0,0
62239,3,1,1994,0,0,0,0,0,0,0,0,0,0
62239,4,1,1994,0,0,0,0,0,31,6,0,0,0
62239,5,1,1994,0,0,0,0,0,0,0,0,0,0
62240,1,1,1994,13,13,13,13,13,13,13,13,13,13
62240,2,1,1994,9,0,0,0,0,0,15,0,0,0
62241,1,1,1994,0,0,0,0,0,0,0,0,0,0
62241,2,1,1994,0,0,0,0,0,0,0,0,0,0
62242,1,1,1994,0,0,0,0,0,0,0,0,0,0
62242,2,1,1994,0,0,0,0,0,0,0,0,0,0
62243,1,1,1994,0,0,0,0,0,0,0,0,0,0
62243,2,1,1994,0,16,0,0,0,0,0,0,0,0
62244,1,1,1994,0,0,0,0,0,0,0,0,0,0
62244,2,1,1994,0,0,0,0,0,0,0,0,0,0
62245,1,1,1994,0,0,0,0,0,0,0,0,0,0
62245,2,1,1994,0,0,0,0,0,0,0,0,0,0
62246,1,1,1994,0,0,0,0,0,0,0,0,0,0
62246,2,1,1994,0,0,0,0,0,0,0,0,0,0
62247,1,1,1994,0,0,0,0,0,0,0,0,0,0
62247,2,1,1994,0,0,0,0,0,0,0,0,0,0
62248,1,1,1994,0,4,0,0,0,0,0,0,0,11
62248,2,1,1994,0,0,0,0,0,0,0,0,0,0
62249,1,1,1994,29,29,29,29,29,29,29,29,29,29
62249,2,1,1994,0,0,0,0,0,0,0,11,0,0
62249,3,1,1994,0,0,0,0,0,0,0,0,0,0
62250,1,1,1994,0,20,0,0,0,2,0,22,0,0
62250,2,1,1994,0,0,0,0,0,0,0,0,0,0
62251,1,1,1994,0,0,0,0,0,0,0,0,0,0
62251,2,1,1994,0,0,0,0,0,0,0,0,0,0
62252,1,1,1994,0,0,0,0,0,0,0,0,0,0
62252,2,1,1994,0,0,0,0,0,0,0,0,0,0
62253,1,1,1994,0,15,21,0,0,0,0,0,0,0
62254,1,1,1994,0,0,0,0,0,0,0,0,0,0
62254,2,1,1994,10,10,10,10,10,10,10,10,10,10
62255,1,1,1994,0,0,0,0,11,0,0,0,0,0
62255,2,1,1994,0,0,0,0,0,0,0,0,0,0
62256,1,1,1994,0,0,0,0,0,0,0,0,0,0
62256,2,1,1994,0,16,0,0,0,0,0,0,0,0
62256,3,1,1994,0,0,0,0,0,0,0,0,0,0
62257,1,1,1994,0,0,0,0,0,0,0,0,0,0
62257,2,1,1994,0,0,0,0,0,0,0,0,0,0
62258,1,1,1994,0,0,0,0,0,0,0,0,0,0
62258,2,1,1994,2,2,2,2,2,2,2,2,2,2
62259,0,1,1994,6,6,6,6,6,6,6,6,6,6
62259,0,2,1994,21,0,0,0,3,4,27,0,0,17
62259,1,1,1994,0,20,0,6,0,11,0,0,15,0
62259,2,1,1994,0,0,0,0,0,0,0,0,0,0
62260,1,1,1994,0,0,0,0,0,0,0,0,0,0
62260,2,1,1994,0,11,0,0,0,0,0,0,0,0
62261,1,1,1994,9,9,9,9,9,9,9,9,9,9
62261,2,1,1994,10,10,10,10,10,10,10,10,10,10
62262,1,1,1994,28,28,28,28,28,28,28,28,28,28
62262,2,1,1994,0,0,0,0,0,0,0,0,0,0
62263,1,1,1994,2,2,2,2,2,2,2,2,2,2
62263,2,1,1994,15,0,0,0,0,0,0,0,0,0
62264,1,1,1994,15,15,15,15,15,15,15,15,15,15
62264,2,1,1994,0,0,0,0,0,0,0,0,0,0
62265,1,1,1994,0,23,0,0,0,0,0,0,0,0
62266,1,1,1994,12,12,12,12,12,12,12,12,12,12
62266,2,1,1994,0,11,11,0,0,0,0,0,0,0
62267,1,1,1994,15,9,12,21,10,29,41,9,32,0
62267,2,1,1994,0,0,0,13,0,0,7,0,0,0
62268,1,1,1994,0,0,0,0,0,0,0,0,0,0
62268,2,1,1994,4,4,4,4,4,4,4,4,4,4
62269,0,1,1994,13,0,8,31,12,0,13,17,38,23
62269,1,1,1994,3,3,3,3,3,3,3,3,3,3
62269,3,1,1994,0,0,0,0,0,0,0,0,0,0
62270,1,1,1994,16,16,16,16,16,16,16,16,16,16
62270,2,1,1994,8,8,8,8,8,8,8,8,8,8
62271,1,1,1994,0,0,0,0,0,0,0,0,0,0
62271,2,1,1994,0,0,0,0,0,0,0,5,0,0
62271,3,1,1994,0,0,0,0,0,0,0,0,0,0
62272,1,1,1994,0,0,0,0,0,0,0,0,0,0
62272,2,1,1994,0,0,0,0,0,0,0,0,0,0
62273,1,1,1994,0,0,0,0,0,0,0,0,0,0
62273,2,1,1994,0,0,0,0,0,0,0,0,0,0
62274,1,1,1994,0,0,0,0,0,0,0,0,0,0
62274,2,1,1994,0,0,0,0,0,0,0,0,0,0
62275,0,1,1994,10,0,15,0,22,0,0,16,0,0
62275,0,2,1994,12,0,0,0,0,0,0,12,0,0
62275,1,1,1994,21,21,21,21,21,21,21,21,21,21
62275,2,1,1994,0,0,0,0,0,0,0,0,0,0
62275,3,1,1994,0,0,0,0,0,0,0,0,0,0
62276,1,1,1994,0,0,0,0,0,0,18,0,0,0
62276,2,1,1994,0,0,0,0,0,0,0,0,0,0
62276,3,1,1994,0,0,0,0,0,0,0,0,0,0
62277,1,1,1994,0,0,0,0,0,0,0,0,0,0
62277,2,1,1994,0,0,0,0,0,0,0,0,0,0
62278,1,1,1994,0,0,0,0,0,0,0,0,0,0
62278,2,1,1994,0,0,22,0,0,0,0,0,0,0
62279,1,1,1994,0,0,0,0,0,0,0,0,0,0
62279,2,1,1994,0,0,0,0,0,0,0,0,0,0
62280,0,1,1994,0,0,0,0,0,0,0,0,0,0
62280,1,1,1994,0,0,0,0,0,0,0,0,0,0
62281,1,1,1994,16,16,16,16,16,16,16,16,16,16
62281,2,1,1994,0,0,0,0,0,0,0,0,0,0
62282,1,1,1994,2,2,2,2,2,2,2,2,2,2
62282,2,1,1994,0,0,0,0,0,0,0,0,0,0
62283,1,1,1994,0,0,0,0,0,0,0,0,0,0
62283,2,1,1994,0,0,0,0,0,0,0,0,0,0
62284,1,1,1994,2,2,2,2,2,2,2,2,2,2
62284,2,1,1994,0,0,0,0,0,0,0,0,0,0
62284,3,1,1994,0,0,0,0,0,0,0,0,0,0
62285,1,1,1994,0,0,0,0,0,0,0,0,0,0
62285,2,1,1994,0,0,0,0,0,0,0,0,0,0
62285,3,1,1994,0,0,0,0,0,0,0,0,7,0
62286,1,1,1994,0,0,0,0,0,0,0,0,0,0
62286,2,1,1994,0,0,0,0,0,0,0,0,0,0
62287,0,1,1994,0,0,0,0,0,0,0,0,0,0
62287,1,1,1994,0,0,0,0,0,0,0,0,0,0
62287,2,1,1994,0,0,0,4,0,0,0,0,0,0
62287,3,1,1994,0,0,7,0,0,0,0,0,0,0
62288,1,1,1994,0,0,0,0,0,0,0,0,0,0
62288,2,1,1994,0,0,0,0,0,0,0,0,0,0
62289,1,1,1994,0,0,0,0,0,0,0,0,0,0
62289,2,1,1994,0,0,0,0,0,0,0,0,0,0
62289,3,1,1994,0,0,0,0,0,0,0,0,0,0
62290,1,1,1994,0,0,0,0,0,0,0,0,0,0
62290,2,1,1994,0,0,0,9,0,10,0,0,0,0
62290,3,1,1994,0,0,0,0,0,0,0,14,0,11
62290,4,1,1994,0,29,0,0,0,0,0,0,0,0
62291,1,1,1994,0,13,0,0,8,0,0,0,0,0
62291,2,1,1994,0,0,0,0,0,0,0,0,0,0
62292,1,1,1994,0,0,0,0,0,0,0,0,0,0
62292,2,1,1994,0,0,0,0,0,0,0,0,0,0
62293,1,1,1994,0,0,0,0,0,0,0,0,0,0
62293,2,1,1994,0,0,0,0,0,0,0,0,0,0
62294,1,1,1994,21,21,21,21,21,21,21,21,21,21
62294,2,1,1994,32,22,19,0,22,0,31,0,24,15
62294,3,1,1994,0,0,0,0,0,0,0,0,0,0
62295,1,1,1994,26,26,26,26,26,26,26,26,26,26
62295,2,1,1994,0,0,0,0,0,27,20,0,0,0
62295,3,1,1994,0,13,0,5,0,0,43,0,0,0
62296,0,1,1994,0,0,0,0,0,0,0,0,0,0
62296,1,1,1994,0,0,21,0,16,0,0,18,28,0
62297,1,1,1994,2,2,2,2,2,2,2,2,2,2
62298,0,1,1994,0,0,0,0,0,0,0,0,0,0
62298,1,1,1994,0,0,0,0,0,0,0,0,0,0
62299,0,1,1994,0,0,0,0,0,0,0,0,0,0
62299,1,1,1994,0,0,0,0,0,0,0,0,0,0
62300,0,1,1994,0,6,0,0,0,0,0,0,21,10
62300,1,1,1994,0,0,0,0,0,0,0,0,0,0
62301,1,1,1994,17,17,17,17,17,17,17,17,17,17
62302,0,1,1994,0,0,0,0,0,0,0,0,0,0
62302,1,1,1994,0,0,0,0,0,0,0,0,0,0
62303,1,1,1994,38,38,38,38,38,38,38,38,38,38
62304,1,1,1994,40,40,40,40,40,40,40,40,40,40
62305,0,1,1994,0,0,0,0,0,0,0,0,0,0