ST_CASE,VEH_NO,PER_NO,YEAR,P1,P2,P3,P4,P5,P6,P7,P8,P9,P10
63045,1,1,1994,0,0,0,0,0,0,0,0,0,0
63045,2,1,1994,0,0,0,0,0,0,0,0,0,0
63046,1,1,1994,0,0,0,0,0,0,0,0,0,0
63046,2,1,1994,0,0,0,0,0,0,0,0,0,0
63047,1,1,1994,0,0,0,0,0,0,0,0,0,0
63048,1,1,1994,0,0,0,0,0,0,0,0,0,0
63048,2,1,1994,0,0,0,0,0,0,0,0,0,0
63048,3,1,1994,0,0,0,0,3,0,0,0,0,0
63049,1,1,1994,0,0,7,0,0,0,0,0,0,0
63049,2,1,1994,13,13,13,13,13,13,13,13,13,13
63050,1,1,1994,16,16,16,16,16,16,16,16,16,16
63050,2,1,1994,0,0,0,0,0,0,0,0,0,0
63050,3,1,1994,0,0,0,0,0,0,0,0,0,0
63051,1,1,1994,15,15,15,15,15,15,15,15,15,15
63051,2,1,1994,0,0,0,0,0,0,0,0,0,24
63052,1,2,1994,28,13,42,15,15,15,14,9,11,0
63053,1,1,1994,0,0,0,0,0,0,0,0,0,0
63053,2,1,1994,0,0,0,0,0,0,0,0,0,0
63054,1,1,1994,4,4,4,4,4,4,4,4,4,4
63054,2,1,1994,0,0,0,0,0,0,0,0,0,0
63055,1,1,1994,17,17,17,17,17,17,17,17,17,17
63055,2,1,1994,0,13,16,0,0,0,0,0,0,0
63056,1,1,1994,13,13,13,13,13,13,13,13,13,13
63056,2,1,1994,0,0,0,0,0,0,0,0,0,0
63056,3,1,1994,0,0,0,0,0,0,0,0,0,0
63057,1,1,1994,0,0,0,0,0,0,0,10,0,0
63057,2,1,1994,0,0,0,0,0,0,0,0,0,4
63057,3,1,1994,0,0,0,0,0,0,0,0,0,0
63058,1,1,1994,8,8,8,8,8,8,8,8,8,8
63058,2,1,1994,0,0,0,0,0,0,0,0,0,0
63059,0,1,1994,30,12,22,0,13,25,34,0,20,35
63059,0,2,1994,5,0,12,0,0,0,28,13,34,0
63059,0,3,1994,0,0,0,0,0,0,0,0,0,0
63059,1,1,1994,7,7,7,7,7,7,7,7,7,7
63060,1,1,1994,0,0,0,0,0,0,0,0,0,0
63060,2,1,1994,0,0,0,0,0,0,0,0,0,0
63061,1,1,1994,0,0,0,0,0,0,0,0,0,0
63061,2,1,1994,0,0,0,0,0,0,0,0,0,0
63062,1,1,1994,0,0,0,0,0,0,0,0,0,0
63062,2,1,1994,0,0,0,0,0,0,0,0,0,0
63063,1,1,1994,0,0,0,0,0,0,0,0,0,0
63063,2,1,1994,0,0,0,0,0,0,0,0,0,0
63064,1,1,1994,0,0,0,0,0,0,0,0,0,0
63064,2,1,1994,0,0,0,0,0,0,0,0,0,0
63064,3,1,1994,0,0,0,12,0,0,0,0,0,0
63065,1,1,1994,0,0,0,0,0,0,0,0,0,0
63065,2,1,1994,0,0,0,0,0,0,0,0,0,0
63066,1,1,1994,2,2,2,2,2,2,2,2,2,2
63066,2,1,1994,0,0,0,0,0,0,0,0,0,0
63067,1,1,1994,0,0,0,0,0,0,0,0,0,0
63067,2,1,1994,0,0,0,0,0,0,0,0,0,0
63068,1,1,1994,31,31,31,31,31,31,31,31,31,31
63068,2,1,1994,0,0,0,0,0,0,0,0,0,0
63069,1,1,1994,0,0,0,0,0,0,0,0,0,0
63069,2,1,1994,3,3,3,3,3,3,3,3,3,3
63070,1,1,1994,0,0,0,0,0,0,0,0,0,0
63070,2,1,1994,0,0,0,0,0,0,0,0,0,0
63070,3,1,1994,0,0,0,0,0,8,0,0,0,0
63071,1,1,1994,0,0,0,0,0,0,0,0,0,0
63071,2,1,1994,0,0,0,0,0,0,0,0,11,0
63071,3,1,1994,0,0,0,0,0,0,0,0,0,0
63072,1,1,1994,9,9,9,9,9,9,9,9,9,9
63072,2,1,1994,0,0,0,0,0,0,0,0,0,0
63073,1,1,1994,0,0,0,0,0,0,0,0,0,0
63073,2,1,1994,0,0,0,0,0,0,0,0,0,0
63074,1,1,1994,0,0,0,0,0,0,0,0,0,0
63074,2,1,1994,0,0,0,0,0,0,0,0,0,0
63075,1,1,1994,0,0,0,0,0,0,16,0,0,0
63075,2,1,1994,0,0,22,0,0,0,0,0,0,0
63075,3,1,1994,0,0,0,0,0,0,0,0,0,0
63075,4,1,1994,0,0,0,0,0,0,0,0,0,0
63076,1,1,1994,0,0,0,0,0,0,0,0,0,0
63076,2,1,1994,0,0,0,0,0,0,0,0,0,0
63077,1,1,1994,0,0,0,0,0,0,0,0,0,0
63077,2,1,1994,0,0,0,0,0,0,0,0,0,0
63077,3,1,1994,0,0,0,0,0,0,0,0,0,0
63078,1,1,1994,0,0,0,0,0,0,0,0,0,0
63078,2,1,1994,0,0,0,0,0,0,0,0,0,0
63079,1,1,1994,0,0,0,0,0,0,0,0,0,0
63079,2,1,1994,0,0,0,0,0,0,0,0,0,0
63080,1,1,1994,23,23,23,23,23,23,23,23,23,23
63080,2,1,1994,0,0,0,0,0,0,0,0,0,0
63080,3,1,1994,0,0,0,0,0,0,0,0,0,0
63081,1,1,1994,0,0,0,0,0,0,0,0,0,0
63081,2,1,1994,0,0,0,0,0,0,0,0,0,0
63082,1,1,1994,0,0,0,0,0,0,0,0,0,0
63082,2,1,1994,0,0,0,0,0,0,0,0,0,0
63082,3,1,1994,0,0,0,0,0,0,0,0,0,0
63083,1,1,1994,0,0,0,0,0,0,0,0,0,0
63083,2,1,1994,0,0,0,0,0,0,0,0,0,0
63084,1,1,1994,0,0,0,0,0,8,0,0,0,0
63084,2,1,1994,0,0,0,0,0,0,0,0,0,0
63084,3,1,1994,0,0,0,0,0,0,0,0,0,0
63085,1,1,1994,0,0,2,0,0,0,0,0,0,27
63085,2,1,1994,0,0,0,0,0,0,0,0,0,0
63086,1,1,1994,0,0,0,0,0,0,0,0,0,0
63086,2,1,1994,0,0,0,0,0,11,0,0,0,0
63086,3,1,1994,0,0,0,0,0,0,25,0,0,14
63087,1,1,1994,17,17,17,17,17,17,17,17,17,17
63088,1,1,1994,0,0,0,0,0,0,0,0,0,0
63088,2,1,1994,0,0,0,0,0,0,0,0,0,0
63089,1,1,1994,0,0,0,0,0,0,0,0,0,0
63089,2,1,1994,0,0,0,0,0,0,0,0,0,0
63090,1,1,1994,0,0,0,0,0,0,0,0,0,0
63090,2,1,1994,0,0,0,0,0,0,0,0,0,0
63091,1,1,1994,0,0,0,0,0,0,0,0,0,0
63091,2,1,1994,0,0,0,0,0,0,0,0,0,0
63092,1,1,1994,0,0,0,0,0,0,0,0,0,0
63092,2,1,1994,0,0,0,0,0,0,0,14,0,0
63093,1,1,1994,0,0,0,0,0,0,0,0,0,0
63094,1,1,1994,0,0,0,0,0,0,0,0,0,0
63094,2,1,1994,0,0,0,0,22,0,0,0,0,0
63095,1,1,1994,0,0,0,0,11,0,0,0,0,0
63095,2,1,1994,0,11,0,0,0,0,0,0,0,0
63096,1,1,1994,18,18,18,18,18,18,18,18,18,18
63096,2,1,1994,0,0,0,17,0,0,0,0,0,0
63097,1,1,1994,0,0,0,0,0,0,0,0,0,0
63097,2,1,1994,0,0,0,0,0,0,0,0,0,0
63098,1,1,1994,0,0,0,0,0,0,0,0,0,0
63098,2,1,1994,10,0,0,0,0,0,0,8,0,0
63099,1,1,1994,0,0,0,0,0,0,0,0,0,0
63099,2,1,1994,30,30,30,30,30,30,30,30,30,30
63100,1,1,1994,0,0,0,0,0,0,0,0,0,0
63100,2,1,1994,0,0,0,0,0,0,0,0,0,0
63101,1,1,1994,0,0,0,0,0,0,0,0,0,0
63102,1,1,1994,16,16,16,16,16,16,16,16,16,16
63103,0,1,1994,0,0,0,0,0,0,0,0,0,0
63103,1,1,1994,0,0,0,0,0,0,0,0,0,0
63104,1,1,1994,0,0,0,0,0,0,0,0,0,0
63104,2,1,1994,1,1,1,1,1,1,1,1,1,1
63105,1,1,1994,12,12,12,12,12,12,12,12,12,12
63105,2,1,1994,3,21,0,0,0,0,0,22,0,27
63105,3,1,1994,27,21,11,19,0,11,16,0,10,9
63105,4,1,1994,18,5,0,10,10,22,15,14,12,29
63106,1,1,1994,0,0,0,0,0,0,0,0,0,0
63106,2,1,1994,0,0,0,0,0,0,0,0,0,0
63107,1,1,1994,0,0,0,0,0,0,0,0,0,0
63107,2,1,1994,0,0,0,21,0,0,0,0,0,0
63108,0,1,1994,0,0,0,0,0,0,0,0,0,0
63108,1,1,1994,0,0,0,0,0,0,0,0,0,0
63109,1,1,1994,18,18,18,18,18,18,18,18,18,18
63109,2,1,1994,0,0,0,0,0,0,0,0,0,0
63110,0,1,1994,0,0,0,0,0,0,0,0,0,0
63110,1,1,1994,0,0,0,0,0,0,0,0,0,0
63111,1,1,1994,0,0,0,0,0,0,0,0,0,0
63112,1,1,1994,0,0,0,0,0,0,0,0,0,0
63113,1,1,1994,22,22,22,22,22,22,22,22,22,22
63114,0,1,1994,0,0,0,0,0,0,0,0,0,0
63114,1,1,1994,0,0,0,0,0,0,0,0,0,0
63115,1,1,1994,16,9,12,5,9,41,30,22,20,20
63116,0,1,1994,0,0,0,0,0,0,0,0,0,0
63116,1,1,1994,18,18,18,18,18,18,18,18,18,18
63117,1,1,1994,23,23,23,23,23,23,23,23,23,23
63118,1,1,1994,17,17,17,17,17,17,17,17,17,17
63119,1,1,1994,10,10,10,10,10,10,10,10,10,10
63120,1,1,1994,0,0,0,0,0,0,0,0,0,0
63121,1,1,1994,3,3,3,3,3,3,3,3,3,3
63122,1,1,1994,21,21,21,21,21,21,21,21,21,21
63123,1,1,1994,6,6,6,6,6,6,6,6,6,6
63124,0,1,1994,0,0,0,0,0,0,0,0,0,0
63124,1,1,1994,10,10,10,10,10,10,10,10,10,10
63125,0,1,1994,0,0,0,0,0,0,0,0,0,0
63125,1,1,1994,0,0,0,0,0,0,0,0,0,0
63126,1,1,1994,22,22,22,22,22,22,22,22,22,22
63126,2,1,1994,0,0,0,0,0,0,0,0,0,0
63127,1,1,1994,0,0,0,0,0,0,0,0,0,0
63127,2,1,1994,0,0,0,0,0,0,0,0,0,0
63128,1,1,1994,0,0,0,0,0,0,0,0,0,0
63128,2,1,1994,0,0,0,0,0,0,0,0,0,0
63129,1,1,1994,0,0,0,0,0,0,0,0,0,0
63129,2,1,1994,0,0,0,0,0,0,0,0,0,0
63130,1,1,1994,0,0,0,0,0,0,0,0,0,0
63130,2,1,1994,0,0,0,0,0,0,0,0,0,0
63131,1,1,1994,0,0,0,0,0,0,0,0,0,0
63131,2,1,1994,0,0,0,0,0,0,0,0,0,0
63132,1,1,1994,0,0,0,0,0,0,0,0,0,0
63132,2,1,1994,0,0,0,0,0,0,0,0,0,0
63132,3,1,1994,0,0,0,0,0,0,0,0,0,3
63132,4,1,1994,0,0,0,0,0,0,0,0,0,0
63133,1,1,1994,0,0,0,0,0,0,0,0,0,0
63133,2,1,1994,0,0,0,0,0,0,0,0,0,13
63134,0,1,1994,49,49,49,49,49,49,49,49,49,49
63134,1,1,1994,0,0,0,0,0,0,0,0,0,0
63135,1,1,1994,0,0,0,0,0,0,0,0,0,0
63136,0,1,1994,16,8,43,19,0,7,0,16,24,35
63136,1,1,1994,0,0,0,0,0,0,0,0,0,0
63137,0,1,1994,29,29,29,29,29,29,29,29,29,29
63137,1,1,1994,0,0,0,0,0,0,0,0,0,0
63138,1,1,1994,0,0,0,0,0,0,0,0,0,0
63138,2,1,1994,0,0,0,0,14,0,0,4,0,0
63139,1,1,1994,0,0,0,0,0,0,0,0,0,0
63139,2,1,1994,0,0,0,0,0,0,0,0,0,0
63140,1,1,1994,0,0,0,0,0,0,0,0,0,0
63141,1,1,1994,13,13,13,13,13,13,13,13,13,13
63142,1,1,1994,21,21,21,21,21,21,21,21,21,21
63142,2,1,1994,2,2,2,2,2,2,2,2,2,2
63143,1,1,1994,0,6,0,0,0,0,0,0,0,23
63143,2,1,1994,0,0,0,0,26,0,0,0,0,0
63144,1,1,1994,19,19,19,19,19,19,19,19,19,19
63144,2,1,1994,0,0,0,0,0,0,0,0,0,0
63145,1,1,1994,0,0,21,0,0,19,0,0,0,0
63145,2,1,1994,0,0,0,0,0,0,0,0,0,0
63146,1,1,1994,8,17,51,20,20,15,4,12,7,19
63147,1,1,1994,22,22,22,22,22,22,22,22,22,22
63148,1,1,1994,0,0,0,0,0,0,0,0,0,0
63149,1,1,1994,26,26,26,26,26,26,26,26,26,26
63150,1,1,1994,21,21,21,21,21,21,21,21,21,21
63151,1,1,1994,0,0,0,0,0,0,0,0,0,0
63151,2,1,1994,18,18,18,18,18,18,18,18,18,18
63152,0,1,1994,0,0,0,0,0,0,0,0,0,0
63152,1,1,1994,0,0,0,0,0,0,0,0,0,0
63153,1,1,1994,0,0,0,0,12,0,0,0,0,0
63153,2,1,1994,2,2,2,2,2,2,2,2,2,2
63153,3,1,1994,0,30,0,12,0,0,0,0,0,0
63154,0,1,1994,0,0,0,0,0,0,0,0,0,0
63154,1,1,1994,0,0,0,0,0,0,0,0,0,0
63155,1,1,1994,0,0,0,0,0,0,0,0,0,0
63156,1,1,1994,21,21,21,21,21,21,21,21,21,21
63157,0,1,1994,34,34,34,34,34,34,34,34,34,34
63157,1,1,1994,0,0,0,0,0,0,0,0,0,0
63158,1,1,1994,0,0,0,0,0,0,0,0,0,0
63159,0,1,1994,0,0,0,0,0,0,0,0,0,0
63159,1,1,1994,0,0,0,0,0,0,0,0,0,0
63160,0,1,1994,0,0,0,0,0,0,0,0,0,0
63160,1,1,1994,0,0,0,0,0,0,0,0,0,0
63161,0,1,1994,21,21,21,21,21,21,21,21,21,21
63161,1,1,1994,0,0,0,0,0,0,0,0,0,0
63162,1,1,1994,13,13,13,13,13,13,13,13,13,13
63163,1,1,1994,6,6,6,6,6,6,6,6,6,6
63164,0,1,1994,0,0,0,0,0,0,0,0,0,0
63164,1,1,1994,0,0,0,0,0,0,0,0,0,0
63165,0,1,1994,27,27,27,27,27,27,27,27,27,27
63165,1,1,1994,0,0,0,21,0,0,0,0,0,0
63166,1,1,1994,27,27,27,27,27,27,27,27,27,27
63167,0,1,1994,0,0,0,0,0,0,0,0,0,0
63167,1,1,1994,0,0,0,0,0,0,0,0,0,0
63168,1,1,1994,0,0,0,0,0,0,0,0,0,0
63169,1,1,1994,16,16,16,16,16,16,16,16,16,16
63170,1,1,1994,0,0,0,0,0,0,0,0,0,0
63171,0,1,1994,0,0,0,0,0,0,0,0,0,0
63171,1,1,1994,0,0,0,0,0,0,0,0,0,0
63172,1,1,1994,0,16,0,0,0,0,24,9,8,0
63173,0,1,1994,0,0,0,0,0,0,0,0,0,0
63173,1,1,1994,0,0,0,0,0,0,0,0,0,0
63174,0,1,1994,19,20,25,9,8,23,12,29,20,16
63174,1,1,1994,0,0,0,0,0,0,0,0,0,0
63175,0,1,1994,0,0,0,0,0,0,0,0,0,0
63175,1,1,1994,0,0,0,0,0,0,0,0,0,0
63176,0,1,1994,0,0,0,0,0,0,0,0,0,0
63176,1,1,1994,0,0,0,0,0,0,0,0,0,0
63177,1,1,1994,0,0,0,0,0,0,0,0,0,0
63178,0,1,1994,34,34,34,34,34,34,34,34,34,34
63178,1,1,1994,0,0,0,0,0,0,0,0,0,0
63179,1,1,1994,0,0,0,0,0,0,0,0,0,0
63180,1,1,1994,0,0,0,0,0,0,0,0,0,0
63181,0,1,1994,20,20,20,20,20,20,20,20,20,20
63181,1,1,1994,0,0,21,0,0,0,0,10,0,0
63182,0,1,1994,20,20,20,20,20,20,20,20,20,20
63182,1,1,1994,0,0,0,0,0,20,0,0,0,6
63183,0,1,1994,0,0,0,0,0,0,0,0,0,0
63183,0,2,1994,24,0,14,0,0,0,38,9,0,20
63183,1,1,1994,0,9,4,16,0,0,0,0,0,32
63184,0,1,1994,0,0,0,0,0,0,0,0,0,0
63184,1,1,1994,17,20,20,15,0,0,18,16,28,26
63185,1,1,1994,0,0,0,0,0,0,0,0,0,0
63186,0,1,1994,0,0,0,0,0,0,0,0,0,0
63186,1,1,1994,0,0,0,0,0,0,0,0,0,0
63187,1,1,1994,14,14,14,14,14,14,14,14,14,14
63188,1,1,1994,14,14,14,14,14,14,14,14,14,14
63189,0,1,1994,0,0,0,0,0,0,0,0,0,0
63189,1,1,1994,11,20,0,0,22,0,16,10,0,22
63190,0,1,1994,0,0,31,0,0,0,0,0,0,0
63190,1,1,1994,0,0,0,0,0,0,0,0,0,0
63191,0,1,1994,0,0,0,0,0,0,0,0,0,0
63191,1,1,1994,0,0,0,0,0,0,0,0,0,0
63192,0,1,1994,0,0,0,0,0,0,0,6,0,0
63192,1,1,1994,0,0,0,0,0,0,0,0,0,0
63193,0,1,1994,27,27,27,27,27,27,27,27,27,27
63193,1,1,1994,0,0,0,0,0,0,0,0,0,0
63194,1,1,1994,0,0,0,0,0,0,0,0,0,0
63195,1,1,1994,2,2,2,2,2,2,2,2,2,2
63196,1,1,1994,6,6,6,6,6,6,6,6,6,6
63197,1,1,1994,12,12,12,12,12,12,12,12,12,12
63198,1,1,1994,0,0,0,0,0,0,0,0,0,0
63199,0,1,1994,0,0,0,0,0,0,0,0,0,0
63199,1,1,1994,0,0,0,5,0,0,0,0,0,0
63200,1,1,1994,0,0,0,0,0,0,0,0,0,0
63201,1,1,1994,0,0,0,0,0,0,0,0,0,0
63202,1,1,1994,0,0,0,0,0,0,0,0,0,0
63203,1,1,1994,0,0,0,0,12,0,0,0,0,0
63204,0,1,1994,0,0,0,0,0,0,0,0,0,0
63204,1,1,1994,0,0,0,0,0,0,0,0,0,0
63205,1,1,1994,16,16,16,16,16,16,16,16,16,16
63206,1,1,1994,0,0,0,0,0,0,0,0,0,0
63207,1,1,1994,0,0,0,0,0,0,0,0,0,0
63207,2,1,1994,0,0,0,0,0,0,0,0,0,0
63208,1,1,1994,0,0,0,0,0,0,0,0,0,0
63208,2,1,1994,0,0,0,0,0,0,0,0,0,0
63209,1,1,1994,0,0,0,0,0,0,0,0,0,0
63209,2,1,1994,0,0,0,0,0,0,0,0,0,0
63209,3,1,1994,0,0,0,0,0,0,0,0,0,0
63209,4,1,1994,0,0,0,0,0,0,0,0,0,0
63210,1,1,1994,0,0,0,0,0,0,0,0,0,0
63210,2,1,1994,3,3,3,3,3,3,3,3,3,3
63211,1,1,1994,0,0,0,0,0,0,0,0,0,0
63211,2,1,1994,0,0,0,0,0,0,0,0,0,0
63212,1,1,1994,0,0,0,0,0,0,0,0,0,0
63212,2,1,1994,0,0,0,0,0,0,0,0,0,0
63213,1,1,1994,0,0,0,0,0,0,0,0,0,0
63213,2,1,1994,0,0,0,0,0,0,0,0,0,0
63214,1,1,1994,0,0,0,0,0,0,0,0,0,0
63214,2,1,1994,0,0,0,0,0,0,0,0,0,19
63215,0,1,1994,0,0,0,0,0,0,0,0,0,0
63215,1,1,1994,0,0,0,0,0,0,0,0,0,0
63215,2,1,1994,0,0,0,0,0,9,0,9,0,0
63216,1,1,1994,16,16,16,16,16,16,16,16,16,16
63216,2,1,1994,0,0,0,0,0,0,0,0,0,0
63217,1,1,1994,0,0,11,0,0,0,0,0,0,0
63217,2,1,1994,0,0,0,0,0,0,14,29,0,0
63217,3,1,1994,0,8,0,0,0,0,0,0,0,0
63218,1,1,1994,5,0,0,0,0,24,0,0,0,0
63218,2,1,1994,0,0,0,0,0,0,0,0,0,0
63219,1,1,1994,0,0,0,0,9,0,0,0,0,0
63219,2,1,1994,0,0,0,0,0,0,0,0,0,0
63220,1,1,1994,25,25,25,25,25,25,25,25,25,25
63220,2,1,1994,0,0,0,0,0,0,0,0,0,0
63221,1,1,1994,0,0,0,0,0,0,0,1,0,0
63221,2,1,1994,0,0,0,0,0,0,0,0,0,0
63221,3,1,1994,0,0,0,0,0,0,0,0,0,0
63222,1,1,1994,0,0,0,0,0,0,0,0,0,0
63222,2,1,1994,21,21,21,21,21,21,21,21,21,21
63222,3,1,1994,0,0,0,0,0,0,0,0,0,0
63222,4,1,1994,0,0,0,0,0,0,0,0,0,0
63223,1,1,1994,0,0,0,0,0,0,0,0,0,0
63223,2,1,1994,0,0,0,0,0,0,0,0,0,0
63224,1,1,1994,0,0,0,0,0,0,0,0,0,0
63224,2,1,1994,0,0,0,0,0,0,0,0,0,0
63225,1,1,1994,0,0,0,0,0,0,0,0,0,0
63226,1,1,1994,0,0,0,0,0,0,0,0,0,0
63226,2,1,1994,0,0,0,0,0,0,0,0,0,0
63227,1,1,1994,0,0,0,0,0,0,0,0,0,0
63227,2,1,1994,0,0,0,0,0,0,0,0,0,0
63227,3,1,1994,0,0,0,0,0,0,0,0,0,0
63228,1,1,1994,0,0,0,20,0,0,0,0,0,0
63228,2,1,1994,0,0,0,0,0,0,0,0,0,0
63229,1,1,1994,0,0,0,0,0,0,0,0,0,0
63229,2,1,1994,0,0,0,0,0,0,0,0,0,0
63230,0,1,1994,0,0,0,0,0,0,0,0,0,0
63230,1,1,1994,0,0,0,0,0,0,0,0,0,0
63230,2,1,1994,11,0,0,0,0,0,0,0,0,0
63231,1,1,1994,0,0,0,0,0,0,0,0,0,0
63231,2,1,1994,0,0,0,0,0,0,0,0,0,0
63232,1,1,1994,0,0,0,0,0,0,0,0,0,0
63232,2,1,1994,18,0,0,0,0,0,0,0,0,0
63233,1,1,1994,0,0,0,0,0,0,0,0,0,0
63234,0,1,1994,0,0,0,0,0,0,0,0,0,0
63234,1,1,1994,0,0,0,0,0,0,0,0,0,0
63234,2,1,1994,0,0,0,0,0,0,0,0,0,0
63234,3,1,1994,0,0,0,0,0,0,18,0,0,0
63235,1,1,1994,0,0,0,0,0,0,0,0,0,0
63235,2,1,1994,0,0,7,0,0,0,0,0,0,0
63236,1,1,1994,0,0,0,0,0,0,0,0,0,0
63236,2,1,1994,0,0,0,0,0,0,0,0,0,0
63237,0,1,1994,0,8,0,0,22,0,0,0,0,0
63237,1,1,1994,0,0,0,0,0,0,0,0,0,0
63238,0,1,1994,0,0,0,0,0,0,0,0,15,15
63238,0,2,1994,15,0,0,0,0,15,9,0,25,12
63238,1,1,1994,0,0,0,0,0,0,0,0,0,0
63239,1,1,1994,0,0,0,0,0,0,0,0,0,0
63239,2,1,1994,0,0,0,0,0,0,0,0,0,0
63240,1,1,1994,0,0,0,0,0,0,0,0,0,0
63240,2,1,1994,0,0,0,0,0,0,0,0,0,0
63241,1,1,1994,0,0,0,0,0,0,0,0,0,0
63241,2,1,1994,0,0,0,0,0,0,0,0,0,0
63242,1,1,1994,0,0,0,0,0,0,0,0,0,0
63242,2,1,1994,0,0,0,0,0,0,0,0,0,0
63243,1,1,1994,0,0,0,0,0,0,0,0,0,0
63243,2,1,1994,0,0,0,0,0,0,0,0,0,0
63244,1,1,1994,0,20,0,0,4,0,0,13,0,0
63244,2,1,1994,0,21,0,22,0,0,11,0,0,0
63245,1,1,1994,0,0,0,0,0,0,0,0,0,0
63245,2,1,1994,0,0,0,0,0,0,0,0,0,0
63246,0,1,1994,0,0,0,0,0,0,0,0,0,0
63246,1,1,1994,0,0,0,0,0,0,0,0,0,0
63247,0,1,1994,4,4,4,4,4,4,4,4,4,4
63247,1,1,1994,0,0,0,0,0,0,0,0,0,0
63248,1,1,1994,0,0,0,0,0,0,0,0,0,0
63248,2,1,1994,0,0,0,0,0,0,0,0,0,0
63249,0,1,1994,0,0,0,0,0,0,14,6,0,0
63249,0,2,1994,22,6,3,0,0,0,6,16,15,18
63249,1,1,1994,0,0,0,0,0,0,0,0,0,0
63250,1,1,1994,0,0,0,0,0,0,0,0,0,0
63250,2,1,1994,0,0,0,0,0,0,0,0,0,0
63251,1,1,1994,0,0,0,0,0,0,0,0,0,0
63251,2,1,1994,0,0,0,0,0,0,0,0,0,0
63252,1,1,1994,0,0,11,26,0,0,0,0,13,16
63252,2,1,1994,0,0,0,9,0,0,7,0,0,0
63253,1,1,1994,10,10,10,10,10,10,10,10,10,10
63253,2,1,1994,0,0,0,0,0,0,0,0,0,0
63254,1,1,1994,0,0,0,0,0,0,0,0,0,0
63254,2,1,1994,0,0,0,0,0,0,0,0,0,0
63255,1,1,1994,0,0,0,0,0,0,0,0,0,0
63255,2,1,1994,0,0,0,0,0,0,0,0,0,0
63256,1,1,1994,14,14,14,14,14,14,14,14,14,14
63256,2,1,1994,18,18,18,18,18,18,18,18,18,18
63256,3,1,1994,0,0,10,16,0,0,0,0,17,0
63257,1,1,1994,0,0,0,0,0,0,0,0,0,0
63257,2,1,1994,0,0,0,0,0,0,0,0,0,0
63258,1,1,1994,15,15,15,15,15,15,15,15,15,15
63258,2,1,1994,0,0,0,0,0,0,0,0,0,0
63259,1,1,1994,0,0,0,0,0,0,0,0,0,0
63259,2,1,1994,0,0,0,0,0,0,0,0,0,0
63260,1,1,1994,16,16,16,16,16,16,16,16,16,16
63260,2,1,1994,0,0,0,0,0,0,0,0,0,0
63261,1,1,1994,0,0,0,0,0,0,0,0,0,0
63261,2,1,1994,0,0,0,0,0,0,0,0,0,0
63262,1,1,1994,0,0,0,0,0,0,0,0,0,0
63262,2,1,1994,0,0,0,0,0,0,0,0,0,0
63263,1,1,1994,0,0,0,0,0,0,0,0,0,0
63263,2,1,1994,0,0,12,0,0,14,0,0,0,0
63264,1,1,1994,0,0,0,0,0,0,0,0,0,0
63264,2,1,1994,0,0,0,0,0,0,0,0,0,0
63265,0,1,1994,25,44,9,31,20,40,34,9,14,34
63265,1,1,1994,0,0,0,0,0,0,0,0,0,0
63266,1,1,1994,9,9,9,9,9,9,9,9,9,9
63266,2,1,1994,0,0,0,12,0,0,0,0,0,11
63267,1,1,1994,6,6,6,6,6,6,6,6,6,6
63268,1,1,1994,0,0,0,0,0,0,0,0,0,0
63269,1,1,1994,0,0,0,0,0,0,0,0,0,0
63269,2,1,1994,0,0,0,0,0,0,0,0,0,0
63270,1,1,1994,0,0,0,0,0,0,0,0,0,0
63270,2,1,1994,0,0,0,0,0,0,0,0,0,0
63271,1,1,1994,4,4,4,4,4,4,4,4,4,4
63272,1,1,1994,18,18,18,18,18,18,18,18,18,18
63272,2,1,1994,0,0,0,0,0,0,0,0,0,0
63273,1,1,1994,24,24,24,24,24,24,24,24,24,24
63273,2,1,1994,0,0,0,0,0,0,0,0,0,0
63274,0,1,1994,29,29,29,29,29,29,29,29,29,29
63274,1,1,1994,0,0,0,0,0,0,0,0,0,15
63275,1,1,1994,8,8,8,8,8,8,8,8,8,8
63276,1,1,1994,0,0,0,0,0,0,0,0,0,0
63276,2,1,1994,8,8,8,8,8,8,8,8,8,8
63277,1,1,1994,0,0,0,0,0,0,0,0,0,0
63278,1,1,1994,0,0,0,0,0,0,0,0,0,0
63278,2,1,1994,0,0,0,0,0,0,0,0,0,0
63279,1,1,1994,0,0,0,0,0,0,0,0,0,0
63280,1,1,1994,11,11,11,11,11,11,11,11,11,11
63281,1,1,1994,35,35,35,35,35,35,35,35,35,35
63281,2,1,1994,0,0,0,0,0,0,0,0,0,8
63282,1,1,1994,0,26,12,18,16,0,27,8,23,32
63283,1,1,1994,0,0,0,0,0,0,0,0,0,0
63284,0,1,1994,0,0,0,0,0,0,0,0,0,0
63284,1,1,1994,0,0,0,11,0,31,9,0,0,3